id,name,model_id:id,group_id:id,perm_read,perm_write,perm_create,perm_unlink
access_hr_reminder_contract_template,access_hr_reminder_contract_template,model_hr_reminder_contract_template,,1,1,1,0
hr_contract.access_hr_contract_type_user,hr.contract.type.user,hr_contract.model_hr_contract_type,hr.group_hr_user,1,0,0,0
hr_contract.access_hr_contract_user,hr.contract.user,hr_contract.model_hr_contract,hr.group_hr_user,1,1,1,0
access_hr_contract_employee_user,hr.contract.user,hr_contract.model_hr_contract,base.group_user,1,0,0,0
access_hr_contract_template,access_hr_contract_template,model_hr_contract_template,hr.group_hr_user,1,1,1,1
access_hr_contract_template_wizard,access_hr_contract_template_wizard,model_hr_contract_template_wizard,hr.group_hr_user,1,1,1,1