<?xml version="1.0" encoding="UTF-8"?>
<odoo>

        <record id="user_hr_contract_rule" model="ir.rule">
            <field name="name">My Contract</field>
            <field ref="hr_contract.model_hr_contract" name="model_id"/>
            <field name="domain_force">[('employee_id', 'in', user.employee_ids.ids)]</field>
            <field name="perm_write" eval="True"/>
            <field name="perm_create" eval="True"/>
            <field name="perm_read" eval="True"/>
            <field name="perm_unlink" eval="True"/>
            <field name="groups" eval="[(4, ref('base.group_user'))]"/>
        </record>

        <record id="hr_user_hr_contract_rule" model="ir.rule">
            <field name="name">Contract</field>
            <field ref="hr_contract.model_hr_contract" name="model_id"/>
            <field name="domain_force">[]</field>
            <field name="perm_write" eval="True"/>
            <field name="perm_create" eval="True"/>
            <field name="perm_read" eval="True"/>
            <field name="perm_unlink" eval="True"/>
            <field name="groups" eval="[(4, ref('hr.group_hr_user'))]"/>
        </record>

</odoo>


