<?xml version="1.0" encoding="utf-8"?>
<odoo>
	<record id="ir_rule_hr_expense_manager" model="ir.rule">
            <field name="name">Manager KRA</field>
            <field name="model_id" ref="model_employee_kra"/>
            <field name="domain_force">[(1, '=', 1)]</field>
            <field name="groups" eval="[
                
                (4, ref('hr.group_hr_manager'))]"/>
        </record>
   
    <record id="ir_rule_hr_expense_employee" model="ir.rule">
            <field name="name">Employee KRA</field>
            <field name="model_id" ref="model_employee_kra"/>
            <field name="domain_force">[('employee_id.user_id', '=', user.id)]</field>
            <field name="groups" eval="[(4, ref('base.group_user'))]"/>
        </record>
</odoo>