<?xml version="1.0" encoding="utf-8"?>
<odoo>
    <data noupdate="1">
        <!-- Sequences for nh_scm.stock_request -->
        <record id="seq_entity_summary" model="ir.sequence">
            <field name="name">Entity Attendance Summary Sequence</field>
            <field name="code">hr.entity.attendance.summary</field>
            <field name="prefix">ETAS</field>
            <field name="padding">5</field>
            <field name="company_id" eval="False"/>
        </record>
         <record id="seq_employee_summary" model="ir.sequence">
            <field name="name">Employee Attendance Summary Sequence</field>
            <field name="code">hr.employee.attendance.summary</field>
            <field name="prefix">EMAS</field>
            <field name="padding">5</field>
            <field name="company_id" eval="False"/>
        </record>
    </data>
</odoo>
