<?xml version="1.0" encoding="utf-8"?>
<odoo>
    <data>

        <record id="training_product_01" model="product.product">
            <field name="name">Training</field>
            <field name="type">service</field>
            <field name="is_training" eval="True" />
            <field name="purchase_ok" eval="True" />
            <field name="responsible_id" ref="base.user_root" />
            <field name="categ_id" ref="product.product_category_all"/>
        </record>

    </data>
</odoo>