<?xml version="1.0"?>
<odoo noupdate="1">
	<record forcecreate="True" id="cron_download_data_02" model="ir.cron">
		<field name="name">Download Data V02</field>
        <field eval="True" name="active" />
        <field name="user_id" ref="base.user_root" />
        <field name="interval_number">1</field>
        <field name="nextcall" eval="(DateTime.now() + timedelta(days=1)).strftime('%Y-%m-%d 12:00:00')" />
        <field name="interval_type">days</field>
        <field name="numbercall">-1</field>
        <field eval="True" name="doall" />

        <field name="model_id" ref="its_hr_zk_attendance_extend.model_zk_machine" />
		<field name="state">code</field>
		<field name="code">model.cron_download()</field>
	</record>

    <record forcecreate="True" id="cron_process_data" model="ir.cron">
        <field name="name">Traitement des fichiers de sauvegarde stockés</field>
        <field eval="True" name="active" />
        <field name="user_id" ref="base.user_root" />
        <field name="interval_number">1</field>
        <field name="nextcall" eval="(DateTime.now() + timedelta(days=1)).strftime('%Y-%m-%d 12:10:00')" />
        <field name="interval_type">days</field>
        <field name="numbercall">-1</field>
        <field eval="True" name="doall" />

        <field name="model_id" ref="its_hr_zk_attendance_extend.model_zk_machine" />
        <field name="state">code</field>
        <field name="code">model.cron_process_data()</field>
        <field name="priority">1</field>
    </record>

    <record id="config_path_file_att_download" model="ir.config_parameter">
            <field name="key">path_file_att_download</field>
            <field name="value">/usr/tmp</field>
    </record>
<!--CRON structured hr attendances datas-->
    <record forcecreate="True" id="cron_structured_attendances_logs" model="ir.cron">
        <field name="name">Structured attendances datas.</field>
        <field eval="True" name="active" />
        <field name="user_id" ref="base.user_root" />
        <field name="interval_number">1</field>
        <field name="nextcall" eval="(DateTime.now() + timedelta(days=1)).strftime('%Y-%m-%d 12:00:00')" />
        <field name="interval_type">days</field>
        <field name="numbercall">-1</field>
        <field eval="True" name="doall" />

        <field name="model_id" ref="its_hr_zk_attendance_extend.model_zk_machine" />
        <field name="state">code</field>
        <field name="code">model.cron_structured_attendances_logs()</field>
    </record>


</odoo>
