<?xml version="1.0"?>
<odoo noupdate="1">

    <record id="location_device_1" model="zk.machine.location">
        <field name="location_name">SOA</field>
        <field name="description">Nkolfoulou SOA</field>
    </record>
    <record id="location_device_2" model="zk.machine.location">
        <field name="location_name">ETOUDI</field>
        <field name="description">ETOUDI</field>
    </record>
    <record id="location_device_3" model="zk.machine.location">
        <field name="location_name">DOUALA</field>
        <field name="description">DOUALA</field>
    </record>

</odoo>
