<?xml version="1.0" encoding="utf-8"?>
<odoo>
    <data>

        <record id="hr_disciplinary_tracking.action_category_susp" model="action.category">
            <field name="code">SUSPENSION</field>
            <field name="name">Suspend the Employee for one days</field>
        </record>

        <record id="hr_disciplinary_tracking.action_category_susp2" model="action.category">
            <field name="code">SUSPENSION2</field>
            <field name="name">Suspend the Employee for two days</field>
        </record>

        <record id="hr_disciplinary_tracking.action_category_susp3" model="action.category">
            <field name="code">SUSPENSION3</field>
            <field name="name">Suspend the Employee for three days</field>
        </record>

        <record id="hr_disciplinary_tracking.action_category_susp4" model="action.category">
            <field name="code">SUSPENSION4</field>
            <field name="name">Suspend the Employee for four days</field>
        </record>

        <record id="hr_disciplinary_tracking.action_category_susp5" model="action.category">
            <field name="code">SUSPENSION5</field>
            <field name="name">Suspend the Employee for five days</field>
        </record>

        <record id="hr_disciplinary_tracking.action_category_susp6" model="action.category">
            <field name="code">SUSPENSION6</field>
            <field name="name">Suspend the Employee for six days</field>
        </record>

        <record id="hr_disciplinary_tracking.action_category_susp7" model="action.category">
            <field name="code">SUSPENSION7</field>
            <field name="name">Suspend the Employee for seven days</field>
        </record>

        <record id="hr_disciplinary_tracking.action_category_susp8" model="action.category">
            <field name="code">SUSPENSION8</field>
            <field name="name">Suspend the Employee for eight days</field>
        </record>
    
    </data>
</odoo>