<?xml version="1.0" encoding="utf-8"?>
<odoo>
    <data>

        <!--Discipline Risk Creation-->

        <record id="discipline_risk_1" model="hr.disciplinary.risk">
            <field name="name">Alcoholic</field>
        </record>
        <record id="discipline_risk_2" model="hr.disciplinary.risk">
            <field name="name">latecomer</field>
        </record>
        <record id="discipline_risk_3" model="hr.disciplinary.risk">
            <field name="name">disrespectful</field>
        </record>

    </data>
</odoo>