<?xml version="1.0" encoding="utf-8"?>
<odoo>
    <data>

        <!--Discipline Category Creation-->

        <record id="discipline_category_1" model="discipline.category">
            <field name="code">CATEGORY_1</field>
            <field name="name">Neglect of duty</field>
        </record>
        <record id="discipline_category_2" model="discipline.category">
            <field name="code">CATEGORY_2</field>
            <field name="name">Insubordination or refusal to comply with employer's instructions, unless such instructions are injurious to the employee's safety and health</field>
        </record>
        <record id="discipline_category_3" model="discipline.category">
            <field name="code">CATEGORY_3</field>
            <field name="name">Immoral or indecent conduct</field>
        </record>
        <record id="discipline_category_4" model="discipline.category">
            <field name="code">CATEGORY_4</field>
            <field name="name">Conviction of a felony</field>
        </record>
         <record id="discipline_category_5" model="discipline.category">
            <field name="code">CATEGORY_5</field>
            <field name="name">Sexual misconduct</field>
        </record>
        <record id="discipline_category_6" model="discipline.category">
            <field name="code">CATEGORY_6</field>
            <field name="name">Consensual sexual relations</field>
        </record>
        <record id="discipline_category_7" model="discipline.category">
            <field name="code">CATEGORY_7</field>
            <field name="name">Employment of relatives (nepotism)</field>
        </record>
        <record id="discipline_category_8" model="discipline.category">
            <field name="code">CATEGORY_8</field>
            <field name="name">Consensual sexual relations</field>
        </record>
        <record id="discipline_category_9" model="discipline.category">
            <field name="code">CATEGORY_9</field>
            <field name="name">Loss of trustworthy</field>
        </record>
        <record id="discipline_category_10" model="discipline.category">
            <field name="code">CATEGORY_10</field>
            <field name="name">heavy mistake</field>
        </record>
        <record id="discipline_category_11" model="discipline.category">
            <field name="code">CATEGORY_11</field>
            <field name="name">succession of minor faults</field>
        </record>
        <record id="discipline_category_12" model="discipline.category">
            <field name="code">CATEGORY_12</field>
            <field name="name">succession of minor faults</field>
        </record>
        <record id="discipline_category_13" model="discipline.category">
            <field name="code">CATEGORY_13</field>
            <field name="name">Incarceration</field>
        </record>


    </data>
</odoo>