<odoo>
    <data noupdate="0">
            <record id="public_holidays_attendance_cron" forcecreate='True' model="ir.cron">
                <field name="name">Public Holiday Auto Attendance</field>
                <field name="active" eval="True" />
                <field name="user_id" ref="base.user_root" />
                <field name="interval_number">1</field>
                <field name="interval_type">days</field>
                <field name="numbercall">-1</field>
                <field name="state">code</field>
                <field name="doall">0</field>
                <field name="nextcall" eval="datetime.now(pytz.timezone('UTC')).strftime('%Y-%m-%d 04:00:00')" />
                <field name="model_id" ref="model_hr_holidays_public_line" />
                <field name="code">model.cron_to_fill_attendance_on_holidays</field>
                <!--<field name="priority" eval="5" />-->
            </record>
    </data>
</odoo>