<?xml version="1.0"?>
<odoo>
<data noupdate="1">
    <record model="hr.holidays.public" id="hr_holiday_public_1">
        <field name="year" eval="time.strftime('%Y')"></field>
        <field name="country_id">47</field>
    </record>
    <record model="hr.holidays.public.line" id="hr_holiday_public_line_new_year">
        <field name="name">New Year's Day</field>
        <field name="date" eval="time.strftime('%Y-01-01')"/>
        <field name="year_id" ref="hr_holiday_public_1"/>
        <field name="variable_date" eval="False"/>
    </record>

    <record model="hr.holidays.public.line" id="hr_holiday_public_line_youth_day">
        <field name="name">Youth Day</field>
        <field name="date" eval="time.strftime('%Y-02-11')"/>
        <field name="year_id" ref="hr_holiday_public_1"/>
        <field name="variable_date" eval="False"/>
    </record>

    <record model="hr.holidays.public.line" id="hr_holiday_public_line_labour_day">
        <field name="name">Labour Day</field>
        <field name="date" eval="time.strftime('%Y-05-01')"/>
        <field name="year_id" ref="hr_holiday_public_1"/>
        <field name="variable_date" eval="False"/>
    </record>

    <record model="hr.holidays.public.line" id="hr_holiday_public_line_national_day">
        <field name="name">National Day</field>
        <field name="date" eval="time.strftime('%Y-05-20')"/>
        <field name="year_id" ref="hr_holiday_public_1"/>
        <field name="variable_date" eval="False"/>
    </record>

    <record model="hr.holidays.public.line" id="hr_holiday_public_line_assumption">
        <field name="name">Assumption</field>
        <field name="date" eval="time.strftime('%Y-08-15')"/>
        <field name="year_id" ref="hr_holiday_public_1"/>
        <field name="variable_date" eval="False"/>
    </record>

    <record model="hr.holidays.public.line" id="hr_holiday_public_line_christmas">
        <field name="name">Christmas</field>
        <field name="date" eval="time.strftime('%Y-12-25')"/>
        <field name="year_id" ref="hr_holiday_public_1"/>
        <field name="variable_date" eval="False"/>
    </record>
</data>
</odoo>