<?xml version="1.0" encoding="utf-8"?>
<odoo>

    <data>

        <record id="attendance_req_subject_1" model="hr.attendance.request.subject">
            <field name="key">missing</field>
            <field name="description">Missing</field>
        </record>
        <record id="attendance_req_subject_2" model="hr.attendance.request.subject">
            <field name="key">ill</field>
            <field name="description">Ill</field>
        </record>
        <record id="attendance_req_subject_3" model="hr.attendance.request.subject">
            <field name="key">remote</field>
            <field name="description">Remote</field>
        </record>
        <record id="attendance_req_subject_4" model="hr.attendance.request.subject">
            <field name="key">permission</field>
            <field name="description">Permission</field>
        </record>
        <record id="attendance_req_subject_5" model="hr.attendance.request.subject">
            <field name="key">holidays</field>
            <field name="description">Holidays</field>
        </record>

    </data>

</odoo>
