<?xml version="1.0" encoding="utf-8"?>
<odoo>

    <data noupdate="1">

        <record id="resource.resource_calendar_std_35h" model="resource.calendar">
            <field name="name">Standard 35 Hours/Week</field>
            <field name="company_id" ref="base.main_company"/>
            <field name="attendance_ids"
                   eval="[
                (0, 0, {'name': 'Monday Morning', 'dayofweek': '0', 'type': 'morning', 'hour_from': 8, 'hour_to': 12}),
                (0, 0, {'name': 'Monday Evening', 'dayofweek': '0', 'type': 'evening', 'hour_from': 13, 'hour_to': 16}),
                (0, 0, {'name': 'Tuesday Morning', 'dayofweek': '1', 'type': 'morning', 'hour_from': 8, 'hour_to': 12}),
                (0, 0, {'name': 'Tuesday Evening', 'dayofweek': '1', 'type': 'evening', 'hour_from': 13, 'hour_to': 16}),
                (0, 0, {'name': 'Wednesday Morning', 'dayofweek': '2', 'type': 'morning', 'hour_from': 8, 'hour_to': 12}),
                (0, 0, {'name': 'Wednesday Evening', 'dayofweek': '2', 'type': 'evening', 'hour_from': 13, 'hour_to': 16}),
                (0, 0, {'name': 'Thursday Morning', 'dayofweek': '3', 'type': 'morning', 'hour_from': 8, 'hour_to': 12}),
                (0, 0, {'name': 'Thursday Evening', 'dayofweek': '3', 'type': 'evening', 'hour_from': 13, 'hour_to': 16}),
                (0, 0, {'name': 'Friday Morning', 'dayofweek': '4', 'type': 'morning', 'hour_from': 8, 'hour_to': 12}),
                (0, 0, {'name': 'Friday Evening', 'dayofweek': '4', 'type': 'evening', 'hour_from': 13, 'hour_to': 16})
            ]" />
        </record>

        <record id="resource.resource_calendar_std_38h" model="resource.calendar">
            <field name="name">Standard 38 Hours/Week</field>
            <field name="company_id" ref="base.main_company"/>
            <field name="attendance_ids"
                   eval="[
                (0, 0, {'name': 'Monday Morning', 'dayofweek': '0', 'type': 'morning', 'hour_from': 8, 'hour_to': 12}),
                (0, 0, {'name': 'Monday Evening', 'dayofweek': '0', 'type': 'evening', 'hour_from': 13, 'hour_to': 16.6}),
                (0, 0, {'name': 'Tuesday Morning', 'dayofweek': '1', 'type': 'morning', 'hour_from': 8, 'hour_to': 12}),
                (0, 0, {'name': 'Tuesday Evening', 'dayofweek': '1', 'type': 'evening', 'hour_from': 13, 'hour_to': 16.6}),
                (0, 0, {'name': 'Wednesday Morning', 'dayofweek': '2', 'type': 'morning', 'hour_from': 8, 'hour_to': 12}),
                (0, 0, {'name': 'Wednesday Evening', 'dayofweek': '2', 'type': 'evening', 'hour_from': 13, 'hour_to': 16.6}),
                (0, 0, {'name': 'Thursday Morning', 'dayofweek': '3', 'type': 'morning', 'hour_from': 8, 'hour_to': 12}),
                (0, 0, {'name': 'Thursday Evening', 'dayofweek': '3', 'type': 'evening', 'hour_from': 13, 'hour_to': 16.6}),
                (0, 0, {'name': 'Friday Morning', 'dayofweek': '4', 'type': 'morning', 'hour_from': 8, 'hour_to': 12}),
                (0, 0, {'name': 'Friday Evening', 'dayofweek': '4', 'type': 'evening', 'hour_from': 13, 'hour_to': 16.6})
            ]" />
        </record>

    </data>

</odoo>
