<?xml version="1.0" encoding="utf-8"?>
<odoo>
    <data>

        <record id="its_hr_convention.payslip_category_trade_01" model="hr.payslip.category">
            <field name="category">I</field>
            <field name="echelon">A</field>
            <field name="salary">46518</field>
            <field name="convention_id" ref="its_hr_convention.convention_commerce" />
        </record>

        <record id="its_hr_convention.payslip_category_trade_02" model="hr.payslip.category">
            <field name="category">I</field>
            <field name="echelon">B</field>
            <field name="salary">48255</field>
            <field name="convention_id" ref="its_hr_convention.convention_commerce" />
        </record>

        <record id="its_hr_convention.payslip_category_trade_03" model="hr.payslip.category">
            <field name="category">I</field>
            <field name="echelon">C</field>
            <field name="salary">49990</field>
            <field name="convention_id" ref="its_hr_convention.convention_commerce" />
        </record>

        <record id="its_hr_convention.payslip_category_trade_04" model="hr.payslip.category">
            <field name="category">I</field>
            <field name="echelon">D</field>
            <field name="salary">51725</field>
            <field name="convention_id" ref="its_hr_convention.convention_commerce" />
        </record>

        <record id="its_hr_convention.payslip_category_trade_05" model="hr.payslip.category">
            <field name="category">I</field>
            <field name="echelon">E</field>
            <field name="salary">53460</field>
            <field name="convention_id" ref="its_hr_convention.convention_commerce" />
        </record>

        <record id="its_hr_convention.payslip_category_trade_06" model="hr.payslip.category">
            <field name="category">I</field>
            <field name="echelon">F</field>
            <field name="salary">55195</field>
            <field name="convention_id" ref="its_hr_convention.convention_commerce" />
        </record>

        <record id="its_hr_convention.payslip_category_trade_07" model="hr.payslip.category">
            <field name="category">II</field>
            <field name="echelon">A</field>
            <field name="salary">55195</field>
            <field name="convention_id" ref="its_hr_convention.convention_commerce" />
        </record>

        <record id="its_hr_convention.payslip_category_trade_08" model="hr.payslip.category">
            <field name="category">II</field>
            <field name="echelon">B</field>
            <field name="salary">58740</field>
            <field name="convention_id" ref="its_hr_convention.convention_commerce" />
        </record>

        <record id="its_hr_convention.payslip_category_trade_09" model="hr.payslip.category">
            <field name="category">II</field>
            <field name="echelon">C</field>
            <field name="salary">62320</field>
            <field name="convention_id" ref="its_hr_convention.convention_commerce" />
        </record>

        <record id="its_hr_convention.payslip_category_trade_10" model="hr.payslip.category">
            <field name="category">II</field>
            <field name="echelon">D</field>
            <field name="salary">65902</field>
            <field name="hourly_wage">0</field>
            <field name="convention_id" ref="its_hr_convention.convention_commerce" />
        </record>

        <record id="its_hr_convention.payslip_category_trade_11" model="hr.payslip.category">
            <field name="category">II</field>
            <field name="echelon">E</field>
            <field name="salary">69446</field>
            <field name="convention_id" ref="its_hr_convention.convention_commerce" />
        </record>

        <record id="its_hr_convention.payslip_category_trade_12" model="hr.payslip.category">
            <field name="category">II</field>
            <field name="echelon">F</field>
            <field name="salary">73027</field>
            <field name="convention_id" ref="its_hr_convention.convention_commerce" />
        </record>

        <record id="its_hr_convention.payslip_category_trade_13" model="hr.payslip.category">
            <field name="category">III</field>
            <field name="echelon">A</field>
            <field name="salary">71735</field>
            <field name="convention_id" ref="its_hr_convention.convention_commerce" />
        </record>

        <record id="its_hr_convention.payslip_category_trade_14" model="hr.payslip.category">
            <field name="category">III</field>
            <field name="echelon">B</field>
            <field name="salary">78011</field>
            <field name="convention_id" ref="its_hr_convention.convention_commerce" />
        </record>

        <record id="its_hr_convention.payslip_category_trade_15" model="hr.payslip.category">
            <field name="category">III</field>
            <field name="echelon">C</field>
            <field name="salary">84288</field>
            <field name="convention_id" ref="its_hr_convention.convention_commerce" />
        </record>

        <record id="its_hr_convention.payslip_category_trade_16" model="hr.payslip.category">
            <field name="category">III</field>
            <field name="echelon">D</field>
            <field name="salary">90563</field>
            <field name="convention_id" ref="its_hr_convention.convention_commerce" />
        </record>

        <record id="its_hr_convention.payslip_category_trade_17" model="hr.payslip.category">
            <field name="category">III</field>
            <field name="echelon">E</field>
            <field name="salary">96804</field>
            <field name="convention_id" ref="its_hr_convention.convention_commerce" />
        </record>

        <record id="its_hr_convention.payslip_category_trade_18" model="hr.payslip.category">
            <field name="category">III</field>
            <field name="echelon">F</field>
            <field name="salary">103057</field>
            <field name="convention_id" ref="its_hr_convention.convention_commerce" />
        </record>

        <record id="its_hr_convention.payslip_category_trade_19" model="hr.payslip.category">
            <field name="category">IV</field>
            <field name="echelon">A</field>
            <field name="salary">97838</field>
            <field name="convention_id" ref="its_hr_convention.convention_commerce" />
        </record>

        <record id="its_hr_convention.payslip_category_trade_20" model="hr.payslip.category">
            <field name="category">IV</field>
            <field name="echelon">B</field>
            <field name="salary">105000</field>
            <field name="convention_id" ref="its_hr_convention.convention_commerce" />
        </record>

        <record id="its_hr_convention.payslip_category_trade_21" model="hr.payslip.category">
            <field name="category">IV</field>
            <field name="echelon">C</field>
            <field name="salary">112162</field>
            <field name="convention_id" ref="its_hr_convention.convention_commerce" />
        </record>

        <record id="its_hr_convention.payslip_category_trade_22" model="hr.payslip.category">
            <field name="category">IV</field>
            <field name="echelon">D</field>
            <field name="salary">119325</field>
            <field name="convention_id" ref="its_hr_convention.convention_commerce" />
        </record>

        <record id="its_hr_convention.payslip_category_trade_23" model="hr.payslip.category">
            <field name="category">IV</field>
            <field name="echelon">E</field>
            <field name="salary">127189</field>
            <field name="convention_id" ref="its_hr_convention.convention_commerce" />
        </record>

        <record id="its_hr_convention.payslip_category_trade_24" model="hr.payslip.category">
            <field name="category">IV</field>
            <field name="echelon">F</field>
            <field name="salary">133649</field>
            <field name="convention_id" ref="its_hr_convention.convention_commerce" />
        </record>

        <record id="its_hr_convention.payslip_category_trade_25" model="hr.payslip.category">
            <field name="category">V</field>
            <field name="echelon">A</field>
            <field name="salary">112299</field>
            <field name="convention_id" ref="its_hr_convention.convention_commerce" />
        </record>

        <record id="its_hr_convention.payslip_category_trade_26" model="hr.payslip.category">
            <field name="category">V</field>
            <field name="echelon">B</field>
            <field name="salary">118809</field>
            <field name="convention_id" ref="its_hr_convention.convention_commerce" />
        </record>

        <record id="its_hr_convention.payslip_category_trade_27" model="hr.payslip.category">
            <field name="category">V</field>
            <field name="echelon">C</field>
            <field name="salary">125319</field>
            <field name="convention_id" ref="its_hr_convention.convention_commerce" />
        </record>

        <record id="its_hr_convention.payslip_category_trade_28" model="hr.payslip.category">
            <field name="category">V</field>
            <field name="echelon">D</field>
            <field name="salary">131863</field>
            <field name="convention_id" ref="its_hr_convention.convention_commerce" />
        </record>

        <record id="its_hr_convention.payslip_category_trade_29" model="hr.payslip.category">
            <field name="category">V</field>
            <field name="echelon">E</field>
            <field name="salary">138372</field>
            <field name="convention_id" ref="its_hr_convention.convention_commerce" />
        </record>

        <record id="its_hr_convention.payslip_category_trade_30" model="hr.payslip.category">
            <field name="category">V</field>
            <field name="echelon">F</field>
            <field name="salary">144883</field>
            <field name="convention_id" ref="its_hr_convention.convention_commerce" />
        </record>

        <record id="its_hr_convention.payslip_category_trade_31" model="hr.payslip.category">
            <field name="category">VI</field>
            <field name="echelon">A</field>
            <field name="salary">139865</field>
            <field name="convention_id" ref="its_hr_convention.convention_commerce" />
        </record>

        <record id="its_hr_convention.payslip_category_trade_32" model="hr.payslip.category">
            <field name="category">VI</field>
            <field name="echelon">B</field>
            <field name="salary">147053</field>
            <field name="convention_id" ref="its_hr_convention.convention_commerce" />
        </record>

        <record id="its_hr_convention.payslip_category_trade_33" model="hr.payslip.category">
            <field name="category">VI</field>
            <field name="echelon">C</field>
            <field name="salary">154275</field>
            <field name="convention_id" ref="its_hr_convention.convention_commerce" />
        </record>

        <record id="its_hr_convention.payslip_category_trade_34" model="hr.payslip.category">
            <field name="category">VI</field>
            <field name="echelon">D</field>
            <field name="salary">161463</field>
            <field name="convention_id" ref="its_hr_convention.convention_commerce" />
        </record>

        <record id="its_hr_convention.payslip_category_trade_35" model="hr.payslip.category">
            <field name="category">VI</field>
            <field name="echelon">E</field>
            <field name="salary">168719</field>
            <field name="convention_id" ref="its_hr_convention.convention_commerce" />
        </record>

        <record id="its_hr_convention.payslip_category_trade_36" model="hr.payslip.category">
            <field name="category">VI</field>
            <field name="echelon">F</field>
            <field name="salary">175873</field>
            <field name="convention_id" ref="its_hr_convention.convention_commerce" />
        </record>

        <record id="its_hr_convention.payslip_category_trade_37" model="hr.payslip.category">
            <field name="category">VII</field>
            <field name="echelon">A</field>
            <field name="salary">145323</field>
            <field name="convention_id" ref="its_hr_convention.convention_commerce" />
        </record>

        <record id="its_hr_convention.payslip_category_trade_38" model="hr.payslip.category">
            <field name="category">VII</field>
            <field name="echelon">B</field>
            <field name="salary">156852</field>
            <field name="convention_id" ref="its_hr_convention.convention_commerce" />
        </record>

        <record id="its_hr_convention.payslip_category_trade_39" model="hr.payslip.category">
            <field name="category">VII</field>
            <field name="echelon">C</field>
            <field name="salary">168313</field>
            <field name="convention_id" ref="its_hr_convention.convention_commerce" />
        </record>

        <record id="its_hr_convention.payslip_category_trade_40" model="hr.payslip.category">
            <field name="category">VII</field>
            <field name="echelon">D</field>
            <field name="salary">179807</field>
            <field name="convention_id" ref="its_hr_convention.convention_commerce" />
        </record>

        <record id="its_hr_convention.payslip_category_trade_41" model="hr.payslip.category">
            <field name="category">VII</field>
            <field name="echelon">E</field>
            <field name="salary">191301</field>
            <field name="convention_id" ref="its_hr_convention.convention_commerce" />
        </record>

        <record id="its_hr_convention.payslip_category_trade_42" model="hr.payslip.category">
            <field name="category">VII</field>
            <field name="echelon">F</field>
            <field name="salary">202795</field>
            <field name="convention_id" ref="its_hr_convention.convention_commerce" />
        </record>

        <record id="its_hr_convention.payslip_category_trade_43" model="hr.payslip.category">
            <field name="category">VIII</field>
            <field name="echelon">A</field>
            <field name="salary">202795</field>
            <field name="convention_id" ref="its_hr_convention.convention_commerce" />
        </record>

        <record id="its_hr_convention.payslip_category_trade_44" model="hr.payslip.category">
            <field name="category">VIII</field>
            <field name="echelon">B</field>
            <field name="salary">216324</field>
            <field name="convention_id" ref="its_hr_convention.convention_commerce" />
        </record>

        <record id="its_hr_convention.payslip_category_trade_45" model="hr.payslip.category">
            <field name="category">VIII</field>
            <field name="echelon">C</field>
            <field name="salary">229853</field>
            <field name="convention_id" ref="its_hr_convention.convention_commerce" />
        </record>

        <record id="its_hr_convention.payslip_category_trade_46" model="hr.payslip.category">
            <field name="category">VIII</field>
            <field name="echelon">D</field>
            <field name="salary">243347</field>
            <field name="convention_id" ref="its_hr_convention.convention_commerce" />
        </record>

        <record id="its_hr_convention.payslip_category_trade_47" model="hr.payslip.category">
            <field name="category">VIII</field>
            <field name="echelon">E</field>
            <field name="salary">256877</field>
            <field name="convention_id" ref="its_hr_convention.convention_commerce" />
        </record>

        <record id="its_hr_convention.payslip_category_trade_48" model="hr.payslip.category">
            <field name="category">VIII</field>
            <field name="echelon">F</field>
            <field name="salary">270440</field>
            <field name="convention_id" ref="its_hr_convention.convention_commerce" />
        </record>

        <record id="its_hr_convention.payslip_category_trade_49" model="hr.payslip.category">
            <field name="category">IX</field>
            <field name="echelon">A</field>
            <field name="salary">236285</field>
            <field name="convention_id" ref="its_hr_convention.convention_commerce" />
        </record>

        <record id="its_hr_convention.payslip_category_trade_50" model="hr.payslip.category">
            <field name="category">IX</field>
            <field name="echelon">B</field>
            <field name="salary">256956</field>
            <field name="convention_id" ref="its_hr_convention.convention_commerce" />
        </record>

        <record id="its_hr_convention.payslip_category_trade_51" model="hr.payslip.category">
            <field name="category">IX</field>
            <field name="echelon">C</field>
            <field name="salary">277627</field>
            <field name="convention_id" ref="its_hr_convention.convention_commerce" />
        </record>

        <record id="its_hr_convention.payslip_category_trade_52" model="hr.payslip.category">
            <field name="category">IX</field>
            <field name="echelon">D</field>
            <field name="salary">298297</field>
            <field name="convention_id" ref="its_hr_convention.convention_commerce" />
        </record>

        <record id="its_hr_convention.payslip_category_trade_53" model="hr.payslip.category">
            <field name="category">IX</field>
            <field name="echelon">E</field>
            <field name="salary">318969</field>
            <field name="convention_id" ref="its_hr_convention.convention_commerce" />
        </record>

        <record id="its_hr_convention.payslip_category_trade_54" model="hr.payslip.category">
            <field name="category">IX</field>
            <field name="echelon">F</field>
            <field name="salary">339639</field>
            <field name="convention_id" ref="its_hr_convention.convention_commerce" />
        </record>

        <record id="its_hr_convention.payslip_category_trade_55" model="hr.payslip.category">
            <field name="category">X</field>
            <field name="echelon">A</field>
            <field name="salary">279106</field>
            <field name="convention_id" ref="its_hr_convention.convention_commerce" />
        </record>

        <record id="its_hr_convention.payslip_category_trade_56" model="hr.payslip.category">
            <field name="category">X</field>
            <field name="echelon">B</field>
            <field name="salary">294022</field>
            <field name="convention_id" ref="its_hr_convention.convention_commerce" />
        </record>

        <record id="its_hr_convention.payslip_category_trade_57" model="hr.payslip.category">
            <field name="category">X</field>
            <field name="echelon">C</field>
            <field name="salary">308584</field>
            <field name="convention_id" ref="its_hr_convention.convention_commerce" />
        </record>

        <record id="its_hr_convention.payslip_category_trade_58" model="hr.payslip.category">
            <field name="category">X</field>
            <field name="echelon">D</field>
            <field name="salary">323180</field>
            <field name="convention_id" ref="its_hr_convention.convention_commerce" />
        </record>

        <record id="its_hr_convention.payslip_category_trade_59" model="hr.payslip.category">
            <field name="category">X</field>
            <field name="echelon">E</field>
            <field name="salary">337743</field>
            <field name="convention_id" ref="its_hr_convention.convention_commerce" />
        </record>

        <record id="its_hr_convention.payslip_category_trade_60" model="hr.payslip.category">
            <field name="category">X</field>
            <field name="echelon">F</field>
            <field name="salary">352338</field>
            <field name="convention_id" ref="its_hr_convention.convention_commerce" />
        </record>

        <record id="its_hr_convention.payslip_category_trade_61" model="hr.payslip.category">
            <field name="category">XI</field>
            <field name="echelon">A</field>
            <field name="salary">352388</field>
            <field name="convention_id" ref="its_hr_convention.convention_commerce" />
        </record>

        <record id="its_hr_convention.payslip_category_trade_62" model="hr.payslip.category">
            <field name="category">XI</field>
            <field name="echelon">B</field>
            <field name="salary">366901</field>
            <field name="convention_id" ref="its_hr_convention.convention_commerce" />
        </record>

        <record id="its_hr_convention.payslip_category_trade_63" model="hr.payslip.category">
            <field name="category">XI</field>
            <field name="echelon">C</field>
            <field name="salary">381463</field>
            <field name="convention_id" ref="its_hr_convention.convention_commerce" />
        </record>

        <record id="its_hr_convention.payslip_category_trade_64" model="hr.payslip.category">
            <field name="category">XI</field>
            <field name="echelon">D</field>
            <field name="salary">396163</field>
            <field name="convention_id" ref="its_hr_convention.convention_commerce" />
        </record>

        <record id="its_hr_convention.payslip_category_trade_65" model="hr.payslip.category">
            <field name="category">XI</field>
            <field name="echelon">E</field>
            <field name="salary">410611</field>
            <field name="convention_id" ref="its_hr_convention.convention_commerce" />
        </record>

        <record id="its_hr_convention.payslip_category_trade_66" model="hr.payslip.category">
            <field name="category">XI</field>
            <field name="echelon">F</field>
            <field name="salary">425216</field>
            <field name="convention_id" ref="its_hr_convention.convention_commerce" />
        </record>

        <record id="its_hr_convention.payslip_category_trade_67" model="hr.payslip.category">
            <field name="category">XII</field>
            <field name="echelon">A</field>
            <field name="salary">425216</field>
            <field name="convention_id" ref="its_hr_convention.convention_commerce" />
        </record>

        <record id="its_hr_convention.payslip_category_trade_68" model="hr.payslip.category">
            <field name="category">XII</field>
            <field name="echelon">B</field>
            <field name="salary">439779</field>
            <field name="convention_id" ref="its_hr_convention.convention_commerce" />
        </record>

        <record id="its_hr_convention.payslip_category_trade_69" model="hr.payslip.category">
            <field name="category">XII</field>
            <field name="echelon">C</field>
            <field name="salary">454375</field>
            <field name="convention_id" ref="its_hr_convention.convention_commerce" />
        </record>

        <record id="its_hr_convention.payslip_category_trade_70" model="hr.payslip.category">
            <field name="category">XII</field>
            <field name="echelon">D</field>
            <field name="salary">468969</field>
            <field name="convention_id" ref="its_hr_convention.convention_commerce" />
        </record>

        <record id="its_hr_convention.payslip_category_trade_71" model="hr.payslip.category">
            <field name="category">XII</field>
            <field name="echelon">E</field>
            <field name="salary">483532</field>
            <field name="convention_id" ref="its_hr_convention.convention_commerce" />
        </record>

        <record id="its_hr_convention.payslip_category_trade_72" model="hr.payslip.category">
            <field name="category">XII</field>
            <field name="echelon">F</field>
            <field name="salary">498126</field>
            <field name="convention_id" ref="its_hr_convention.convention_commerce" />
        </record>

    </data>
</odoo>