<?xml version="1.0" encoding="utf-8"?>
<odoo>
    <data>

        <record id="its_hr_convention.convention_commerce" model="hr.convention">
            <field name="name">Trade Convention</field>
        </record>

        <record id="its_hr_convention.convention_processing_industry" model="hr.convention">
            <field name="name">Processing Industry Convention</field>
        </record>

        <record id="its_hr_convention.convention_security_company" model="hr.convention">
            <field name="name">Security Company Convention</field>
        </record>

        <record id="its_hr_convention.convention_carriers_freight" model="hr.convention">
            <field name="name">Maritime carriers, Freight forwarders and Transport auxiliaries Convention</field>
        </record>

        <record id="its_hr_convention.convention_construction" model="hr.convention">
            <field name="name">Construction Convention</field>
        </record>

        <record id="its_hr_convention.convention_pharmacy" model="hr.convention">
            <field name="name">Pharmacy Convention</field>
        </record>

        <record id="its_hr_convention.convention_agriculture" model="hr.convention">
            <field name="name">Agriculture Convention</field>
        </record>

        <record id="its_hr_convention.convention_polygraphique" model="hr.convention">
            <field name="name">Polygraph Convention</field>
        </record>



    </data>
</odoo>