<?xml version="1.0" encoding="UTF-8"?>
<templates>
    <t t-extend="hr_organigram.org_chart_template">
        <t t-jquery="select#orientation" t-operation="after">
            <!--<t t-set="entities" t-value="load_entity()"/>-->
            <select id="entity" name="entity" class="form-control"
                    style="position: absolute; width: 100px; height: 50px; top: 30px; left: 470px; border-radius: 20px 20px;
                  font-size:14px; font-family:Roboto-Regular,Helvetica; color:#7a7a7a; border:none; outline:none;
                  z-index: 4; box-shadow: #808080 0px 1px 2px 0px;">
                <t t-foreach="widget.employee_data.entities" t-as="e">
                    <option t-att-value="e.id">
                        <t t-esc="e.name"/>
                    </option>
                </t>
            </select>
        </t>

    </t>
</templates>