<?xml version="1.0" encoding="UTF-8"?>
<templates xml:space="preserve">
    <t t-name="org_chart_employee_pro.org_chart_template">
        <div style="width:100%;margin: 10px;display: inline-block;">
            <button style="float:left;border-radius: 0px;" id="btn-reload" class="btn btn-primary">
                <i class="fa fa-refresh" aria-hidden="true"> </i> Reload
            </button>
            <input type="text" id="key-word" class="o_input"
                   style="width:200px;height: 32px;float: left;border-radius: 0px;"
                   placeholder="search"/>
            <select style="width:200px;height: 32px;float: left;border-radius: 0px;" id="select">
                <option value="t2b" selected="selected">Top to bottom</option>
                <!--<option value="b2t">Bottom to top</option>-->
                <option value="l2r">Left to right</option>
                <!--<option value="r2l">Right to left</option>-->
            </select>
            <select id="entity"
                        style="width:200px;height: 32px;float: left;border-radius: 0px;">
            </select>
            <button style="border-radius: 0px;" id="btn-entity" class="btn btn-primary">
                <i class="fa fa-build" aria-hidden="true"> </i>Validate
            </button>
            <button style="border-radius: 0px;" id="btn-export" class="btn btn-primary">
                <i class="fa fa-camera" aria-hidden="true"> </i> Screenshot
            </button>
        </div>
        <div id="chart-container"></div>
        <script type="text/javascript">
            $(function() {
                var orientation;
                if(employee_data.orientation){
                    orientation = employee_data.orientation;
                    $('#select').val(orientation);
                }else{
                    orientation = $('#select').val();
                }

                var content='<option value=""></option>';
                $('#entity').append(content);
                $.each(employee_data.entities , function(index, val) {
                    var content='<option value="' + val.id + '">' + val.name + '</option>';
                    $('#entity').append(content);
                });
                if(employee_data.entity){
                    entity = employee_data.entity;
                    $('#entity').val(entity);
                }else{
                    entity = $('#entity').val();
                }

                var datascource = employee_data.values;

                var oc = get_organization_chart(datascource);

                oc.init({'direction' : orientation});

                oc.$chart.on('nodedrop.orgchart', function(event, extraParams) {
                    var data = {
                        "child": extraParams.draggedNode.children('.org_chart_id').text(),
                        "last_parent": extraParams.dragZone.children('.org_chart_id').text(),
                        "new_parent": extraParams.dropZone.children('.org_chart_id').text()
                    };
                    parent_id = extraParams.draggedNode.children('.org_chart_id').text();
                    $.ajax({
                        type: "POST",
                        dataType: "json",
                        url: "/orgchart/update",
                        data: data,
                    });
                });

                chart_object = oc;

                $('#key-word').keyup(function() {
                    if (this.value.length === 0) {
                        clearFilterResult();
                    }else {
                        filterNodes(this.value.toLowerCase());
                    }
                });

                $('#select').change(function(){
                    orientation = $('#select').val();
                    oc.init({'direction' : orientation});
                });

            });
        </script>
    </t>
</templates>