<?xml version="1.0" encoding="utf-8"?>
<odoo>
    <data noupdate="1">
        <record id="provider_linkedin" model="auth.oauth.provider">
            <field name="name">LinkedIn</field>
            <field name="auth_endpoint">https://www.linkedin.com/oauth/v2/authorization</field>
            <field name="scope">w_organization_social r_organization_social r_member_social rw_ads w_member_social</field>
            <field name="validation_endpoint">https://api.linkedin.com/v2/me</field>
            <field name="data_endpoint">https://api.linkedin.com/v2/me</field>
            <field name="css_class">fa fa-linkedin-square</field>
            <field name="body">Share post with LinkedIn</field>
        </record>
    </data>
</odoo>
