id,name,model_id:id,group_id:id,perm_read,perm_write,perm_create,perm_unlink
access_hr_attendance_import,access_hr_attendance_import,model_hr_attendance_import,base.group_user,1,1,1,1
access_hr_attendance_request,access_hr_attendance_request,model_hr_attendance_request,base.group_user,1,1,1,1
access_hr_attendance_request_subject,access_hr_attendance_request_subject,model_hr_attendance_request_subject,base.group_user,1,1,1,1
access_hr_attendance_request_subject_2,access_hr_attendance_request_subject 2,model_hr_attendance_request_subject,group_generate_attendance_req,1,1,1,1
access_hr_attendance_request_2,access_hr_attendance_request 2,model_hr_attendance_request,group_generate_attendance_req,1,1,1,1
