id,name,model_id:id,group_id:id,perm_read,perm_write,perm_create,perm_unlink
access_hr_entity_head,hr.entity,model_hr_entity,hr_entity_head,1,1,1,1
access_hr_document_template,hr.document.template,its_hr_employee.model_hr_document_template,hr.group_hr_manager,1,1,1,1
access_hr_job_user,hr.job,hr.model_hr_job,hr.group_hr_user,1,1,1,0
access_hr_job_manager,hr.job,hr.model_hr_job,hr.group_hr_manager,1,1,1,1
access_hr_recruitment_request_head,hr.recruitment.request,its_hr_recruitment_extend.model_hr_recruitment_request,its_hr_entity.hr_entity_recruiter,1,1,1,1
access_hr_recruitment_request_company_manager,hr.recruitment.request,its_hr_recruitment_extend.model_hr_recruitment_request,its_hr_entity.hr_entity_company_manager,1,1,1,1
access_hr_job_transfer_employee,hr.job.transfer,its_hr_job_transfer.model_hr_job_transfer,its_hr_entity.hr_entity_employee,1,0,0,0
access_hr_job_transfer_head,hr.job.transfer,its_hr_job_transfer.model_hr_job_transfer,its_hr_entity.hr_entity_head,1,1,1,1