<?xml version="1.0" encoding="UTF-8"?>
<odoo>
    <record model="ir.module.category" id="hr_rights_access">
        <field name="name">Cames Rights</field>
        <field name="sequence">3</field>
    </record>

    <record id="hr_entity_employee" model="res.groups">
        <field name="name">Employee</field>
        <field name="implied_ids" eval="[(4, ref('base.group_user'))]"/>
        <field name="category_id" ref="its_hr_entity.hr_rights_access"/>
    </record>

    <record id="hr_entity_department_manager" model="res.groups">
        <field name="name">Department Manager</field>
        <field name="category_id" ref="its_hr_entity.hr_rights_access"/>
        <field name="implied_ids" eval="[(4, ref('hr_entity_employee'))]"/>
        <field name="users" eval="[(4, ref('base.user_root'))]"/>
    </record>

    <record id="hr_entity_company_manager" model="res.groups">
        <field name="name">Entity Manager</field>
        <field name="category_id" ref="its_hr_entity.hr_rights_access"/>
        <field name="implied_ids" eval="[(4, ref('hr_entity_department_manager'))]"/>
        <field name="users" eval="[(4, ref('base.user_root'))]"/>
    </record>

    <record id="hr_entity_recruiter" model="res.groups">
        <field name="name">Recruiter</field>
        <field name="category_id" ref="its_hr_entity.hr_rights_access"/>
        <field name="implied_ids" eval="[(4, ref('hr_entity_employee'))]"/>
        <field name="users" eval="[(4, ref('base.user_root'))]"/>
    </record>

    <record id="hr_entity_head" model="res.groups">
        <field name="name">HR Head</field>
        <field name="category_id" ref="its_hr_entity.hr_rights_access"/>
        <field name="implied_ids" eval="[(4, ref('hr_entity_recruiter')),(4, ref('hr.group_hr_manager'))]"/>
        <field name="users" eval="[(4, ref('base.user_root'))]"/>
    </record>

    <data>

        <record id="hr_employee_rule" model="ir.rule">
            <field name="name">Filter to show only employee data</field>
            <field ref="hr.model_hr_employee" name="model_id"/>
            <field name="domain_force">[('user_id', '=', user.id)]</field>
            <field name="perm_write" eval="False"/>
            <field name="perm_create" eval="False"/>
            <field name="perm_read" eval="True"/>
            <field name="perm_unlink" eval="False"/>
            <!-- You can attach this rule to a specific group, Or make it Global -->
            <field name="groups" eval="[(4, ref('base.group_user'))]"/>
            <!--<field name="global" eval="1"/> -->
        </record>

        <record id="hr_officer_rule" model="ir.rule">
            <field name="name">Filter for hr officer</field>
            <field ref="hr.model_hr_employee" name="model_id"/>
            <field name="domain_force">[]</field>
            <field name="perm_write" eval="True"/>
            <field name="perm_create" eval="True"/>
            <field name="perm_read" eval="True"/>
            <field name="perm_unlink" eval="True"/>
            <!-- You can attach this rule to a specific group, Or make it Global -->
            <field name="groups" eval="[(4, ref('hr.group_hr_user'))]"/>
            <!--<field name="global" eval="1"/> -->
        </record>

        <record id="hr_manager_rule" model="ir.rule">
            <field name="name">Filter for hr manager</field>
            <field ref="hr.model_hr_employee" name="model_id"/>
            <field name="domain_force">[]</field>
            <field name="perm_write" eval="True"/>
            <field name="perm_create" eval="True"/>
            <field name="perm_read" eval="True"/>
            <field name="perm_unlink" eval="True"/>
            <!-- You can attach this rule to a specific group, Or make it Global -->
            <field name="groups" eval="[(4, ref('hr.group_hr_manager'))]"/>
            <!--<field name="global" eval="1"/> -->
        </record>

        <record id="hr_department_rule" model="ir.rule">
            <field name="name">Filter to show employee in department</field>
            <field ref="hr.model_hr_employee" name="model_id"/>
            <field name="domain_force">[('department_id.manager_id.user_id', '=', user.id)]</field>
            <field name="perm_write" eval="False"/>
            <field name="perm_create" eval="False"/>
            <field name="perm_read" eval="True"/>
            <field name="perm_unlink" eval="False"/>
            <!-- You can attach this rule to a specific group, Or make it Global -->
            <field name="groups" eval="[(4, ref('hr_entity_department_manager'))]"/>
            <!--<field name="global" eval="1"/> -->
        </record>

        <record id="hr_responsible_rule" model="ir.rule">
            <field name="name">Filter to show employee in same entity</field>
            <field ref="hr.model_hr_employee" name="model_id"/>
            <field name="domain_force">[('entity_id.responsible_id', '=', user.id)]</field>
            <field name="perm_write" eval="False"/>
            <field name="perm_create" eval="False"/>
            <field name="perm_read" eval="True"/>
            <field name="perm_unlink" eval="False"/>
            <!-- You can attach this rule to a specific group, Or make it Global -->
            <field name="groups" eval="[(4, ref('hr_entity_company_manager'))]"/>
            <!--<field name="global" eval="1"/> -->
        </record>

    </data>

</odoo>