<?xml version="1.0"?>
<odoo>
    <data noupdate="1">

        <record id="email_template_old_employee" model="mail.template">
            <field name="name">HR: Old Employees</field>
            <field name="subject">Old Employees</field>
            <field name="email_from">${user.company_id.email|safe}</field>
            <field name="email_to">${object.email|safe}</field>
            <field name="partner_to"></field>
            <field name="lang"></field>
            <field name="model_id" ref="its_hr_employee.model_hr_employee_old"/>
            <field name="user_signature" eval="False"/>
            <field name="body_html"><![CDATA[
              <div style="background-color:#F3F5F6;color:#515166;font-family:Arial,Helvetica,sans-serif;font-size:14px;">
                    <p style="font-size:16px;">
                        Hi,
                    </p>

<table style="width:600px;margin:0px auto;text-align:center;">
    <thead>
        <tr>
            <td style="padding-top:10px;font-size: 12px;">Employee</td>
            <td style="padding-top:10px;font-size: 12px;">Remain Days</td>
        </tr>
    </thead>
    <tbody>
% for l in object.line_ids:
<tr>
<td style="padding-top:10px;font-size: 12px;">${l.employee_id.name}</td>
<td style="padding-top:10px;font-size: 12px;">${l.duration}</td>
</tr>
% endfor
    </tbody>
</table>


          </div>
        ]]></field>
        </record>

    </data>
</odoo>
