<?xml version="1.0" ?>
<odoo>
    <data noupdate="1">

        <record id="reminder_old_employee_cron" model="ir.cron">
            <field name="name">Old Employees</field>
            <field name="active" eval="True"/>
            <field name="user_id" ref="base.user_root"/>
            <field name="interval_number">1</field>
            <field name="interval_type">days</field>
            <field name="numbercall">-1</field>
            <field name="nextcall" eval="datetime.now(pytz.timezone('UTC')).strftime('%Y-%m-%d 04:00:00')" />
            <field eval="True" name="doall"/>
            <field name="priority">5</field>
            <field name="model_id" ref="hr.model_hr_employee"/>
            <field name="state">code</field>
            <field name="code">model.mail_old_employee()</field>
        </record>

    </data>
</odoo>