<odoo>
    <data noupdate="1">
            <record id="travel_request_ongoing_auto_set_cron" forcecreate='True' model="ir.cron">
                <field name="name">Hr Travel Auto Ongoing</field>
                <field name="active" eval="True" />
                <field name="user_id" ref="base.user_root" />
                <field name="interval_number">1</field>
                <field name="interval_type">days</field>
                <field name="numbercall">-1</field>
                <field name="state">code</field>
                <field name="doall">0</field>
                <field name="nextcall" >2020-08-10 14:18:00</field>
                <field name="model_id" ref="model_hr_emp_travel_request" />
                <field name="code">model.auto_start_trip_cron()</field>
                <!--<field name="priority" eval="5" />-->
            </record>
    </data>
</odoo>