<?xml version="1.0" encoding="utf-8"?>
<odoo>
    <data noupdate="1">

        <record id="reminder_doc_expired_cron" model="ir.cron">
            <field name="name">Remind Official expired documents</field>
            <field name="active" eval="True"/>
            <field name="user_id" ref="base.user_root"/>
            <field name="interval_number">1</field>
            <field name="interval_type">days</field>
            <field name="numbercall">-1</field>
            <field name="nextcall" eval="datetime.now(pytz.timezone('UTC')).strftime('%Y-%m-%d 05:00:00')" />
            <field eval="True" name="doall"/>
            <field name="priority">5</field>
            <field name="model_id" ref="its_hr_entity.model_hr_employee_notify_wizard"/>
            <field name="state">code</field>
            <field name="code">model.mail_for_expired_document()</field>
        </record>

    </data>
</odoo>