<?xml version="1.0" encoding="utf-8"?>
<odoo>
    <data noupdate="0">

        <record id="notification_remind_doc_expired" model="mail.template">
            <field name="name">Head Manager: Expired documents of employee</field>
            <field name="model_id" ref="its_hr_entity.model_hr_employee_notify_wizard"/>
            <field name="subject">Remind documents which has expired: ${object.name | safe}</field>
<!--            <field name="email_from">${(object.company_id.email)|safe}</field>-->
            <field name="email_to">${(object.company_id.email)|safe}</field>
            <field name="body_html">
                <![CDATA[
                    <div style="padding:0px;width:600px;margin:auto;background: #FFFFFF repeat top /100%;color:#777777">
                        <p>Dear HR Manager,</p>
                        <p>We kindly ask you to end the job offer <b>${object.display_name}</b> for which you were responsible</p>
                        <br>${object.notify_ids[0]}</br>
                        <table>
                            <thead>
                                <tr>
                                    <th scope="col" style="width:135px">Document</th>
                                    <th scope="col" style="width:85px">Expired Date</th>
                                    <th scope="col" style="width:125px">State</th>
                                </tr>
                            </thead>
                            <tbody>
% for notify in object.notify_ids:
<tr><th scope="row" colspan="3">${notify.employee_id.name}</th></tr>
% for element in notify.data_ids:
<tr><th scope="row">${element.type}</th><td>${element.date}</td><td>${element.state}</td></tr>
% endfor
% endfor
                            </tbody>
                        </table>
                        <p>Best regards.</p>
                    </div>
                ]]>
            </field>
        </record>

    </data>
</odoo>