id,name,model_id:id,group_id:id,perm_read,perm_write,perm_create,perm_unlink
view_disciplinary_category,view.disciplinary.category,hr_disciplinary_tracking.model_discipline_category,hr.group_hr_manager,1,1,1,1
view_disciplinary_category_user,view.disciplinary.category.user,hr_disciplinary_tracking.model_discipline_category,hr.group_hr_user,1,1,1,1
view_action_category,view.action.category,hr_disciplinary_tracking.model_action_category,hr.group_hr_manager,1,1,1,1
view_action_category_user,view.action.category.user,hr_disciplinary_tracking.model_action_category,hr.group_hr_user,1,1,1,1
hr_disciplinary_risk,hr.disciplinary.risk,model_hr_disciplinary_risk,hr.group_hr_manager,1,1,1,1
hr_disciplinary_risk_user,hr.disciplinary.risk,model_hr_disciplinary_risk,hr.group_hr_user,1,1,1,1