id,name,model_id:id,group_id:id,perm_read,perm_write,perm_create,perm_unlink
access_ir_attachment_hr_user,ir.attachment,base.model_ir_attachment,hr.group_hr_user,1,1,1,1
access_ir_attachment_hr_manager,ir.attachment,base.model_ir_attachment,hr.group_hr_manager,1,1,1,1
access_base_user_document_template,hr.document.template,model_hr_document_template,base.group_user,1,0,0,0
access_hr_user_document_template,hr.document.template,model_hr_document_template,hr.group_hr_user,1,1,1,1
access_hr_manager_document_template,hr.document.template,model_hr_document_template,hr.group_hr_manager,1,1,1,1
access_hr_employee_job,hr.job,hr.model_hr_job,base.group_user,1,0,0,0
access_hr_emergency_contact,hr.emergency.contact,model_hr_emergency_contact,base.group_user,1,0,0,0
access_hr_emergency_contact_hr,hr.emergency.contact,model_hr_emergency_contact,hr.group_hr_user,1,1,1,1
