<?xml version="1.0" encoding="UTF-8"?>
<odoo>
    <data>

        <record model="res.groups" id="hr.group_hr_department">
            <field name="name">Department Responsible</field>
            <field name="category_id" ref="base.module_category_human_resources"/>
            <field name="implied_ids" eval="[(4, ref('base.group_user'))]"/>
        </record>
        <!--<record id="hr_employee_ir_attachment_rule" model="ir.rule">
            <field name="name">Ir Attachment for employee</field>
            <field ref="base.model_ir_attachment" name="model_id"/>
            <field name="domain_force">['|', ('res_model','!=', 'hr.employee'),('&amp;',('res_id','in',user.employee_ids.ids),('res_model','=','hr.employee'))]</field>
            <field name="perm_write" eval="False"/>
            <field name="perm_create" eval="False"/>
            <field name="perm_read" eval="True"/>
            <field name="perm_unlink" eval="False"/>
            <field name="groups" eval="[(4, ref('base.group_user'))]"/>
        </record>-->

        <record id="hr_officer_ir_attachment_rule" model="ir.rule">
            <field name="name">Ir Attachment for Hr Officer</field>
            <field ref="base.model_ir_attachment" name="model_id"/>
            <field name="domain_force">[]</field>
            <field name="perm_write" eval="True"/>
            <field name="perm_create" eval="True"/>
            <field name="perm_read" eval="True"/>
            <field name="perm_unlink" eval="True"/>
            <!-- You can attach this rule to a specific group, Or make it Global -->
            <field name="groups" eval="[(4, ref('hr.group_hr_user'))]"/>
            <!--<field name="global" eval="1"/> -->
        </record>

        <record id="hr_manager_ir_attachment_rule" model="ir.rule">
            <field name="name">Ir Attachment for Hr Manager</field>
            <field ref="base.model_ir_attachment" name="model_id"/>
            <field name="domain_force">[]</field>
            <field name="perm_write" eval="True"/>
            <field name="perm_create" eval="True"/>
            <field name="perm_read" eval="True"/>
            <field name="perm_unlink" eval="True"/>
            <!-- You can attach this rule to a specific group, Or make it Global -->
            <field name="groups" eval="[(4, ref('hr.group_hr_manager'))]"/>
            <!--<field name="global" eval="1"/> -->
        </record>

        <record id="user_hr_employee_rule" model="ir.rule">
            <field name="name">My employee</field>
            <field ref="hr.model_hr_employee" name="model_id"/>
            <field name="domain_force">[('id','in',user.employee_ids.ids)]</field>
            <field name="perm_write" eval="True"/>
            <field name="perm_create" eval="True"/>
            <field name="perm_read" eval="True"/>
            <field name="perm_unlink" eval="True"/>
            <field name="groups" eval="[(4, ref('base.group_user'))]"/>
        </record>

        <record id="officer_hr_employee_rule" model="ir.rule">
            <field name="name">Employees</field>
            <field ref="hr.model_hr_employee" name="model_id"/>
            <field name="domain_force">[]</field>
            <field name="perm_write" eval="True"/>
            <field name="perm_create" eval="True"/>
            <field name="perm_read" eval="True"/>
            <field name="perm_unlink" eval="True"/>
            <field name="groups" eval="[(4, ref('hr.group_hr_user'))]"/>
        </record>

    </data>
</odoo>