<?xml version="1.0" encoding="utf-8"?>
<odoo>
    <data>
        <!-- Commerce Convention -->
        <record id="its_hr_payroll_extend.contributor_financing" model="hr.contribution.register">
            <field name="name">Financing Housing Cameroon</field>
            <field name="partner_id" eval="False"/>
        </record>
        <record id="its_hr_payroll_extend.contributor_gov_taxes" model="hr.contribution.register">
            <field name="name">Directorate general of taxation</field>
            <field name="partner_id" eval="False"/>
        </record>
        <record id="its_hr_payroll_extend.contributor_nsif" model="hr.contribution.register">
            <field name="name">National Social Insurance Food</field>
            <field name="partner_id" eval="False"/>
        </record>
        <record id="its_hr_payroll_extend.contributor_ldt" model="hr.contribution.register">
            <field name="name">Local development tax</field>
            <field name="partner_id" eval="False"/>
        </record>
        <record id="its_hr_payroll_extend.contributor_labor_union" model="hr.contribution.register">
            <field name="name">Labor union</field>
            <field name="partner_id" eval="False"/>
        </record>
        <record id="hr_payroll.contrib_register_employees" model="hr.contribution.register">
            <field name="name">Employees</field>
            <field name="partner_id" eval="False"/>
        </record>

    </data>
</odoo>