<?xml version="1.0" encoding="utf-8"?>
<odoo>
    <data>

        <!-- Polygraph Convention -->
        <record id="its_hr_payroll_extend.sal_rule_categ_categ000_poly" model="hr.salary.rule.category">
            <field name="name">Basic Salary</field>
            <field name="code">POLYCATBASIC</field>

            <field name="convention_id" ref="its_hr_convention.convention_polygraphique"/>
        </record>

        <record id="its_hr_payroll_extend.sal_rule_categ_bounty_poly" model="hr.salary.rule.category">
            <field name="name">Bounty</field>
            <field name="code">POLYCATBOUNTY</field>

            <field name="convention_id" ref="its_hr_convention.convention_polygraphique"/>
        </record>

        <record id="its_hr_payroll_extend.sal_rule_categ_categ045_poly" model="hr.salary.rule.category">
            <field name="name">Gross Salary</field>
            <field name="code">POLYCATGROSAL</field>

            <field name="convention_id" ref="its_hr_convention.convention_polygraphique"/>
        </record>
        <record id="its_hr_payroll_extend.sal_rule_categ_sal_charge_poly"
                model="hr.salary.rule.category">
            <field name="name">Salary Charge</field>
            <field name="code">POLYCATSALCHARGE</field>

            <field name="convention_id" ref="its_hr_convention.convention_polygraphique"/>
        </record>
        <record id="its_hr_payroll_extend.sal_rule_categ_burden_poly" model="hr.salary.rule.category">
            <field name="name">Tax burden</field>
            <field name="code">POLYCATTAXBURDEN</field>
            <field name="parent_id" ref="its_hr_payroll_extend.sal_rule_categ_sal_charge_poly"/>
            <field name="convention_id" ref="its_hr_convention.convention_polygraphique"/>
        </record>
        <record id="its_hr_payroll_extend.sal_rule_categ025_poly" model="hr.salary.rule.category">
            <field name="name">Empolyer's land credit base</field>
            <field name="code">POLYCATBASALCFCBOSS</field>
            <field name="parent_id" ref="its_hr_payroll_extend.sal_rule_categ_burden_poly"/>
            <field name="convention_id" ref="its_hr_convention.convention_polygraphique"/>
        </record>
        <record id="its_hr_payroll_extend.sal_rule_categ_bonus_poly" model="hr.salary.rule.category">
            <field name="name">Bonus</field>
            <field name="code">POLYCATBONUS</field>
            <field name="convention_id" ref="its_hr_convention.convention_polygraphique"/>
        </record>
        <record id="its_hr_payroll_extend.sal_rule_categ_tax_bonus_poly" model="hr.salary.rule.category">
            <field name="name">Taxable-bonus</field>
            <field name="code">POLYCATTAXBONUS</field>
            <field name="parent_id" ref="its_hr_payroll_extend.sal_rule_categ_bonus_poly"/>
            <field name="convention_id" ref="its_hr_convention.convention_polygraphique"/>
        </record>
        <record id="its_hr_payroll_extend.sal_rule_categ_tax_exempt_bonus_poly"
                model="hr.salary.rule.category">
            <field name="name">Tax-exempt bonus</field>
            <field name="code">POLYCATTAXNOTBONUS</field>
            <field name="parent_id" ref="its_hr_payroll_extend.sal_rule_categ_bonus_poly"/>
            <field name="convention_id" ref="its_hr_convention.convention_polygraphique"/>
        </record>
        <record id="its_hr_payroll_extend.sal_rule_categ_benefits_poly" model="hr.salary.rule.category">
            <field name="name">Benefits</field>
            <field name="code">POLYCATBENEFITS</field>
            <field name="convention_id" ref="its_hr_convention.convention_polygraphique"/>
        </record>



        <record id="its_hr_payroll_extend.sal_rule_categ_soc_sec_charge_poly"
                model="hr.salary.rule.category">
            <field name="name">Social security charge</field>
            <field name="code">POLYCATSOCSECCHARGE</field>
            <field name="parent_id" ref="its_hr_payroll_extend.sal_rule_categ_sal_charge_poly"/>
            <field name="convention_id" ref="its_hr_convention.convention_polygraphique"/>
        </record>

        <record id="its_hr_payroll_extend.sal_rule_categ_boss_contr_poly"
                model="hr.salary.rule.category">
            <field name="name">Empolyer's contributions</field>
            <field name="code">POLYCATBOSSCONTR</field>
            <field name="parent_id" ref="its_hr_payroll_extend.sal_rule_categ_burden_poly"/>
            <field name="convention_id" ref="its_hr_convention.convention_polygraphique"/>
        </record>
        <record id="its_hr_payroll_extend.sal_rule_categ_sal_tax_c_poly" model="hr.salary.rule.category">
            <field name="name">Salary tax charges</field>
            <field name="code">POLYCATSALTAXCHARGES</field>
            <field name="parent_id" ref="its_hr_payroll_extend.sal_rule_categ_burden_poly"/>
            <field name="convention_id" ref="its_hr_convention.convention_polygraphique"/>
        </record>
        <record id="its_hr_payroll_extend.sal_rule_categ046_poly" model="hr.salary.rule.category">
            <field name="name">Deduction</field>
            <field name="code">POLYCATDED</field>

            <field name="convention_id" ref="its_hr_convention.convention_polygraphique"/>
        </record>
        <record id="its_hr_payroll_extend.sal_rule_categ_irrp_poly" model="hr.salary.rule.category">
            <field name="name">IRPP</field>
            <field name="code">POLYCATIRPP</field>

            <field name="convention_id" ref="its_hr_convention.convention_polygraphique"/>
        </record>
        <record id="its_hr_payroll_extend.sal_rule_categ028_poly" model="hr.salary.rule.category">
            <field name="name">Gross taxable salary</field>
            <field name="code">POLYCATGROSALD</field>

            <field name="convention_id" ref="its_hr_convention.convention_polygraphique"/>
        </record>
        <record id="its_hr_payroll_extend.sal_rule_categ047_poly" model="hr.salary.rule.category">
            <field name="name">Net</field>
            <field name="code">POLYCATNET</field>

            <field name="convention_id" ref="its_hr_convention.convention_polygraphique"/>
        </record>
        <record id="its_hr_payroll_extend.sal_rule_categ028_poly_1" model="hr.salary.rule.category">
            <field name="name">Gross Salary</field>
            <field name="code">POLYCATGROSALD1</field>

            <field name="convention_id" ref="its_hr_convention.convention_polygraphique"/>
        </record>
        <record id="its_hr_payroll_extend.sal_rule_categ022_poly" model="hr.salary.rule.category">
            <field name="name">Indemnity</field>
            <field name="code">POLYCATINDEMN</field>
            <field name="parent_id" eval="False"/>
            <field name="convention_id" ref="its_hr_convention.convention_polygraphique"/>
        </record>
        <record id="its_hr_payroll_extend.sal_rule_categ_tax_indemnity_poly" model="hr.salary.rule.category">
            <field name="name">Taxable indemnity</field>
            <field name="code">POLYCATTAXINDEMN</field>
            <field name="parent_id" ref="its_hr_payroll_extend.sal_rule_categ022_poly"/>
            <field name="convention_id" ref="its_hr_convention.convention_polygraphique"/>
        </record>
        <record id="its_hr_payroll_extend.sal_rule_categ_partial_tax_indemnity_poly" model="hr.salary.rule.category">
            <field name="name">Partial Taxable indemnity</field>
            <field name="code">POLYCATPARTAXINDEMN</field>
            <field name="parent_id" ref="its_hr_payroll_extend.sal_rule_categ022_poly"/>
            <field name="convention_id" ref="its_hr_convention.convention_polygraphique"/>
        </record>
        <record id="its_hr_payroll_extend.sal_rule_categ_tax_exempt_indemnitie_poly" model="hr.salary.rule.category">
            <field name="name">Tax-exempt indemnity</field>
            <field name="code">POLYCATTAXEXINDEMN</field>
            <field name="parent_id" ref="its_hr_payroll_extend.sal_rule_categ022_poly"/>
            <field name="convention_id" ref="its_hr_convention.convention_polygraphique"/>
        </record>
        <record id="its_hr_payroll_extend.sal_rule_categ029_poly" model="hr.salary.rule.category">
            <field name="name">Contribution Salary</field>
            <field name="code">POLYCATCONT</field>
<!--            <field name="parent_id" ref="its_hr_payroll_extend.sal_rule_categ022_poly"/>-->
            <field name="convention_id" ref="its_hr_convention.convention_polygraphique"/>
        </record>
        <record id="its_hr_payroll_extend.sal_rule_categ030_poly" model="hr.salary.rule.category">
            <field name="name">Contribution Salary Capped</field>
            <field name="code">POLYCATCONTCAPPED</field>

            <field name="convention_id" ref="its_hr_convention.convention_polygraphique"/>
        </record>

    </data>
</odoo>