<?xml version="1.0" encoding="utf-8"?>
<odoo>
    <data noupdate="">

        <!-- Carriers, Freight and Transport auxiliaries Convention -->
        <record id="its_hr_payroll_extend.salary_rule001_carriers_freight" model="hr.salary.rule">
            <field name="name">Basic Salary</field>
            <field name="code">CAFBASIC</field>
            <field name="sequence">1</field>
            <field name="appears_on_payslip" eval="True" />
            <field name="category_id" ref="its_hr_payroll_extend.salary_rule_category001_carriers_freight"/>
            <field name="convention_id" ref="its_hr_convention.convention_carriers_freight"/>
            <field name="active" eval="True"/>
            <field name="accessory" eval="True"/>
            <field name="charge" eval="False"/>
            <field name="net" eval="False"/>
            <field name="condition_select">none</field>
            <field name="amount_select">code</field>
            <field name="amount_python_compute">wage = employee.get_rule_value('CAFBASIC', payslip.date_from, payslip.date_to)
if not wage:
    wage = contract.wage
result = payslip.prorata * wage
            </field>
            <field name="account_debit" ref=""/>
            <field name="account_credit" ref=""/>
            <field name="account_tax_id" ref=""/>
        </record>

        <record id="its_hr_payroll_extend.salary_rule002_carriers_freight" model="hr.salary.rule">
            <field name="name">Seniority bounty</field>
            <field name="code">CAFSENIOR</field>
            <field name="sequence">2</field>
            <field name="appears_on_payslip" eval="True"/>
            <field name="category_id" ref="its_hr_payroll_extend.salary_rule_category001_carriers_freight"/>
            <field name="convention_id" ref="its_hr_convention.convention_carriers_freight"/>
            <field name="active" eval="True"/>
            <field name="accessory" eval="True"/>
            <field name="charge" eval="False"/>
            <field name="net" eval="False"/>
            <field name="condition_select">none</field>
            <field name="amount_select">code</field>
            <field name="amount_python_compute">result = employee.get_seniority(payslip.date_to)>24 and ((contract.wage * 0.04) + (contract.wage * 0.02 * (employee.get_seniority(payslip.date_to) - 24) / 12)) or (employee.get_seniority(payslip.date_to)==24 and (contract.wage * 0.04) or 0.0)</field>
            <field name="account_debit" ref=""/>
            <field name="account_credit" ref=""/>
            <field name="account_tax_id" ref=""/>
        </record>

        <record id="its_hr_payroll_extend.salary_rule003_carriers_freight" model="hr.salary.rule">
            <field name="name">Overtime 10%</field>
            <field name="code">CAFOVERTIME10</field>
            <field name="sequence">3</field>
            <field name="appears_on_payslip" eval="True"/>
            <field name="category_id" ref="its_hr_payroll_extend.salary_rule_category031_carriers_freight"/>
            <field name="convention_id" ref="its_hr_convention.convention_carriers_freight"/>
            <field name="active" eval="True"/>
            <field name="accessory" eval="True"/>
            <field name="charge" eval="False"/>
            <field name="net" eval="False"/>
            <field name="condition_select">none</field>
            <field name="amount_select">code</field>
            <field name="amount_python_compute">result = employee.get_overtime(10, payslip.date_from, payslip.date_to) * 0.1 * (contract.wage / 173.33)</field>
            <field name="account_debit" ref=""/>
            <field name="account_credit" ref=""/>
            <field name="account_tax_id" ref=""/>
        </record>

        <record id="its_hr_payroll_extend.salary_rule003_carriers_freight_02" model="hr.salary.rule">
            <field name="name">Overtime 20%</field>
            <field name="code">CAFOVERTIME20</field>
            <field name="sequence" eval="3"/>
            <field name="appears_on_payslip" eval="True"/>
            <field name="category_id" ref="its_hr_payroll_extend.salary_rule_category031_carriers_freight"/>
            <field name="convention_id" ref="its_hr_convention.convention_carriers_freight"/>
            <field name="active" eval="True"/>
            <field name="accessory" eval="True"/>
            <field name="charge" eval="False"/>
            <field name="net" eval="False"/>
            <field name="condition_select">none</field>
            <field name="amount_select">code</field>
            <field name="amount_python_compute">result = employee.get_overtime(20, payslip.date_from, payslip.date_to) * 0.2 * (contract.wage / 173.33)</field>
            <field name="account_debit" ref=""/>
            <field name="account_credit" ref=""/>
            <field name="account_tax_id" ref=""/>
        </record>

        <record id="its_hr_payroll_extend.salary_rule003_carriers_freight_03" model="hr.salary.rule">
            <field name="name">Overtime 30%</field>
            <field name="code">CAFOVERTIME30</field>
            <field name="sequence" eval="3"/>
            <field name="appears_on_payslip" eval="True"/>
            <field name="category_id" ref="its_hr_payroll_extend.salary_rule_category031_carriers_freight"/>
            <field name="convention_id" ref="its_hr_convention.convention_carriers_freight"/>
            <field name="active" eval="True"/>
            <field name="accessory" eval="True"/>
            <field name="charge" eval="False"/>
            <field name="net" eval="False"/>
            <field name="condition_select">none</field>
            <field name="amount_select">code</field>
            <field name="amount_python_compute">result = employee.get_overtime(30, payslip.date_from, payslip.date_to) * 0.3 * (contract.wage / 173.33)</field>
            <field name="account_debit" ref=""/>
            <field name="account_credit" ref=""/>
            <field name="account_tax_id" ref=""/>
        </record>

        <record id="its_hr_payroll_extend.salary_rule003_carriers_freight_04" model="hr.salary.rule">
            <field name="name">Overtime 40%</field>
            <field name="code">CAFOVERTIME40</field>
            <field name="sequence" eval="3"/>
            <field name="appears_on_payslip" eval="True"/>
            <field name="category_id" ref="its_hr_payroll_extend.salary_rule_category031_carriers_freight"/>
            <field name="convention_id" ref="its_hr_convention.convention_carriers_freight"/>
            <field name="active" eval="True"/>
            <field name="accessory" eval="True"/>
            <field name="charge" eval="False"/>
            <field name="net" eval="False"/>
            <field name="condition_select">none</field>
            <field name="amount_select">code</field>
            <field name="amount_python_compute">result = employee.get_overtime(40, payslip.date_from, payslip.date_to) * 0.4 * (contract.wage / 173.33)</field>
            <field name="account_debit" ref=""/>
            <field name="account_credit" ref=""/>
            <field name="account_tax_id" ref=""/>
        </record>

        <record id="its_hr_payroll_extend.salary_rule003_carriers_freight_045" model="hr.salary.rule">
            <field name="name">Overtime 45%</field>
            <field name="code">CAFOVERTIME45</field>
            <field name="sequence" eval="3"/>
            <field name="appears_on_payslip" eval="True"/>
            <field name="category_id" ref="its_hr_payroll_extend.salary_rule_category031_carriers_freight"/>
            <field name="convention_id" ref="its_hr_convention.convention_carriers_freight"/>
            <field name="active" eval="True"/>
            <field name="accessory" eval="True"/>
            <field name="charge" eval="False"/>
            <field name="net" eval="False"/>
            <field name="condition_select">none</field>
            <field name="amount_select">code</field>
            <field name="amount_python_compute">result = employee.get_overtime(45, payslip.date_from, payslip.date_to) * 0.45 * (contract.wage / 173.33)</field>
            <field name="account_debit" ref=""/>
            <field name="account_credit" ref=""/>
            <field name="account_tax_id" ref=""/>
        </record>

        <record id="its_hr_payroll_extend.salary_rule003_carriers_freight_05" model="hr.salary.rule">
            <field name="name">Overtime 50%</field>
            <field name="code">CAFOVERTIME50</field>
            <field name="sequence">3</field>
            <field name="appears_on_payslip" eval="True"/>
            <field name="category_id" ref="its_hr_payroll_extend.salary_rule_category031_carriers_freight"/>
            <field name="convention_id" ref="its_hr_convention.convention_carriers_freight"/>
            <field name="active" eval="True"/>
            <field name="accessory" eval="True"/>
            <field name="charge" eval="False"/>
            <field name="net" eval="False"/>
            <field name="condition_select">none</field>
            <field name="amount_select">code</field>
            <field name="amount_python_compute">result = employee.get_overtime(50, payslip.date_from, payslip.date_to) * 0.5 * (contract.wage / 173.33)</field>
            <field name="account_debit" ref=""/>
            <field name="account_credit" ref=""/>
            <field name="account_tax_id" ref=""/>
        </record>

        <record id="its_hr_payroll_extend.salary_rule003_carriers_freight_06" model="hr.salary.rule">
            <field name="name">Overtime 60%</field>
            <field name="code">CAFOVERTIME60</field>
            <field name="sequence">3</field>
            <field name="appears_on_payslip" eval="True"/>
            <field name="category_id" ref="its_hr_payroll_extend.salary_rule_category031_carriers_freight"/>
            <field name="convention_id" ref="its_hr_convention.convention_carriers_freight"/>
            <field name="active" eval="True"/>
            <field name="accessory" eval="True"/>
            <field name="charge" eval="False"/>
            <field name="net" eval="False"/>
            <field name="condition_select">none</field>
            <field name="amount_select">code</field>
            <field name="amount_python_compute">result = employee.get_overtime(60, payslip.date_from, payslip.date_to) * 0.6 * (contract.wage / 173.33)</field>
            <field name="account_debit" ref=""/>
            <field name="account_credit" ref=""/>
            <field name="account_tax_id" ref=""/>
        </record>

        <record id="its_hr_payroll_extend.salary_rule003_carriers_freight_07" model="hr.salary.rule">
            <field name="name">Overtime 70%</field>
            <field name="code">CAFOVERTIME70</field>
            <field name="sequence">3</field>
            <field name="appears_on_payslip" eval="True"/>
            <field name="category_id" ref="its_hr_payroll_extend.salary_rule_category031_carriers_freight"/>
            <field name="convention_id" ref="its_hr_convention.convention_carriers_freight"/>
            <field name="active" eval="True"/>
            <field name="accessory" eval="True"/>
            <field name="charge" eval="False"/>
            <field name="net" eval="False"/>
            <field name="condition_select">none</field>
            <field name="amount_select">code</field>
            <field name="amount_python_compute">result = employee.get_overtime(70, payslip.date_from, payslip.date_to) * 0.7 * (contract.wage / 173.33)</field>
            <field name="account_debit" ref=""/>
            <field name="account_credit" ref=""/>
            <field name="account_tax_id" ref=""/>
        </record>

        <record id="its_hr_payroll_extend.salary_rule003_carriers_freight_08" model="hr.salary.rule">
            <field name="name">Overtime 80%</field>
            <field name="code">CAFOVERTIME80</field>
            <field name="sequence">3</field>
            <field name="appears_on_payslip" eval="True"/>
            <field name="category_id" ref="its_hr_payroll_extend.salary_rule_category031_carriers_freight"/>
            <field name="convention_id" ref="its_hr_convention.convention_carriers_freight"/>
            <field name="active" eval="True"/>
            <field name="accessory" eval="True"/>
            <field name="charge" eval="False"/>
            <field name="net" eval="False"/>
            <field name="condition_select">none</field>
            <field name="amount_select">code</field>
            <field name="amount_python_compute">result = employee.get_overtime(80, payslip.date_from, payslip.date_to) * 0.8 * (contract.wage / 173.33)</field>
            <field name="account_debit" ref=""/>
            <field name="account_credit" ref=""/>
            <field name="account_tax_id" ref=""/>
        </record>

        <record id="its_hr_payroll_extend.salary_rule003_carriers_freight_09" model="hr.salary.rule">
            <field name="name">Overtime 90%</field>
            <field name="code">CAFOVERTIME90</field>
            <field name="sequence">3</field>
            <field name="appears_on_payslip" eval="True"/>
            <field name="category_id" ref="its_hr_payroll_extend.salary_rule_category031_carriers_freight"/>
            <field name="convention_id" ref="its_hr_convention.convention_carriers_freight"/>
            <field name="active" eval="True"/>
            <field name="accessory" eval="True"/>
            <field name="charge" eval="False"/>
            <field name="net" eval="False"/>
            <field name="condition_select">none</field>
            <field name="amount_select">code</field>
            <field name="amount_python_compute">result = employee.get_overtime(90, payslip.date_from, payslip.date_to) * 0.9 * (contract.wage / 173.33)</field>
            <field name="account_debit" ref=""/>
            <field name="account_credit" ref=""/>
            <field name="account_tax_id" ref=""/>
        </record>

        <record id="its_hr_payroll_extend.salary_rule004_carriers_freight" model="hr.salary.rule">
            <field name="name">Overtime 100%</field>
            <field name="code">CAFOVERTIME100</field>
            <field name="sequence">4</field>
            <field name="appears_on_payslip" eval="True"/>
            <field name="category_id" ref="its_hr_payroll_extend.salary_rule_category031_carriers_freight"/>
            <field name="convention_id" ref="its_hr_convention.convention_carriers_freight"/>
            <field name="active" eval="True"/>
            <field name="accessory" eval="True"/>
            <field name="charge" eval="False"/>
            <field name="net" eval="False"/>
            <field name="condition_select">none</field>
            <field name="amount_select">code</field>
            <field name="amount_python_compute">result = employee.get_overtime(100, payslip.date_from, payslip.date_to) * (contract.wage / 173.33)</field>
            <field name="account_debit" ref=""/>
            <field name="account_credit" ref=""/>
            <field name="account_tax_id" ref=""/>
        </record>

        <record id="its_hr_payroll_extend.salary_rule005_carriers_freight" model="hr.salary.rule">
            <field name="name">Cashier bounty</field>
            <field name="code">CAFCASHBOUNT</field>
            <field name="sequence">5</field>
            <field name="appears_on_payslip" eval="True"/>
            <field name="category_id" ref="its_hr_payroll_extend.salary_rule_category006_carriers_freight"/>
            <field name="convention_id" ref="its_hr_convention.convention_carriers_freight"/>
            <field name="active" eval="True"/>
            <field name="accessory" eval="True"/>
            <field name="charge" eval="False"/>
            <field name="net" eval="False"/>
            <field name="condition_select">none</field>
            <field name="amount_select">code</field>
            <field name="amount_python_compute">result = payslip.prorata * (employee.get_rule_value('CAFCASHBOUNT', payslip.date_from, payslip.date_to))</field>
            <field name="account_debit" ref=""/>
            <field name="account_credit" ref=""/>
            <field name="account_tax_id" ref=""/>
        </record>

        <record id="its_hr_payroll_extend.salary_rule006_carriers_freight" model="hr.salary.rule">
            <field name="name">Store bounty</field>
            <field name="code">CAFSTOREBOUNT</field>
            <field name="sequence">6</field>
            <field name="appears_on_payslip" eval="True"/>
            <field name="category_id" ref="its_hr_payroll_extend.salary_rule_category007_carriers_freight"/>
            <field name="convention_id" ref="its_hr_convention.convention_carriers_freight"/>
            <field name="active" eval="True"/>
            <field name="accessory" eval="True"/>
            <field name="charge" eval="False"/>
            <field name="net" eval="False"/>
            <field name="condition_select">none</field>
            <field name="amount_select">code</field>
            <field name="amount_python_compute">result = payslip.prorata * (employee.get_rule_value('CAFSTOREBOUNT', payslip.date_from, payslip.date_to))</field>
            <field name="account_debit" ref=""/>
            <field name="account_credit" ref=""/>
            <field name="account_tax_id" ref=""/>
        </record>

        <record id="its_hr_payroll_extend.salary_rule007_carriers_freight" model="hr.salary.rule">
            <field name="name">Performance bounty</field>
            <field name="code">CAFPERFBOUNT</field>
            <field name="sequence">7</field>
            <field name="appears_on_payslip" eval="True"/>
            <field name="category_id" ref="its_hr_payroll_extend.salary_rule_category024_carriers_freight"/>
            <field name="convention_id" ref="its_hr_convention.convention_carriers_freight"/>
            <field name="active" eval="True"/>
            <field name="accessory" eval="True"/>
            <field name="charge" eval="False"/>
            <field name="net" eval="False"/>
            <field name="condition_select">none</field>
            <field name="amount_select">code</field>
            <field name="amount_python_compute">result = payslip.prorata * (employee.get_rule_value('CAFPERFBOUNT', payslip.date_from, payslip.date_to))</field>
            <field name="account_debit" ref=""/>
            <field name="account_credit" ref=""/>
            <field name="account_tax_id" ref=""/>
        </record>

        <record id="its_hr_payroll_extend.salary_rule008_carriers_freight" model="hr.salary.rule">
            <field name="name">Subjection or management bounty</field>
            <field name="code">CAFSUBJBOUNT</field>
            <field name="sequence">8</field>
            <field name="appears_on_payslip" eval="True"/>
            <field name="category_id" ref="its_hr_payroll_extend.salary_rule_category009_carriers_freight"/>
            <field name="convention_id" ref="its_hr_convention.convention_carriers_freight"/>
            <field name="active" eval="True"/>
            <field name="accessory" eval="True"/>
            <field name="charge" eval="False"/>
            <field name="net" eval="False"/>
            <field name="condition_select">none</field>
            <field name="amount_select">code</field>
            <field name="amount_python_compute">result = payslip.prorata * (employee.get_rule_value('CAFSUBJBOUNT', payslip.date_from, payslip.date_to))</field>
            <field name="account_debit" ref=""/>
            <field name="account_credit" ref=""/>
            <field name="account_tax_id" ref=""/>
        </record>

        <record id="its_hr_payroll_extend.salary_rule009_carriers_freight" model="hr.salary.rule">
            <field name="name">Gratification</field>
            <field name="code">CAFGRATIF</field>
            <field name="sequence">9</field>
            <field name="appears_on_payslip" eval="True"/>
            <field name="category_id" ref="its_hr_payroll_extend.salary_rule_category019_carriers_freight"/>
            <field name="convention_id" ref="its_hr_convention.convention_carriers_freight"/>
            <field name="active" eval="True"/>
            <field name="accessory" eval="True"/>
            <field name="exceptional_salary" eval="True"/>
            <field name="charge" eval="False"/>
            <field name="net" eval="False"/>
            <field name="condition_select">none</field>
            <field name="amount_select">code</field>
            <field name="amount_python_compute">result = employee.get_rule_value('CAFGRATIF', payslip.date_from, payslip.date_to)</field>
            <field name="account_debit" ref=""/>
            <field name="account_credit" ref=""/>
            <field name="account_tax_id" ref=""/>
        </record>

        <record id="its_hr_payroll_extend.salary_rule010_carriers_freight" model="hr.salary.rule">
            <field name="name">13th Month</field>
            <field name="code">CAF13TH</field>
            <field name="sequence">10</field>
            <field name="appears_on_payslip" eval="True"/>
            <field name="category_id" ref="its_hr_payroll_extend.salary_rule_category019_carriers_freight"/>
            <field name="convention_id" ref="its_hr_convention.convention_carriers_freight"/>
            <field name="active" eval="True"/>
            <field name="accessory" eval="True"/>
            <field name="exceptional_salary" eval="True"/>
            <field name="charge" eval="False"/>
            <field name="net" eval="False"/>
            <field name="condition_select">none</field>
            <field name="amount_select">code</field>
            <field name="amount_python_compute">result = employee.get_rule_value('CAF13TH', payslip.date_from, payslip.date_to)</field>
            <field name="account_debit" ref=""/>
            <field name="account_credit" ref=""/>
            <field name="account_tax_id" ref=""/>
        </record>

        <record id="its_hr_payroll_extend.salary_rule011_carriers_freight" model="hr.salary.rule">
            <field name="name">Leaves</field>
            <field name="code">CAFLEAVE</field>
            <field name="sequence">11</field>
            <field name="appears_on_payslip" eval="True"/>
            <field name="category_id" ref="its_hr_payroll_extend.salary_rule_category010_carriers_freight"/>
            <field name="convention_id" ref="its_hr_convention.convention_carriers_freight"/>
            <field name="active" eval="True"/>
            <field name="accessory" eval="True"/>
            <field name="exceptional_salary" eval="True"/>
            <field name="charge" eval="False"/>
            <field name="net" eval="False"/>
            <field name="condition_select">none</field>
            <field name="amount_select">code</field>
            <!--<field name="amount_python_compute">
                result = employee.thirty_bounty
            </field>-->
            <field name="account_debit" ref=""/>
            <field name="account_credit" ref=""/>
            <field name="account_tax_id" ref=""/>
        </record>

        <record id="its_hr_payroll_extend.salary_rule012_carriers_freight" model="hr.salary.rule">
            <field name="name">Risk Bounty</field>
            <field name="code">CAFRISK</field>
            <field name="sequence">12</field>
            <field name="appears_on_payslip" eval="True"/>
            <field name="category_id" ref="its_hr_payroll_extend.salary_rule_category019_carriers_freight"/>
            <field name="convention_id" ref="its_hr_convention.convention_carriers_freight"/>
            <field name="active" eval="True"/>
            <field name="accessory" eval="True"/>
            <field name="charge" eval="False"/>
            <field name="net" eval="False"/>
            <field name="condition_select">none</field>
            <field name="amount_select">code</field>
            <field name="amount_python_compute">result = payslip.prorata * (employee.get_rule_value('CAFRISK', payslip.date_from, payslip.date_to))</field>
            <field name="account_debit" ref=""/>
            <field name="account_credit" ref=""/>
            <field name="account_tax_id" ref=""/>
        </record>

        <record id="its_hr_payroll_extend.salary_rule013_carriers_freight" model="hr.salary.rule">
            <field name="name">Balance Sheet Bounty</field>
            <field name="code">CAFBALANCE</field>
            <field name="sequence">13</field>
            <field name="appears_on_payslip" eval="True"/>
            <field name="category_id" ref="its_hr_payroll_extend.salary_rule_category012_carriers_freight"/>
            <field name="convention_id" ref="its_hr_convention.convention_carriers_freight"/>
            <field name="active" eval="True"/>
            <field name="accessory" eval="True"/>
            <field name="exceptional_salary" eval="True"/>
            <field name="charge" eval="False"/>
            <field name="net" eval="False"/>
            <field name="condition_select">none</field>
            <field name="amount_select">code</field>
            <field name="amount_python_compute">result = employee.get_rule_value('CAFBALANCE', payslip.date_from, payslip.date_to)</field>
            <field name="account_debit" ref=""/>
            <field name="account_credit" ref=""/>
            <field name="account_tax_id" ref=""/>
        </record>

        <record id="its_hr_payroll_extend.salary_rule014_carriers_freight" model="hr.salary.rule">
            <field name="name">Representation Indemnity</field>
            <field name="code">CAFREPRES</field>
            <field name="sequence">14</field>
            <field name="appears_on_payslip" eval="True"/>
            <field name="category_id" ref="its_hr_payroll_extend.salary_rule_category011_carriers_freight"/>
            <field name="convention_id" ref="its_hr_convention.convention_carriers_freight"/>
            <field name="active" eval="True"/>
            <field name="accessory" eval="True"/>
            <field name="charge" eval="False"/>
            <field name="net" eval="False"/>
            <field name="condition_select">none</field>
            <field name="amount_select">code</field>
            <field name="amount_python_compute">result = (payslip.salary_type == 'holiday') and 0.0 or payslip.prorata * (employee.get_rule_value('CAFREPRES', payslip.date_from, payslip.date_to))</field>
            <field name="account_debit" ref=""/>
            <field name="account_credit" ref=""/>
            <field name="account_tax_id" ref=""/>
        </record>

        <record id="its_hr_payroll_extend.salary_rule015_carriers_freight" model="hr.salary.rule">
            <field name="name">Dirty Indemnity</field>
            <field name="code">CAFDIRTY</field>
            <field name="sequence">15</field>
            <field name="appears_on_payslip" eval="True"/>
            <field name="category_id" ref="its_hr_payroll_extend.salary_rule_category003_carriers_freight"/>
            <field name="convention_id" ref="its_hr_convention.convention_carriers_freight"/>
            <field name="active" eval="True"/>
            <field name="accessory" eval="True"/>
            <field name="charge" eval="False"/>
            <field name="net" eval="False"/>
            <field name="condition_select">none</field>
            <field name="amount_select">code</field>
            <field name="amount_python_compute">result = payslip.prorata * (employee.get_rule_value('CAFDIRTY', payslip.date_from, payslip.date_to))</field>
            <field name="account_debit" ref=""/>
            <field name="account_credit" ref=""/>
            <field name="account_tax_id" ref=""/>
        </record>

        <record id="its_hr_payroll_extend.salary_rule016_carriers_freight" model="hr.salary.rule">
            <field name="name">Vehicle or others machines Indemnity</field>
            <field name="code">CAFVEHMACH</field>
            <field name="sequence">16</field>
            <field name="appears_on_payslip" eval="True"/>
            <field name="category_id" ref="its_hr_payroll_extend.salary_rule_category019_carriers_freight"/>
            <field name="convention_id" ref="its_hr_convention.convention_carriers_freight"/>
            <field name="active" eval="True"/>
            <field name="accessory" eval="True"/>
            <field name="charge" eval="False"/>
            <field name="net" eval="False"/>
            <field name="condition_select">none</field>
            <field name="amount_select">code</field>
            <field name="amount_python_compute">result = payslip.prorata * (employee.get_rule_value('CAFVEHMACH', payslip.date_from, payslip.date_to))</field>
            <field name="account_debit" ref=""/>
            <field name="account_credit" ref=""/>
            <field name="account_tax_id" ref=""/>
        </record>

        <record id="its_hr_payroll_extend.salary_rule017_carriers_freight" model="hr.salary.rule">
            <field name="name">Individual tool box bounty</field>
            <field name="code">CAFTOOLBOX</field>
            <field name="sequence">17</field>
            <field name="appears_on_payslip" eval="True"/>
            <field name="category_id" ref="its_hr_payroll_extend.salary_rule_category013_carriers_freight"/>
            <field name="convention_id" ref="its_hr_convention.convention_carriers_freight"/>
            <field name="active" eval="True"/>
            <field name="accessory" eval="True"/>
            <field name="charge" eval="False"/>
            <field name="net" eval="False"/>
            <field name="condition_select">none</field>
            <field name="amount_select">code</field>
            <field name="amount_python_compute">result = payslip.prorata * (employee.get_rule_value('CAFTOOLBOX', payslip.date_from, payslip.date_to))</field>
            <field name="account_debit" ref=""/>
            <field name="account_credit" ref=""/>
            <field name="account_tax_id" ref=""/>
        </record>

        <record id="its_hr_payroll_extend.salary_rule018_carriers_freight" model="hr.salary.rule">
            <field name="name">Travel Indemnity</field>
            <field name="code">CAFTRAVEL</field>
            <field name="sequence">18</field>
            <field name="appears_on_payslip" eval="True"/>
            <field name="category_id" ref="its_hr_payroll_extend.salary_rule_category016_carriers_freight"/>
            <field name="convention_id" ref="its_hr_convention.convention_carriers_freight"/>
            <field name="active" eval="True"/>
            <field name="accessory" eval="True"/>
            <field name="charge" eval="False"/>
            <field name="net" eval="False"/>
            <field name="condition_select">none</field>
            <field name="amount_select">code</field>
            <field name="amount_python_compute">result = (payslip.salary_type == 'holiday') and 0.0 or employee.get_rule_value('CAFTRAVEL', payslip.date_from, payslip.date_to)</field>
            <field name="account_debit" ref=""/>
            <field name="account_credit" ref=""/>
            <field name="account_tax_id" ref=""/>
        </record>

        <record id="its_hr_payroll_extend.salary_rule019_carriers_freight" model="hr.salary.rule">
            <field name="name">Travel related to the function Indemnity</field>
            <field name="code">CAFTRAVELFUNCT</field>
            <field name="sequence">19</field>
            <field name="appears_on_payslip" eval="True"/>
            <field name="category_id" ref="its_hr_payroll_extend.salary_rule_category016_carriers_freight"/>
            <field name="convention_id" ref="its_hr_convention.convention_carriers_freight"/>
            <field name="active" eval="True"/>
            <field name="accessory" eval="True"/>
            <field name="charge" eval="False"/>
            <field name="net" eval="False"/>
            <field name="condition_select">none</field>
            <field name="amount_select">code</field>
            <field name="amount_python_compute">result = (payslip.salary_type == 'holiday') and 0.0 or employee.get_rule_value('CAFTRAVELFUNCT', payslip.date_from, payslip.date_to)</field>
            <field name="account_debit" ref=""/>
            <field name="account_credit" ref=""/>
            <field name="account_tax_id" ref=""/>
        </record>

        <record id="its_hr_payroll_extend.salary_rule020_carriers_freight" model="hr.salary.rule">
            <field name="name">Short-term Travel Indemnity</field>
            <field name="code">CAFTRAVELSHORT</field>
            <field name="sequence">20</field>
            <field name="appears_on_payslip" eval="True"/>
            <field name="category_id" ref="its_hr_payroll_extend.salary_rule_category016_carriers_freight"/>
            <field name="convention_id" ref="its_hr_convention.convention_carriers_freight"/>
            <field name="active" eval="True"/>
            <field name="accessory" eval="True"/>
            <field name="charge" eval="False"/>
            <field name="net" eval="False"/>
            <field name="condition_select">none</field>
            <field name="amount_select">code</field>
            <field name="amount_python_compute">result = (payslip.salary_type == 'holiday') and 0.0 or employee.get_rule_value('CAFTRAVELSHORT', payslip.date_from, payslip.date_to)</field>
            <field name="account_debit" ref=""/>
            <field name="account_credit" ref=""/>
            <field name="account_tax_id" ref=""/>
        </record>

        <record id="its_hr_payroll_extend.salary_rule021_carriers_freight" model="hr.salary.rule">
            <field name="name">Basket bounty</field>
            <field name="code">CAFBASKET</field>
            <field name="sequence">21</field>
            <field name="appears_on_payslip" eval="True"/>
            <field name="category_id" ref="its_hr_payroll_extend.salary_rule_category004_carriers_freight"/>
            <field name="convention_id" ref="its_hr_convention.convention_carriers_freight"/>
            <field name="active" eval="True"/>
            <field name="accessory" eval="True"/>
            <field name="charge" eval="False"/>
            <field name="net" eval="False"/>
            <field name="condition_select">none</field>
            <field name="amount_select">code</field>
            <field name="amount_python_compute">result = (payslip.salary_type == 'holiday') and 0.0 or payslip.prorata * (employee.get_rule_value('CAFBASKET', payslip.date_from, payslip.date_to))</field>
            <field name="account_debit" ref=""/>
            <field name="account_credit" ref=""/>
            <field name="account_tax_id" ref=""/>
        </record>

        <record id="its_hr_payroll_extend.salary_rule023_carriers_freight" model="hr.salary.rule">
            <field name="name">Good Separation bounty</field>
            <field name="code">CAFGOODSEPAR</field>
            <field name="sequence">23</field>
            <field name="appears_on_payslip" eval="True"/>
            <field name="category_id" ref="its_hr_payroll_extend.salary_rule_category026_carriers_freight"/>
            <field name="convention_id" ref="its_hr_convention.convention_carriers_freight"/>
            <field name="active" eval="True"/>
            <field name="accessory" eval="True"/>
            <field name="exceptional_salary" eval="True"/>
            <field name="charge" eval="False"/>
            <field name="net" eval="False"/>
            <field name="condition_select">none</field>
            <field name="amount_select">code</field>
            <field name="amount_python_compute">result = employee.get_rule_value('CAFGOODSEPAR', payslip.date_from, payslip.date_to)</field>
            <field name="account_debit" ref=""/>
            <field name="account_credit" ref=""/>
            <field name="account_tax_id" ref=""/>
        </record>

        <record id="its_hr_payroll_extend.salary_rule024_carriers_freight" model="hr.salary.rule">
            <field name="name">Transport Indemnity</field>
            <field name="code">CAFTRANSPORT</field>
            <field name="sequence">24</field>
            <field name="appears_on_payslip" eval="True"/>
            <field name="category_id" ref="its_hr_payroll_extend.salary_rule_category021_carriers_freight"/>
            <field name="convention_id" ref="its_hr_convention.convention_carriers_freight"/>
            <field name="active" eval="True"/>
            <field name="accessory" eval="True"/>
            <field name="charge" eval="False"/>
            <field name="net" eval="False"/>
            <field name="condition_select">none</field>
            <field name="amount_select">code</field>
            <field name="amount_python_compute">result = (payslip.salary_type == 'holiday') and 0.0 or payslip.prorata * (employee.get_rule_value('CAFTRANSPORT', payslip.date_from, payslip.date_to))</field>
            <field name="account_debit" ref=""/>
            <field name="account_credit" ref=""/>
            <field name="account_tax_id" ref=""/>
        </record>

        <record id="its_hr_payroll_extend.salary_rule025_carriers_freight" model="hr.salary.rule">
            <field name="name">Water Indemnity</field>
            <field name="code">CAFWATER</field>
            <field name="sequence">25</field>
            <field name="appears_on_payslip" eval="True"/>
            <field name="category_id" ref="its_hr_payroll_extend.salary_rule_category037_carriers_freight"/>
            <field name="convention_id" ref="its_hr_convention.convention_carriers_freight"/>
            <field name="active" eval="True"/>
            <field name="accessory" eval="True"/>
            <field name="charge" eval="False"/>
            <field name="net" eval="False"/>
            <field name="condition_select">none</field>
            <field name="amount_select">code</field>
            <field name="amount_python_compute">result = payslip.prorata * (employee.get_rule_value('CAFWATER', payslip.date_from, payslip.date_to))</field>
            <field name="account_debit" ref=""/>
            <field name="account_credit" ref=""/>
            <field name="account_tax_id" ref=""/>
        </record>

        <record id="its_hr_payroll_extend.salary_rule026_carriers_freight" model="hr.salary.rule">
            <field name="name">Food Indemnity</field>
            <field name="code">CAFFOOD</field>
            <field name="sequence">26</field>
            <field name="appears_on_payslip" eval="True"/>
            <field name="category_id" ref="its_hr_payroll_extend.salary_rule_category039_carriers_freight"/>
            <field name="convention_id" ref="its_hr_convention.convention_carriers_freight"/>
            <field name="active" eval="True"/>
            <field name="accessory" eval="True"/>
            <field name="charge" eval="False"/>
            <field name="net" eval="False"/>
            <field name="condition_select">none</field>
            <field name="amount_select">code</field>
            <field name="amount_python_compute">result = payslip.prorata * (employee.get_rule_value('CAFFOOD', payslip.date_from, payslip.date_to))</field>
            <field name="account_debit" ref=""/>
            <field name="account_credit" ref=""/>
            <field name="account_tax_id" ref=""/>
        </record>

        <record id="its_hr_payroll_extend.salary_rule027_carriers_freight" model="hr.salary.rule">
            <field name="name">Electricity Indemnity</field>
            <field name="code">CAFELECT</field>
            <field name="sequence">27</field>
            <field name="appears_on_payslip" eval="True"/>
            <field name="category_id" ref="its_hr_payroll_extend.salary_rule_category036_carriers_freight"/>
            <field name="convention_id" ref="its_hr_convention.convention_carriers_freight"/>
            <field name="active" eval="True"/>
            <field name="accessory" eval="True"/>
            <field name="charge" eval="False"/>
            <field name="net" eval="False"/>
            <field name="condition_select">none</field>
            <field name="amount_select">code</field>
            <field name="amount_python_compute">result = payslip.prorata * (employee.get_rule_value('CAFELECT', payslip.date_from, payslip.date_to))</field>
            <field name="account_debit" ref=""/>
            <field name="account_credit" ref=""/>
            <field name="account_tax_id" ref=""/>
        </record>

        <record id="its_hr_payroll_extend.salary_rule028_carriers_freight" model="hr.salary.rule">
            <field name="name">Maid Indemnity</field>
            <field name="code">CAFMAID</field>
            <field name="sequence">28</field>
            <field name="appears_on_payslip" eval="True"/>
            <field name="category_id" ref="its_hr_payroll_extend.salary_rule_category038_carriers_freight"/>
            <field name="convention_id" ref="its_hr_convention.convention_carriers_freight"/>
            <field name="active" eval="True"/>
            <field name="accessory" eval="True"/>
            <field name="charge" eval="False"/>
            <field name="net" eval="False"/>
            <field name="condition_select">none</field>
            <field name="amount_select">code</field>
            <field name="amount_python_compute">result = payslip.prorata * (employee.get_rule_value('CAFMAID', payslip.date_from, payslip.date_to))</field>
            <field name="account_debit" ref=""/>
            <field name="account_credit" ref=""/>
            <field name="account_tax_id" ref=""/>
        </record>

        <record id="its_hr_payroll_extend.salary_rule022_carriers_freight" model="hr.salary.rule">
            <field name="name">Housing Indemnity</field>
            <field name="code">CAFHOUSING</field>
            <field name="sequence">22</field>
            <field name="appears_on_payslip" eval="True"/>
            <field name="category_id" ref="its_hr_payroll_extend.salary_rule_category034_carriers_freight"/>
            <field name="convention_id" ref="its_hr_convention.convention_carriers_freight"/>
            <field name="active" eval="True"/>
            <field name="accessory" eval="True"/>
            <field name="charge" eval="False"/>
            <field name="net" eval="False"/>
            <field name="condition_select">none</field>
            <field name="amount_select">code</field>
            <field name="amount_python_compute">result = (payslip.salary_type == 'holiday') and 0.0 or payslip.prorata * (employee.get_rule_value('CAFHOUSING', payslip.date_from, payslip.date_to))</field>
            <field name="account_debit" ref=""/>
            <field name="account_credit" ref=""/>
            <field name="account_tax_id" ref=""/>
        </record>

        <record id="its_hr_payroll_extend.salary_rule029_carriers_freight" model="hr.salary.rule">
            <field name="name">Vehicle Indemnity</field>
            <field name="code">CAFVEHICLE</field>
            <field name="sequence">29</field>
            <field name="appears_on_payslip" eval="True"/>
            <field name="category_id" ref="its_hr_payroll_extend.salary_rule_category035_carriers_freight"/>
            <field name="convention_id" ref="its_hr_convention.convention_carriers_freight"/>
            <field name="active" eval="True"/>
            <field name="accessory" eval="True"/>
            <field name="charge" eval="False"/>
            <field name="net" eval="False"/>
            <field name="condition_select">none</field>
            <field name="amount_select">code</field>
            <field name="amount_python_compute">result = (payslip.salary_type == 'holiday') and 0.0 or payslip.prorata * (employee.get_rule_value('CAFMAID', payslip.date_from, payslip.date_to))</field>
            <field name="account_debit" ref=""/>
            <field name="account_credit" ref=""/>
            <field name="account_tax_id" ref=""/>
        </record>

        <record id="its_hr_payroll_extend.salary_rule030_carriers_freight" model="hr.salary.rule">
            <field name="name">Water Tax Indemnity</field>
            <field name="code">CAFWATERTAX</field>
            <field name="sequence">30</field>
            <field name="appears_on_payslip" eval="True"/>
            <field name="category_id" ref="its_hr_payroll_extend.salary_rule_category023_carriers_freight"/>
            <field name="convention_id" ref="its_hr_convention.convention_carriers_freight"/>
            <field name="active" eval="True"/>
            <field name="accessory" eval="False"/>
            <field name="charge" eval="False"/>
            <field name="net" eval="False"/>
            <field name="condition_select">none</field>
            <field name="amount_select">code</field>
            <field name="amount_python_compute">water = categories.CAFCATREF * 0.02
real_water = categories.CAFCATWATERINDEMN
if real_water > water:
    result = water
else:
    result = real_water
            </field>
            <field name="account_debit" ref=""/>
            <field name="account_credit" ref=""/>
            <field name="account_tax_id" ref=""/>
        </record>

        <record id="its_hr_payroll_extend.salary_rule031_carriers_freight" model="hr.salary.rule">
            <field name="name">Food Tax Indemnity</field>
            <field name="code">CAFFOODTAX</field>
            <field name="sequence">31</field>
            <field name="appears_on_payslip" eval="True"/>
            <field name="category_id" ref="its_hr_payroll_extend.salary_rule_category023_carriers_freight"/>
            <field name="convention_id" ref="its_hr_convention.convention_carriers_freight"/>
            <field name="active" eval="True"/>
            <field name="accessory" eval="False"/>
            <field name="charge" eval="False"/>
            <field name="net" eval="False"/>
            <field name="condition_select">none</field>
            <field name="amount_select">code</field>
            <field name="amount_python_compute">food = categories.CAFCATREF * 0.1
real_food = categories.CAFCATFOODINDEMN
if real_food > food:
    result = food
else:
    result = real_food</field>
            <field name="account_debit" ref=""/>
            <field name="account_credit" ref=""/>
            <field name="account_tax_id" ref=""/>
        </record>

        <record id="its_hr_payroll_extend.salary_rule032_carriers_freight" model="hr.salary.rule">
            <field name="name">Electricity Tax Indemnity</field>
            <field name="code">CAFELECTTAX</field>
            <field name="sequence">32</field>
            <field name="appears_on_payslip" eval="True"/>
            <field name="category_id" ref="its_hr_payroll_extend.salary_rule_category023_carriers_freight"/>
            <field name="convention_id" ref="its_hr_convention.convention_carriers_freight"/>
            <field name="active" eval="True"/>
            <field name="accessory" eval="False"/>
            <field name="charge" eval="False"/>
            <field name="net" eval="False"/>
            <field name="condition_select">none</field>
            <field name="amount_select">code</field>
            <field name="amount_python_compute">elec = categories.CAFCATREF * 0.04
real_elec = categories.CAFCATELECTINDEMN
if real_elec > elec:
    result = elec
else:
    result = real_elec</field>
            <field name="account_debit" ref=""/>
            <field name="account_credit" ref=""/>
            <field name="account_tax_id" ref=""/>
        </record>

        <record id="its_hr_payroll_extend.salary_rule033_carriers_freight" model="hr.salary.rule">
            <field name="name">Maid Tax Indemnity</field>
            <field name="code">CAFMAIDTAX</field>
            <field name="sequence">33</field>
            <field name="appears_on_payslip" eval="True"/>
            <field name="category_id" ref="its_hr_payroll_extend.salary_rule_category023_carriers_freight"/>
            <field name="convention_id" ref="its_hr_convention.convention_carriers_freight"/>
            <field name="active" eval="True"/>
            <field name="accessory" eval="False"/>
            <field name="charge" eval="False"/>
            <field name="net" eval="False"/>
            <field name="condition_select">none</field>
            <field name="amount_select">code</field>
            <field name="amount_python_compute">maid = categories.CAFCATREF * 0.05
real_maid = categories.CAFCATMAIDINDEMN
if real_maid > maid:
    result = maid
else:
    result = real_maid</field>
            <field name="account_debit" ref=""/>
            <field name="account_credit" ref=""/>
            <field name="account_tax_id" ref=""/>
        </record>

        <record id="its_hr_payroll_extend.salary_rule034_carriers_freight" model="hr.salary.rule">
            <field name="name">Housing Tax Indemnity</field>
            <field name="code">CAFHOUSINGTAX</field>
            <field name="sequence">34</field>
            <field name="appears_on_payslip" eval="True"/>
            <field name="category_id" ref="its_hr_payroll_extend.salary_rule_category023_carriers_freight"/>
            <field name="convention_id" ref="its_hr_convention.convention_carriers_freight"/>
            <field name="active" eval="True"/>
            <field name="accessory" eval="False"/>
            <field name="charge" eval="False"/>
            <field name="net" eval="False"/>
            <field name="condition_select">none</field>
            <field name="amount_select">code</field>
            <field name="amount_python_compute">house = categories.CAFCATREF * 0.15
real_house = categories.CAFCATHOUSINDEMN
if real_house > house:
    result = house
else:
    result = real_house</field>
            <field name="account_debit" ref=""/>
            <field name="account_credit" ref=""/>
            <field name="account_tax_id" ref=""/>
        </record>

        <record id="its_hr_payroll_extend.salary_rule035_carriers_freight" model="hr.salary.rule">
            <field name="name">Vehicle Tax Indemnity</field>
            <field name="code">CAFVEHICLETAX</field>
            <field name="sequence">35</field>
            <field name="appears_on_payslip" eval="True"/>
            <field name="category_id" ref="its_hr_payroll_extend.salary_rule_category023_carriers_freight"/>
            <field name="convention_id" ref="its_hr_convention.convention_carriers_freight"/>
            <field name="active" eval="True"/>
            <field name="accessory" eval="False"/>
            <field name="charge" eval="False"/>
            <field name="net" eval="False"/>
            <field name="condition_select">none</field>
            <field name="amount_select">code</field>
            <field name="amount_python_compute">vehicle = categories.CAFCATREF * 0.1
real_vehicle = categories.CAFCATVEHINDEMN
if real_vehicle > vehicle:
    result = vehicle
else:
    result = real_vehicle</field>
            <field name="account_debit" ref=""/>
            <field name="account_credit" ref=""/>
            <field name="account_tax_id" ref=""/>
        </record>

        <record id="its_hr_payroll_extend.salary_rule036_carriers_freight" model="hr.salary.rule">
            <field name="name">Responsibility bounty</field>
            <field name="code">CAFRESPONSIB</field>
            <field name="sequence">36</field>
            <field name="appears_on_payslip" eval="True"/>
            <field name="category_id" ref="its_hr_payroll_extend.salary_rule_category002_carriers_freight"/>
            <field name="convention_id" ref="its_hr_convention.convention_carriers_freight"/>
            <field name="active" eval="True"/>
            <field name="accessory" eval="True"/>
            <field name="charge" eval="False"/>
            <field name="net" eval="False"/>
            <field name="condition_select">none</field>
            <field name="amount_select">code</field>
            <field name="amount_python_compute">result = payslip.prorata * (employee.get_rule_value('CAFRESPONSIB', payslip.date_from, payslip.date_to))</field>
            <field name="account_debit" ref=""/>
            <field name="account_credit" ref=""/>
            <field name="account_tax_id" ref=""/>
        </record>

        <record id="its_hr_payroll_extend.salary_rule037_carriers_freight" model="hr.salary.rule">
            <field name="name">Technicality bounty</field>
            <field name="code">CAFTECHNI</field>
            <field name="sequence">37</field>
            <field name="appears_on_payslip" eval="True"/>
            <field name="category_id" ref="its_hr_payroll_extend.salary_rule_category005_carriers_freight"/>
            <field name="convention_id" ref="its_hr_convention.convention_carriers_freight"/>
            <field name="active" eval="True"/>
            <field name="accessory" eval="True"/>
            <field name="charge" eval="False"/>
            <field name="net" eval="False"/>
            <field name="condition_select">none</field>
            <field name="amount_select">code</field>
            <field name="amount_python_compute">result = payslip.prorata * (employee.get_rule_value('CAFTECHNI', payslip.date_from, payslip.date_to))</field>
            <field name="account_debit" ref=""/>
            <field name="account_credit" ref=""/>
            <field name="account_tax_id" ref=""/>
        </record>

        <record id="its_hr_payroll_extend.salary_rule038_carriers_freight" model="hr.salary.rule">
            <field name="name">Telephone or internet charges</field>
            <field name="code">CAFTELINTERNET</field>
            <field name="sequence">38</field>
            <field name="appears_on_payslip" eval="True"/>
            <field name="category_id" ref="its_hr_payroll_extend.salary_rule_category042_carriers_freight"/>
            <field name="convention_id" ref="its_hr_convention.convention_carriers_freight"/>
            <field name="active" eval="True"/>
            <field name="accessory" eval="True"/>
            <field name="charge" eval="False"/>
            <field name="net" eval="False"/>
            <field name="condition_select">none</field>
            <field name="amount_select">code</field>
            <field name="amount_python_compute">result = employee.get_rule_value('CAFTELINTERNET', payslip.date_from, payslip.date_to)</field>
            <field name="account_debit" ref=""/>
            <field name="account_credit" ref=""/>
            <field name="account_tax_id" ref=""/>
        </record>

        <record id="its_hr_payroll_extend.salary_rule039_carriers_freight" model="hr.salary.rule">
            <field name="name">Extra salary</field>
            <field name="code">CAFEXTSAL</field>
            <field name="sequence">39</field>
            <field name="appears_on_payslip" eval="True"/>
            <field name="category_id" ref="its_hr_payroll_extend.salary_rule_category024_carriers_freight"/>
            <field name="convention_id" ref="its_hr_convention.convention_carriers_freight"/>
            <field name="active" eval="True"/>
            <field name="accessory" eval="True"/>
            <field name="charge" eval="False"/>
            <field name="net" eval="False"/>
            <field name="condition_select">none</field>
            <field name="amount_select">code</field>
            <field name="amount_python_compute">result = payslip.prorata * (employee.get_rule_value('CAFEXTSAL', payslip.date_from, payslip.date_to))</field>
            <field name="account_debit" ref=""/>
            <field name="account_credit" ref=""/>
            <field name="account_tax_id" ref=""/>
        </record>

        <record id="its_hr_payroll_extend.salary_rule040_carriers_freight" model="hr.salary.rule">
            <field name="name">Prior notice</field>
            <field name="code">CAFPRIONOT</field>
            <field name="sequence">40</field>
            <field name="appears_on_payslip" eval="True"/>
            <field name="category_id" ref="its_hr_payroll_extend.salary_rule_category019_carriers_freight"/>
            <field name="convention_id" ref="its_hr_convention.convention_carriers_freight"/>
            <field name="active" eval="True"/>
            <field name="accessory" eval="False"/>
            <field name="charge" eval="True"/>
            <field name="net" eval="False"/>
            <field name="condition_select">none</field>
            <field name="amount_select">code</field>
            <field name="amount_python_compute">result = (payslip.salary_type == 'holiday') and 0.0 or employee.get_rule_value('CAFPRIONOT', payslip.date_from, payslip.date_to)</field>
            <field name="account_debit" ref=""/>
            <field name="account_credit" ref=""/>
            <field name="account_tax_id" ref=""/>
        </record>

        <record id="its_hr_payroll_extend.salary_rule041_carriers_freight" model="hr.salary.rule">
            <field name="name">Reference Salary</field>
            <field name="code">CAFREFSAL</field>
            <field name="sequence">41</field>
            <field name="appears_on_payslip" eval="True"/>
            <field name="category_id" ref="its_hr_payroll_extend.salary_rule_category040_carriers_freight"/>
            <field name="convention_id" ref="its_hr_convention.convention_carriers_freight"/>
            <field name="active" eval="True"/>
            <field name="accessory" eval="False"/>
            <field name="charge" eval="False"/>
            <field name="net" eval="False"/>
            <field name="condition_select">none</field>
            <field name="amount_select">code</field>
            <field name="amount_python_compute">result = categories.CAFCATREF</field>
            <field name="account_debit" ref=""/>
            <field name="account_credit" ref=""/>
            <field name="account_tax_id" ref=""/>
        </record>

        <record id="its_hr_payroll_extend.salary_rule042_carriers_freight" model="hr.salary.rule">
            <field name="name">Work medal</field>
            <field name="code">CAFWORKMEDAL</field>
            <field name="sequence">42</field>
            <field name="appears_on_payslip" eval="True"/>
            <field name="category_id" ref="its_hr_payroll_extend.salary_rule_category041_carriers_freight"/>
            <field name="convention_id" ref="its_hr_convention.convention_carriers_freight"/>
            <field name="active" eval="True"/>
            <field name="accessory" eval="True"/>
            <field name="charge" eval="False"/>
            <field name="net" eval="False"/>
            <field name="condition_select">none</field>
            <field name="amount_select">code</field>
            <field name="amount_python_compute">result = employee.get_rule_value('CAFWORKMEDAL', payslip.date_from, payslip.date_to)</field>
            <field name="account_debit" ref=""/>
            <field name="account_credit" ref=""/>
            <field name="account_tax_id" ref=""/>
        </record>

        <record id="its_hr_payroll_extend.salary_rule043_carriers_freight" model="hr.salary.rule">
            <field name="name">Dismissal Indemnity</field>
            <field name="code">CAFDISMIS</field>
            <field name="sequence">43</field>
            <field name="appears_on_payslip" eval="True"/>
            <field name="category_id" ref="its_hr_payroll_extend.salary_rule_category018_carriers_freight"/>
            <field name="convention_id" ref="its_hr_convention.convention_carriers_freight"/>
            <field name="active" eval="True"/>
            <field name="accessory" eval="True"/>
            <field name="exceptional_salary" eval="True"/>
            <field name="charge" eval="False"/>
            <field name="net" eval="False"/>
            <field name="condition_select">none</field>
            <field name="amount_select">code</field>
            <field name="amount_python_compute">dismissal = employee.get_rule_value('CAFDISMIS', payslip.date_from, payslip.date_to)
if dismissal:
    seniority = employee.get_seniority(payslip.date_to)
    seniority = seniority // 12
    if seniority &lt;= 5:
        result = employee.get_average_wage(payslip.date_from) * 0.25 * seniority
    elif seniority &lt;= 10:
        result = employee.get_average_wage(payslip.date_from) * 0.3 * seniority
    elif seniority &lt;= 15:
        result = employee.get_average_wage(payslip.date_from) * 0.4 * seniority
    elif seniority &lt;= 20:
        result = employee.get_average_wage(payslip.date_from) * 0.45 * seniority
    elif seniority &gt; 20:
        result = employee.get_average_wage(payslip.date_from) * 0.5 * seniority
else:
    result = 0.0
            </field>
            <field name="account_debit" ref=""/>
            <field name="account_credit" ref=""/>
            <field name="account_tax_id" ref=""/>
        </record>

        <record id="its_hr_payroll_extend.salary_rule044_carriers_freight" model="hr.salary.rule">
            <field name="name">End of career Indemnity </field>
            <field name="code">CAFCAREER</field>
            <field name="sequence">44</field>
            <field name="appears_on_payslip" eval="True"/>
            <field name="category_id" ref="its_hr_payroll_extend.salary_rule_category017_carriers_freight"/>
            <field name="convention_id" ref="its_hr_convention.convention_carriers_freight"/>
            <field name="active" eval="True"/>
            <field name="accessory" eval="True"/>
            <field name="exceptional_salary" eval="True"/>
            <field name="charge" eval="False"/>
            <field name="net" eval="False"/>
            <field name="condition_select">none</field>
            <field name="amount_select">code</field>
            <field name="amount_python_compute">end_career = employee.get_rule_value('CAFCAREER', payslip.date_from, payslip.date_to)
if end_career:
    seniority = employee.get_seniority(payslip.date_to)
    seniority = seniority // 12
    if seniority &lt;= 5:
        result = (payslip.salary_type == 'holiday') and 0.0 or employee.get_average_wage(payslip.date_from) * 0.4
    elif seniority &lt;= 10:
        result = (payslip.salary_type == 'holiday') and 0.0 or employee.get_average_wage(payslip.date_from) * 0.45
    elif seniority &lt;= 15:
        result = (payslip.salary_type == 'holiday') and 0.0 or employee.get_average_wage(payslip.date_from) * 0.6
    elif seniority &lt;= 20:
        result = (payslip.salary_type == 'holiday') and 0.0 or employee.get_average_wage(payslip.date_from) * 0.65
    elif seniority &gt; 20:
        result = (payslip.salary_type == 'holiday') and 0.0 or employee.get_average_wage(payslip.date_from) * 0.75
else:
    result = 0.0
            </field>
            <field name="account_debit" ref=""/>
            <field name="account_credit" ref=""/>
            <field name="account_tax_id" ref=""/>
        </record>

        <record id="its_hr_payroll_extend.salary_rule045_carriers_freight" model="hr.salary.rule">
            <field name="name">Salary Contribution capped</field>
            <field name="code">CAFCONTCAPPED</field>
            <field name="sequence">45</field>
            <field name="appears_on_payslip" eval="True"/>
            <field name="category_id" ref="its_hr_payroll_extend.salary_rule_category030_carriers_freight"/>
            <field name="convention_id" ref="its_hr_convention.convention_carriers_freight"/>
            <field name="active" eval="True"/>
            <field name="accessory" eval="False"/>
            <field name="charge" eval="False"/>
            <field name="capped" eval="True"/>
            <field name="net" eval="False"/>
            <field name="condition_select">none</field>
            <field name="amount_select">code</field>
            <field name="amount_python_compute">contribution = categories.CAFCATCONT
if contribution > 750000:
    result = 750000
else:
    result = contribution</field>
            <field name="register_id" ref="its_hr_payroll_extend.contributor_nsif"/>
            <field name="account_debit" ref=""/>
            <field name="account_credit" ref=""/>
            <field name="account_tax_id" ref=""/>
        </record>

        <record id="its_hr_payroll_extend.salary_rule045_carriers_freight_1" model="hr.salary.rule">
            <field name="name">Salary Contribution</field>
            <field name="code">CAFCONTSAL</field>
            <field name="sequence">45</field>
            <field name="appears_on_payslip" eval="True"/>
            <field name="category_id" ref="its_hr_payroll_extend.salary_rule_category030_carriers_freight"/>
            <field name="convention_id" ref="its_hr_convention.convention_carriers_freight"/>
            <field name="active" eval="True"/>
            <field name="accessory" eval="False"/>
            <field name="charge" eval="True"/>
            <field name="contribution" eval="True"/>
            <field name="net" eval="False"/>
            <field name="condition_select">none</field>
            <field name="amount_select">code</field>
            <field name="amount_python_compute">result = categories.CAFCATCONT</field>
            <field name="register_id" eval=""/>
            <field name="account_debit" ref=""/>
            <field name="account_credit" ref=""/>
            <field name="account_tax_id" ref=""/>
        </record>

        <record id="its_hr_payroll_extend.salary_rule045_carriers_freight_2" model="hr.salary.rule">
            <field name="name">Gross Salary Dutiable</field>
            <field name="code">CAFGROSALD</field>
            <field name="sequence">45</field>
            <field name="appears_on_payslip" eval="True"/>
            <field name="category_id" ref="its_hr_payroll_extend.salary_rule_category028_carriers_freight_1"/>
            <field name="convention_id" ref="its_hr_convention.convention_carriers_freight"/>
            <field name="active" eval="True"/>
            <field name="accessory" eval="False"/>
            <field name="charge" eval="True"/>
            <field name="taxable_salary" eval="True"/>
            <field name="net" eval="False"/>
            <field name="condition_select">none</field>
            <field name="amount_select">code</field>
            <field name="amount_python_compute">result = categories.CAFCATGROSALD</field>
            <field name="register_id" eval=""/>
            <field name="account_debit" ref=""/>
            <field name="account_credit" ref=""/>
            <field name="account_tax_id" ref=""/>
        </record>

        <record id="its_hr_payroll_extend.salary_rule046_carriers_freight" model="hr.salary.rule">
            <field name="name">Employers' old-age pension</field>
            <field name="code">CAFEMPOLDAGE</field>
            <field name="sequence">46</field>
            <field name="appears_on_payslip" eval="True"/>
            <field name="category_id" ref="its_hr_payroll_extend.salary_rule_category048_carriers_freight"/>
            <field name="convention_id" ref="its_hr_convention.convention_carriers_freight"/>
            <field name="active" eval="True"/>
            <field name="accessory" eval="False"/>
            <field name="charge" eval="False"/>
            <field name="charge_employer" eval="True"/>
            <field name="social" eval="True"/>
            <field name="net" eval="False"/>
            <field name="condition_select">none</field>
            <field name="amount_select">code</field>
            <field name="amount_python_compute">result = categories.CAFCATCONTCAPPED * 0.042</field>
            <field name="register_id" ref="its_hr_payroll_extend.contributor_nsif"/>
            <field name="account_debit" ref=""/>
            <field name="account_credit" ref=""/>
            <field name="account_tax_id" ref=""/>
        </record>

        <record id="its_hr_payroll_extend.salary_rule047_carriers_freight" model="hr.salary.rule">
            <field name="name">Salary' old-age pension</field>
            <field name="code">CAFSALOLDAGE</field>
            <field name="sequence">47</field>
            <field name="appears_on_payslip" eval="True"/>
            <field name="category_id" ref="its_hr_payroll_extend.salary_rule_category046_carriers_freight"/>
            <field name="convention_id" ref="its_hr_convention.convention_carriers_freight"/>
            <field name="active" eval="True"/>
            <field name="accessory" eval="False"/>
            <field name="charge" eval="True"/>
            <field name="social" eval="True"/>
            <field name="charge_employer" eval="False"/>
            <field name="net" eval="False"/>
            <field name="condition_select">none</field>
            <field name="amount_select">code</field>
            <field name="amount_python_compute">result = categories.CAFCATCONTCAPPED * 0.042</field>
            <field name="register_id" ref="its_hr_payroll_extend.contributor_nsif"/>
            <field name="account_debit" ref=""/>
            <field name="account_credit" ref=""/>
            <field name="account_tax_id" ref=""/>
        </record>

        <record id="its_hr_payroll_extend.salary_rule048_carriers_freight" model="hr.salary.rule">
            <field name="name">Family benefits 7%</field>
            <field name="code">CAFFAMBEN7</field>
            <field name="sequence">48</field>
            <field name="appears_on_payslip" eval="True"/>
            <field name="category_id" ref="its_hr_payroll_extend.salary_rule_category048_carriers_freight"/>
            <field name="convention_id" ref="its_hr_convention.convention_carriers_freight"/>
            <field name="active" eval="True"/>
            <field name="accessory" eval="False"/>
            <field name="charge" eval="False"/>
            <field name="charge_employer" eval="True"/>
            <field name="social" eval="True"/>
            <field name="net" eval="False"/>
            <field name="condition_select">none</field>
            <field name="amount_select">code</field>
            <field name="amount_python_compute">result = categories.CAFCATCONTCAPPED * 0.07</field>
            <field name="register_id" ref="its_hr_payroll_extend.contributor_nsif"/>
            <field name="account_debit" ref=""/>
            <field name="account_credit" ref=""/>
            <field name="account_tax_id" ref=""/>
        </record>

        <record id="its_hr_payroll_extend.salary_rule049_carriers_freight" model="hr.salary.rule">
            <field name="name">Family benefits 5.65%</field>
            <field name="code">CAFFAMBEN5</field>
            <field name="sequence">49</field>
            <field name="appears_on_payslip" eval="True"/>
            <field name="category_id" ref="its_hr_payroll_extend.salary_rule_category048_carriers_freight"/>
            <field name="convention_id" ref="its_hr_convention.convention_carriers_freight"/>
            <field name="active" eval="True"/>
            <field name="accessory" eval="False"/>
            <field name="charge" eval="False"/>
            <field name="charge_employer" eval="True"/>
            <field name="social" eval="True"/>
            <field name="net" eval="False"/>
            <field name="condition_select">none</field>
            <field name="amount_select">code</field>
            <field name="amount_python_compute">result = categories.CAFCATCONTCAPPED * 0.0565</field>
            <field name="register_id" ref="its_hr_payroll_extend.contributor_nsif"/>
            <field name="account_debit" ref=""/>
            <field name="account_credit" ref=""/>
            <field name="account_tax_id" ref=""/>
        </record>

        <record id="its_hr_payroll_extend.salary_rule050_carriers_freight" model="hr.salary.rule">
            <field name="name">Family benefits 3.7%</field>
            <field name="code">CAFFAMBEN3</field>
            <field name="sequence">50</field>
            <field name="appears_on_payslip" eval="True"/>
            <field name="category_id" ref="its_hr_payroll_extend.salary_rule_category048_carriers_freight"/>
            <field name="convention_id" ref="its_hr_convention.convention_carriers_freight"/>
            <field name="active" eval="True"/>
            <field name="accessory" eval="False"/>
            <field name="charge" eval="False"/>
            <field name="charge_employer" eval="True"/>
            <field name="social" eval="True"/>
            <field name="net" eval="False"/>
            <field name="condition_select">none</field>
            <field name="amount_select">code</field>
            <field name="amount_python_compute">result = categories.CAFCATCONTCAPPED * 0.037</field>
            <field name="register_id" ref="its_hr_payroll_extend.contributor_nsif"/>
            <field name="account_debit" ref=""/>
            <field name="account_credit" ref=""/>
            <field name="account_tax_id" ref=""/>
        </record>

        <record id="its_hr_payroll_extend.salary_rule051_carriers_freight" model="hr.salary.rule">
            <field name="name">Work accident and occupational disease 5%</field>
            <field name="code">CAFWORKACC5</field>
            <field name="sequence">51</field>
            <field name="appears_on_payslip" eval="True"/>
            <field name="category_id" ref="its_hr_payroll_extend.salary_rule_category048_carriers_freight"/>
            <field name="convention_id" ref="its_hr_convention.convention_carriers_freight"/>
            <field name="active" eval="True"/>
            <field name="accessory" eval="False"/>
            <field name="charge" eval="False"/>
            <field name="charge_employer" eval="True"/>
            <field name="social" eval="True"/>
            <field name="net" eval="False"/>
            <field name="condition_select">none</field>
            <field name="amount_select">code</field>
            <field name="amount_python_compute">result = categories.CAFCATCONT * 0.05</field>
            <field name="register_id" ref="its_hr_payroll_extend.contributor_nsif"/>
            <field name="account_debit" ref=""/>
            <field name="account_credit" ref=""/>
            <field name="account_tax_id" ref=""/>
        </record>

        <record id="its_hr_payroll_extend.salary_rule052_carriers_freight" model="hr.salary.rule">
            <field name="name">Work accident and occupational disease 2.5%</field>
            <field name="code">CAFWORKACC2</field>
            <field name="sequence">52</field>
            <field name="appears_on_payslip" eval="True"/>
            <field name="category_id" ref="its_hr_payroll_extend.salary_rule_category048_carriers_freight"/>
            <field name="convention_id" ref="its_hr_convention.convention_carriers_freight"/>
            <field name="active" eval="True"/>
            <field name="accessory" eval="False"/>
            <field name="charge" eval="False"/>
            <field name="charge_employer" eval="True"/>
            <field name="social" eval="True"/>
            <field name="net" eval="False"/>
            <field name="condition_select">none</field>
            <field name="amount_select">code</field>
            <field name="amount_python_compute">result = categories.CAFCATCONT * 0.025</field>
            <field name="register_id" ref="its_hr_payroll_extend.contributor_nsif"/>
            <field name="account_debit" ref=""/>
            <field name="account_credit" ref=""/>
            <field name="account_tax_id" ref=""/>
        </record>

        <record id="its_hr_payroll_extend.salary_rule053_carriers_freight" model="hr.salary.rule">
            <field name="name">Work accident and occupational disease 1.75%</field>
            <field name="code">CAFWORKACC1</field>
            <field name="sequence">53</field>
            <field name="appears_on_payslip" eval="True"/>
            <field name="category_id" ref="its_hr_payroll_extend.salary_rule_category048_carriers_freight"/>
            <field name="convention_id" ref="its_hr_convention.convention_carriers_freight"/>
            <field name="active" eval="True"/>
            <field name="accessory" eval="False"/>
            <field name="charge" eval="False"/>
            <field name="charge_employer" eval="True"/>
            <field name="social" eval="True"/>
            <field name="net" eval="False"/>
            <field name="condition_select">none</field>
            <field name="amount_select">code</field>
            <field name="amount_python_compute">result = categories.CAFCATCONT * 0.0175</field>
            <field name="register_id" ref="its_hr_payroll_extend.contributor_nsif"/>
            <field name="account_debit" ref=""/>
            <field name="account_credit" ref=""/>
            <field name="account_tax_id" ref=""/>
        </record>

        <record id="its_hr_payroll_extend.salary_rule054_carriers_freight" model="hr.salary.rule">
            <field name="name">Employee' Financing Housing</field>
            <field name="code">CAFFINHOUEMP</field>
            <field name="sequence">54</field>
            <field name="appears_on_payslip" eval="True"/>
            <field name="category_id" ref="its_hr_payroll_extend.salary_rule_category032_carriers_freight"/>
            <field name="convention_id" ref="its_hr_convention.convention_carriers_freight"/>
            <field name="active" eval="True"/>
            <field name="accessory" eval="False"/>
            <field name="charge" eval="True"/>
            <field name="tax" eval="True"/>
            <field name="charge_employer" eval="False"/>
            <field name="net" eval="False"/>
            <field name="condition_select">none</field>
            <field name="amount_select">code</field>
            <field name="amount_python_compute">result = categories.CAFCATGROSALD * 0.01</field>
            <field name="register_id" ref="its_hr_payroll_extend.contributor_financing"/>
            <field name="account_debit" ref=""/>
            <field name="account_credit" ref=""/>
            <field name="account_tax_id" ref=""/>
        </record>

        <record id="its_hr_payroll_extend.salary_rule055_carriers_freight" model="hr.salary.rule">
            <field name="name">Employer' Financing Housing</field>
            <field name="code">CAFFINHOUEMR</field>
            <field name="sequence">55</field>
            <field name="appears_on_payslip" eval="True"/>
            <field name="category_id" ref="its_hr_payroll_extend.salary_rule_category048_carriers_freight"/>
            <field name="convention_id" ref="its_hr_convention.convention_carriers_freight"/>
            <field name="active" eval="True"/>
            <field name="accessory" eval="False"/>
            <field name="charge" eval="False"/>
            <field name="charge_employer" eval="True"/>
            <field name="tax" eval="True"/>
            <field name="net" eval="False"/>
            <field name="condition_select">none</field>
            <field name="amount_select">code</field>
            <field name="amount_python_compute">result = categories.CAFCATGROSALD * 0.015</field>
            <field name="register_id" ref="its_hr_payroll_extend.contributor_financing"/>
            <field name="account_debit" ref=""/>
            <field name="account_credit" ref=""/>
            <field name="account_tax_id" ref=""/>
        </record>

        <record id="its_hr_payroll_extend.salary_rule056_carriers_freight" model="hr.salary.rule">
            <field name="name">Local Development Taxes</field>
            <field name="code">CAFLDTAXE</field>
            <field name="sequence">56</field>
            <field name="appears_on_payslip" eval="True"/>
            <field name="category_id" ref="its_hr_payroll_extend.salary_rule_category046_carriers_freight"/>
            <field name="convention_id" ref="its_hr_convention.convention_carriers_freight"/>
            <field name="active" eval="True"/>
            <field name="accessory" eval="False"/>
            <field name="charge" eval="True"/>
            <field name="tax" eval="True"/>
            <field name="tdl" eval="True"/>
            <field name="charge_employer" eval="False"/>
            <field name="net" eval="False"/>
            <field name="condition_select">none</field>
            <field name="amount_select">code</field>
            <field name="amount_python_compute">base = categories.CAFCATGROSALD
if base &lt;= 62000:
    result = 0.0
elif base &lt;= 75000:
    result = 250
elif base &lt;= 100000:
    result = 500
elif base &lt;= 125000:
    result = 750
elif base &lt;= 150000:
    result = 1000
elif base &lt;= 200000:
    result = 1250
elif base &lt;= 250000:
    result = 1500
elif base &lt;= 300000:
    result = 2000
elif base &lt;= 500000:
    result = 2250
elif base &gt; 500000:
    result = 2520
            </field>
            <field name="register_id" ref="its_hr_payroll_extend.contributor_ldt"/>
            <field name="account_debit" ref=""/>
            <field name="account_credit" ref=""/>
            <field name="account_tax_id" ref=""/>
        </record>

        <record id="its_hr_payroll_extend.salary_rule057_carriers_freight" model="hr.salary.rule">
            <field name="name">Audiovisual license</field>
            <field name="code">CAFAUDLIC</field>
            <field name="sequence">57</field>
            <field name="appears_on_payslip" eval="True"/>
            <field name="category_id" ref="its_hr_payroll_extend.salary_rule_category046_carriers_freight"/>
            <field name="convention_id" ref="its_hr_convention.convention_carriers_freight"/>
            <field name="active" eval="True"/>
            <field name="accessory" eval="False"/>
            <field name="charge" eval="True"/>
            <field name="tax" eval="True"/>
            <field name="charge_employer" eval="False"/>
            <field name="net" eval="False"/>
            <field name="condition_select">none</field>
            <field name="amount_select">code</field>
            <field name="amount_python_compute">base = categories.CAFCATBASIC
if base &lt;= 50000:
    result = 0
elif base &lt;= 100000:
    result = 750
elif base &lt;= 200000:
    result = 1950
elif base &lt;= 300000:
    result = 3250
elif base &lt;= 400000:
    result = 4550
elif base &lt;= 500000:
    result = 5850
elif base &lt;= 600000:
    result = 7150
elif base &lt;= 700000:
    result = 8450
elif base &lt;= 800000:
    result = 9750
elif base &lt;= 900000:
    result = 11050
elif base &lt;= 1000000:
    result = 12350
elif base &gt; 1000000:
    result = 13000
            </field>
            <field name="register_id" ref="its_hr_payroll_extend.contributor_gov_taxes"/>
            <field name="account_debit" ref=""/>
            <field name="account_credit" ref=""/>
            <field name="account_tax_id" ref=""/>
        </record>

        <record id="its_hr_payroll_extend.salary_rule058_carriers_freight" model="hr.salary.rule">
            <field name="name">Union retainer</field>
            <field name="code">CAFUNRET</field>
            <field name="sequence">58</field>
            <field name="appears_on_payslip" eval="True"/>
            <field name="category_id" ref="its_hr_payroll_extend.salary_rule_category046_carriers_freight"/>
            <field name="convention_id" ref="its_hr_convention.convention_carriers_freight"/>
            <field name="active" eval="True"/>
            <field name="accessory" eval="False"/>
            <field name="charge" eval="True"/>
            <field name="charge_employer" eval="False"/>
            <field name="net" eval="False"/>
            <field name="condition_select">none</field>
            <field name="amount_select">code</field>
            <field name="amount_python_compute">result = categories.CAFCATBASIC * 0.01</field>
            <field name="register_id" ref="its_hr_payroll_extend.contributor_labor_union"/>
            <field name="account_debit" ref=""/>
            <field name="account_credit" ref=""/>
            <field name="account_tax_id" ref=""/>
        </record>

        <record id="its_hr_payroll_extend.salary_rule059_carriers_freight" model="hr.salary.rule">
            <field name="name">IRPP</field>
            <field name="code">CAFIRPP</field>
            <field name="sequence">59</field>
            <field name="appears_on_payslip" eval="True"/>
            <field name="category_id" ref="its_hr_payroll_extend.salary_rule_category033_carriers_freight"/>
            <field name="convention_id" ref="its_hr_convention.convention_carriers_freight"/>
            <field name="active" eval="True"/>
            <field name="accessory" eval="False"/>
            <field name="charge" eval="True"/>
            <field name="tax" eval="True"/>
            <field name="irpp" eval="True"/>
            <field name="charge_employer" eval="False"/>
            <field name="net" eval="False"/>
            <field name="condition_select">none</field>
            <field name="amount_select">code</field>
            <field name="amount_python_compute">dutiable = categories.CAFCATGROSALD
if dutiable &lt;= 62000:
    result = 0
elif dutiable &lt;= 300000:
    result = ((dutiable * 0.7) - (dutiable * 0.042) - 41667) * 0.1
elif dutiable &lt;= 429000:
    result = 16693 + ((dutiable - 310000) * 0.7 * 0.15)
elif dutiable &lt;= 667000:
    result = 29188 + ((dutiable - 429000) * 0.7 * 0.25)
else:
    result = 70830 + ((dutiable - 667000) * 0.7 * 0.35)
            </field>
            <field name="register_id" ref="its_hr_payroll_extend.contributor_gov_taxes"/>
            <field name="account_debit" ref=""/>
            <field name="account_credit" ref=""/>
            <field name="account_tax_id" ref=""/>
        </record>

        <record id="its_hr_payroll_extend.salary_rule060_carriers_freight" model="hr.salary.rule">
            <field name="name">CAC 10% IRPP</field>
            <field name="code">CAFIRPPCAC</field>
            <field name="sequence">60</field>
            <field name="appears_on_payslip" eval="True"/>
            <field name="category_id" ref="its_hr_payroll_extend.salary_rule_category046_carriers_freight"/>
            <field name="convention_id" ref="its_hr_convention.convention_carriers_freight"/>
            <field name="active" eval="True"/>
            <field name="accessory" eval="False"/>
            <field name="charge" eval="True"/>
            <field name="tax" eval="True"/>
            <field name="charge_employer" eval="False"/>
            <field name="net" eval="False"/>
            <field name="condition_select">none</field>
            <field name="amount_select">code</field>
            <field name="amount_python_compute">result = categories.CAFCATIRPP * 0.1</field>
            <field name="register_id" ref="its_hr_payroll_extend.contributor_gov_taxes"/>
            <field name="account_debit" ref=""/>
            <field name="account_credit" ref=""/>
            <field name="account_tax_id" ref=""/>
        </record>

        <record id="its_hr_payroll_extend.salary_rule061_carriers_freight" model="hr.salary.rule">
            <field name="name">FNE</field>
            <field name="code">CAFFNE</field>
            <field name="sequence">61</field>
            <field name="appears_on_payslip" eval="True"/>
            <field name="category_id" ref="its_hr_payroll_extend.salary_rule_category048_carriers_freight"/>
            <field name="convention_id" ref="its_hr_convention.convention_carriers_freight"/>
            <field name="active" eval="True"/>
            <field name="accessory" eval="False"/>
            <field name="charge" eval="False"/>
            <field name="tax" eval="True"/>
            <field name="charge_employer" eval="True"/>
            <field name="net" eval="False"/>
            <field name="condition_select">none</field>
            <field name="amount_select">code</field>
            <field name="amount_python_compute">result = categories.CAFCATGROSALD * 0.01</field>
            <field name="register_id" ref="its_hr_payroll_extend.contributor_gov_taxes"/>
            <field name="account_debit" ref=""/>
            <field name="account_credit" ref=""/>
            <field name="account_tax_id" ref=""/>
        </record>

        <record id="its_hr_payroll_extend.salary_rule062_carriers_freight" model="hr.salary.rule">
            <field name="name">Installment Loan</field>
            <field name="sequence">62</field>
            <field name="code">CAFINSTALL</field>
            <field name="appears_on_payslip" eval="True"/>
            <field name="category_id" ref="its_hr_payroll_extend.salary_rule_category049_carriers_freight"/>
            <field name="convention_id" ref="its_hr_convention.convention_carriers_freight"/>
            <field name="active" eval="True"/>
            <field name="accessory" eval="False"/>
            <field name="charge" eval="False"/>
            <field name="retain" eval="True"/>
            <field name="net" eval="False"/>
            <field name="condition_select">none</field>
            <field name="amount_select">code</field>
            <field name="amount_python_compute">result = employee.get_installment_loan(employee.id, payslip.date_from, payslip.date_to)</field>
            <field name="is_loan_payment">True</field>
        </record>

         <record id="its_hr_payroll_extend.salary_rule063_carriers_freight" model="hr.salary.rule">
            <field name="name">Interest Loan</field>
            <field name="sequence">63</field>
            <field name="code">CAFINTEREST_LOAN</field>
            <field name="appears_on_payslip" eval="True"/>
            <field name="category_id" ref="its_hr_payroll_extend.salary_rule_category049_carriers_freight"/>
            <field name="convention_id" ref="its_hr_convention.convention_carriers_freight"/>
            <field name="active" eval="True"/>
            <field name="accessory" eval="False"/>
            <field name="charge" eval="False"/>
            <field name="retain" eval="True"/>
            <field name="net" eval="False"/>
            <field name="condition_select">none</field>
            <field name="amount_select">code</field>
            <field name="amount_python_compute">result = employee.get_interest_loan(employee.id, payslip.date_from, payslip.date_to)</field>
        </record>

        <record id="its_hr_payroll_extend.salary_rule064_carriers_freight" model="hr.salary.rule">
            <field name="name">Gross Salary</field>
            <field name="sequence">64</field>
            <field name="code">CAFGROSS</field>
            <field name="appears_on_payslip" eval="True"/>
            <field name="category_id" ref="its_hr_payroll_extend.salary_rule_category045_carriers_freight"/>
            <field name="convention_id" ref="its_hr_convention.convention_carriers_freight"/>
            <field name="active" eval="True"/>
            <field name="accessory" eval="True"/>
            <field name="charge" eval="False"/>
            <field name="gross" eval="True"/>
            <field name="retain" eval="False"/>
            <field name="net" eval="False"/>
            <field name="condition_select">none</field>
            <field name="amount_select">code</field>
            <field name="amount_python_compute">result = categories.CAFCATCONT + categories.CAFCATALW</field>
        </record>

        <record id="its_hr_payroll_extend.salary_rule065_carriers_freight" model="hr.salary.rule">
            <field name="name">Deduction</field>
            <field name="sequence" eval="65"/>
            <field name="code">CAFDED</field>
            <field name="appears_on_payslip" eval="True"/>
            <field name="category_id" ref="its_hr_payroll_extend.salary_rule_category043_carriers_freight"/>
            <field name="convention_id" ref="its_hr_convention.convention_carriers_freight"/>
            <field name="active" eval="True"/>
            <field name="accessory" eval="False"/>
            <field name="charge" eval="True"/>
            <field name="retain" eval="False"/>
            <field name="net" eval="False"/>
            <field name="condition_select">none</field>
            <field name="amount_select">code</field>
            <field name="amount_python_compute">result = categories.CAFCATDED</field>
            <!--<field name="register_id" ref="hr_payroll.contrib_register_employees"/>-->
        </record>

        <record id="its_hr_payroll_extend.salary_rule066_carriers_freight" model="hr.salary.rule">
            <field name="name">Net Salary</field>
            <field name="sequence" eval="66"/>
            <field name="code">CAFNET</field>
            <field name="appears_on_payslip" eval="True"/>
            <field name="category_id" ref="its_hr_payroll_extend.salary_rule_category047_carriers_freight"/>
            <field name="convention_id" ref="its_hr_convention.convention_carriers_freight"/>
            <field name="active" eval="True"/>
            <field name="accessory" eval="False"/>
            <field name="charge" eval="False"/>
            <field name="retain" eval="False "/>
            <field name="net" eval="True"/>
            <field name="condition_select">none</field>
            <field name="amount_select">code</field>
            <field name="amount_python_compute">result = categories.CAFCATGROSAL - categories.CAFCATDED</field>
            <field name="register_id" ref="hr_payroll.contrib_register_employees"/>
        </record>

    </data>
</odoo>