<?xml version="1.0" encoding="utf-8"?>
<odoo>
    <data>

        <!-- Processing Industry Convention -->
        <record id="its_hr_payroll_extend.salary_rule_category000_processing_industry" model="hr.salary.rule.category">
            <field name="name">Basic Salary</field>
            <field name="code">PRICATBASIC</field>
            <field name="parent_id" eval="False"/>
            <field name="convention_id" ref="its_hr_convention.convention_processing_industry"/>
        </record>

        <record id="its_hr_payroll_extend.salary_rule_category028_processing_industry" model="hr.salary.rule.category">
            <field name="name">Gross Salary Dutiable</field>
            <field name="code">PRICATGROSALD</field>
            <field name="parent_id" eval="False"/>
            <field name="convention_id" ref="its_hr_convention.convention_processing_industry"/>
        </record>

        <record id="its_hr_payroll_extend.salary_rule_category028_processing_industry_1" model="hr.salary.rule.category">
            <field name="name">Gross Salary Dutiable</field>
            <field name="code">PRICATGROSALD1</field>
            <field name="parent_id" eval="False"/>
            <field name="convention_id" ref="its_hr_convention.convention_processing_industry"/>
        </record>

        <record id="its_hr_payroll_extend.salary_rule_category029_processing_industry" model="hr.salary.rule.category">
            <field name="name">Contribution Salary</field>
            <field name="code">PRICATCONT</field>
            <field name="parent_id" eval="False"/>
            <field name="convention_id" ref="its_hr_convention.convention_processing_industry"/>
        </record>

        <record id="its_hr_payroll_extend.salary_rule_category030_processing_industry" model="hr.salary.rule.category">
            <field name="name">Contribution Salary Capped</field>
            <field name="code">PRICATCONTCAPPED</field>
            <field name="parent_id" eval="False"/>
            <field name="convention_id" ref="its_hr_convention.convention_processing_industry"/>
        </record>

        <record id="its_hr_payroll_extend.salary_rule_category044_processing_industry" model="hr.salary.rule.category">
            <field name="name">Allowance</field>
            <field name="code">PRICATALW</field>
            <field name="convention_id" ref="its_hr_convention.convention_processing_industry"/>
        </record>

        <record id="its_hr_payroll_extend.salary_rule_category045_processing_industry" model="hr.salary.rule.category">
            <field name="name">Gross Salary</field>
            <field name="code">PRICATGROSAL</field>
            <field name="parent_id" eval="False"/>
            <field name="convention_id" ref="its_hr_convention.convention_processing_industry"/>
        </record>

        <record id="its_hr_payroll_extend.salary_rule_category046_processing_industry" model="hr.salary.rule.category">
            <field name="name">Deduction</field>
            <field name="code">PRICATDED</field>
            <field name="convention_id" ref="its_hr_convention.convention_processing_industry"/>
        </record>

        <record id="its_hr_payroll_extend.salary_rule_category049_processing_industry" model="hr.salary.rule.category">
            <field name="name">Retain</field>
            <field name="code">PRICATRETAIN</field>
            <field name="parent_id" ref="its_hr_payroll_extend.salary_rule_category046_processing_industry"/>
            <field name="convention_id" ref="its_hr_convention.convention_processing_industry"/>
        </record>

        <record id="its_hr_payroll_extend.salary_rule_category047_processing_industry" model="hr.salary.rule.category">
            <field name="name">Net</field>
            <field name="code">PRICATNET</field>
            <field name="convention_id" ref="its_hr_convention.convention_processing_industry"/>
        </record>

        <record id="its_hr_payroll_extend.salary_rule_category048_processing_industry" model="hr.salary.rule.category">
            <field name="name">Company Contribution</field>
            <field name="code">PRICATCAFP</field>
            <field name="convention_id" ref="its_hr_convention.convention_processing_industry"/>
        </record>

        <record id="its_hr_payroll_extend.salary_rule_category043_processing_industry" model="hr.salary.rule.category">
            <field name="name">Deduction</field>
            <field name="code">PRICATDED1</field>
            <field name="convention_id" ref="its_hr_convention.convention_processing_industry"/>
        </record>

        <record id="its_hr_payroll_extend.salary_rule_category027_processing_industry" model="hr.salary.rule.category">
            <field name="name">Reference Salary</field>
            <field name="code">PRICATREF</field>
            <field name="parent_id" ref="its_hr_payroll_extend.salary_rule_category029_processing_industry"/>
            <field name="convention_id" ref="its_hr_convention.convention_processing_industry"/>
        </record>

        <record id="its_hr_payroll_extend.salary_rule_category025_processing_industry" model="hr.salary.rule.category">
            <field name="name">Base Salary Group 1</field>
            <field name="code">PRICATBASAL1</field>
            <field name="parent_id" ref="its_hr_payroll_extend.salary_rule_category027_processing_industry"/>
            <field name="convention_id" ref="its_hr_convention.convention_processing_industry"/>
        </record>

        <record id="its_hr_payroll_extend.salary_rule_category024_processing_industry" model="hr.salary.rule.category">
            <field name="name">Base Salary Group 0</field>
            <field name="code">PRICATBASAL0</field>
            <field name="parent_id" ref="its_hr_payroll_extend.salary_rule_category025_processing_industry"/>
            <field name="convention_id" ref="its_hr_convention.convention_processing_industry"/>
        </record>

        <record id="its_hr_payroll_extend.salary_rule_category001_processing_industry" model="hr.salary.rule.category">
            <field name="name">Seniority</field>
            <field name="code">PRICATSENIOR</field>
            <field name="parent_id" ref="its_hr_payroll_extend.salary_rule_category024_processing_industry"/>
            <field name="convention_id" ref="its_hr_convention.convention_processing_industry"/>
        </record>

        <record id="its_hr_payroll_extend.salary_rule_category002_processing_industry" model="hr.salary.rule.category">
            <field name="name">Responsibility</field>
            <field name="code">PRICATRESPON</field>
            <field name="parent_id" ref="its_hr_payroll_extend.salary_rule_category044_processing_industry"/>
            <field name="convention_id" ref="its_hr_convention.convention_processing_industry"/>
        </record>

        <record id="its_hr_payroll_extend.salary_rule_category003_processing_industry" model="hr.salary.rule.category">
            <field name="name">Dirty</field>
            <field name="code">PRICATDIRTY</field>
            <field name="parent_id" ref="its_hr_payroll_extend.salary_rule_category044_processing_industry"/>
            <field name="convention_id" ref="its_hr_convention.convention_processing_industry"/>
        </record>

        <record id="its_hr_payroll_extend.salary_rule_category004_processing_industry" model="hr.salary.rule.category">
            <field name="name">Basket</field>
            <field name="code">PRICATBASK</field>
            <field name="parent_id" ref="its_hr_payroll_extend.salary_rule_category044_processing_industry"/>
            <field name="convention_id" ref="its_hr_convention.convention_processing_industry"/>
        </record>

        <record id="its_hr_payroll_extend.salary_rule_category005_processing_industry" model="hr.salary.rule.category">
            <field name="name">Technicality</field>
            <field name="code">PRICATTECHN</field>
            <field name="parent_id" ref="its_hr_payroll_extend.salary_rule_category044_processing_industry"/>
            <field name="convention_id" ref="its_hr_convention.convention_processing_industry"/>
        </record>

        <record id="its_hr_payroll_extend.salary_rule_category006_processing_industry" model="hr.salary.rule.category">
            <field name="name">Cashier</field>
            <field name="code">PRICATCASH</field>
            <field name="parent_id" ref="its_hr_payroll_extend.salary_rule_category044_processing_industry"/>
            <field name="convention_id" ref="its_hr_convention.convention_processing_industry"/>
        </record>

        <record id="its_hr_payroll_extend.salary_rule_category007_processing_industry" model="hr.salary.rule.category">
            <field name="name">Warehouse</field>
            <field name="code">PRICATWARE</field>
            <field name="parent_id" ref="its_hr_payroll_extend.salary_rule_category044_processing_industry"/>
            <field name="convention_id" ref="its_hr_convention.convention_processing_industry"/>
        </record>

        <record id="its_hr_payroll_extend.salary_rule_category008_processing_industry" model="hr.salary.rule.category">
            <field name="name">Assiduity</field>
            <field name="code">PRICATASSID</field>
            <field name="parent_id" ref="its_hr_payroll_extend.salary_rule_category044_processing_industry"/>
            <field name="convention_id" ref="its_hr_convention.convention_processing_industry"/>
        </record>

        <record id="its_hr_payroll_extend.salary_rule_category009_processing_industry" model="hr.salary.rule.category">
            <field name="name">Subjection/Management</field>
            <field name="code">PRICATSUBJMANAG</field>
            <field name="parent_id" ref="its_hr_payroll_extend.salary_rule_category044_processing_industry"/>
            <field name="convention_id" ref="its_hr_convention.convention_processing_industry"/>
        </record>

        <record id="its_hr_payroll_extend.salary_rule_category010_processing_industry" model="hr.salary.rule.category">
            <field name="name">Leaves</field>
            <field name="code">PRICATLEAVE</field>
            <field name="parent_id" ref="its_hr_payroll_extend.salary_rule_category024_processing_industry"/>
            <field name="convention_id" ref="its_hr_convention.convention_processing_industry"/>
        </record>

        <record id="its_hr_payroll_extend.salary_rule_category011_processing_industry" model="hr.salary.rule.category">
            <field name="name">Representation</field>
            <field name="code">PRICATREPRES</field>
            <field name="parent_id" ref="its_hr_payroll_extend.salary_rule_category044_processing_industry"/>
            <field name="convention_id" ref="its_hr_convention.convention_processing_industry"/>
        </record>

        <record id="its_hr_payroll_extend.salary_rule_category012_processing_industry" model="hr.salary.rule.category">
            <field name="name">Results</field>
            <field name="code">PRICATRESULT</field>
            <field name="parent_id" ref="its_hr_payroll_extend.salary_rule_category044_processing_industry"/>
            <field name="convention_id" ref="its_hr_convention.convention_processing_industry"/>
        </record>

        <record id="its_hr_payroll_extend.salary_rule_category013_processing_industry" model="hr.salary.rule.category">
            <field name="name">Tools and safety</field>
            <field name="code">PRICATTOOLSAF</field>
            <field name="parent_id" ref="its_hr_payroll_extend.salary_rule_category044_processing_industry"/>
            <field name="convention_id" ref="its_hr_convention.convention_processing_industry"/>
        </record>

        <record id="its_hr_payroll_extend.salary_rule_category026_processing_industry" model="hr.salary.rule.category">
            <field name="name">Base Salary Group 2</field>
            <field name="code">PRICATBASAL2</field>
            <field name="parent_id" ref="its_hr_payroll_extend.salary_rule_category027_processing_industry"/>
            <field name="convention_id" ref="its_hr_convention.convention_processing_industry"/>
        </record>

        <record id="its_hr_payroll_extend.salary_rule_category042_processing_industry" model="hr.salary.rule.category">
            <field name="name">Telephone and Internet Fee</field>
            <field name="code">PRICATTELINTERN</field>
            <field name="parent_id" ref="its_hr_payroll_extend.salary_rule_category026_processing_industry"/>
            <field name="convention_id" ref="its_hr_convention.convention_processing_industry"/>
        </record>

        <record id="its_hr_payroll_extend.salary_rule_category014_processing_industry" model="hr.salary.rule.category">
            <field name="name">Death</field>
            <field name="code">PRICATDEATH</field>
            <field name="parent_id" ref="its_hr_payroll_extend.salary_rule_category044_processing_industry"/>
            <field name="convention_id" ref="its_hr_convention.convention_processing_industry"/>
        </record>

        <record id="its_hr_payroll_extend.salary_rule_category015_processing_industry" model="hr.salary.rule.category">
            <field name="name">Reconversion</field>
            <field name="code">PRICATRECONV</field>
            <field name="parent_id" ref="its_hr_payroll_extend.salary_rule_category044_processing_industry"/>
            <field name="convention_id" ref="its_hr_convention.convention_processing_industry"/>
        </record>

        <record id="its_hr_payroll_extend.salary_rule_category016_processing_industry" model="hr.salary.rule.category">
            <field name="name">Travel</field>
            <field name="code">PRICATTRAVEL</field>
            <field name="parent_id" ref="its_hr_payroll_extend.salary_rule_category044_processing_industry"/>
            <field name="convention_id" ref="its_hr_convention.convention_processing_industry"/>
        </record>

        <record id="its_hr_payroll_extend.salary_rule_category017_processing_industry" model="hr.salary.rule.category">
            <field name="name">End of career</field>
            <field name="code">PRICATCAREER</field>
            <field name="parent_id" ref="its_hr_payroll_extend.salary_rule_category044_processing_industry"/>
            <field name="convention_id" ref="its_hr_convention.convention_processing_industry"/>
        </record>

        <record id="its_hr_payroll_extend.salary_rule_category018_processing_industry" model="hr.salary.rule.category">
            <field name="name">Dismissal</field>
            <field name="code">PRICATDISM</field>
            <field name="parent_id" ref="its_hr_payroll_extend.salary_rule_category044_processing_industry"/>
            <field name="convention_id" ref="its_hr_convention.convention_processing_industry"/>
        </record>

        <record id="its_hr_payroll_extend.salary_rule_category019_processing_industry" model="hr.salary.rule.category">
            <field name="name">Gratification</field>
            <field name="code">PRICATGRATIF</field>
            <field name="parent_id" ref="its_hr_payroll_extend.salary_rule_category044_processing_industry"/>
            <field name="convention_id" ref="its_hr_convention.convention_processing_industry"/>
        </record>

        <record id="its_hr_payroll_extend.salary_rule_category041_processing_industry" model="hr.salary.rule.category">
            <field name="name">Gratification Medal</field>
            <field name="code">PRICATGRATIFMEDAL</field>
            <field name="parent_id" ref="its_hr_payroll_extend.salary_rule_category029_processing_industry"/>
            <field name="convention_id" ref="its_hr_convention.convention_processing_industry"/>
        </record>

        <record id="its_hr_payroll_extend.salary_rule_category020_processing_industry" model="hr.salary.rule.category">
            <field name="name">Canteen</field>
            <field name="code">PRICATCANTEEN</field>
            <field name="parent_id" ref="its_hr_payroll_extend.salary_rule_category044_processing_industry"/>
            <field name="convention_id" ref="its_hr_convention.convention_processing_industry"/>
        </record>

        <record id="its_hr_payroll_extend.salary_rule_category021_processing_industry" model="hr.salary.rule.category">
            <field name="name">Transport</field>
            <field name="code">PRICATTRANS</field>
            <field name="parent_id" ref="its_hr_payroll_extend.salary_rule_category026_processing_industry"/>
            <field name="convention_id" ref="its_hr_convention.convention_processing_industry"/>
        </record>

        <record id="its_hr_payroll_extend.salary_rule_category022_processing_industry" model="hr.salary.rule.category">
            <field name="name">Indemnities</field>
            <field name="code">PRICATINDEMN</field>
            <field name="parent_id" ref="its_hr_payroll_extend.salary_rule_category029_processing_industry"/>
            <field name="convention_id" ref="its_hr_convention.convention_processing_industry"/>
        </record>

        <record id="its_hr_payroll_extend.salary_rule_category034_processing_industry" model="hr.salary.rule.category">
            <field name="name">Housing Indemnities</field>
            <field name="code">PRICATHOUSINDEMN</field>
            <field name="parent_id" ref="its_hr_payroll_extend.salary_rule_category022_processing_industry"/>
            <field name="convention_id" ref="its_hr_convention.convention_processing_industry"/>
        </record>

        <record id="its_hr_payroll_extend.salary_rule_category035_processing_industry" model="hr.salary.rule.category">
            <field name="name">Vehicle Indemnities</field>
            <field name="code">PRICATVEHINDEMN</field>
            <field name="parent_id" ref="its_hr_payroll_extend.salary_rule_category022_processing_industry"/>
            <field name="convention_id" ref="its_hr_convention.convention_processing_industry"/>
        </record>

        <record id="its_hr_payroll_extend.salary_rule_category036_processing_industry" model="hr.salary.rule.category">
            <field name="name">Electricity Indemnities</field>
            <field name="code">PRICATELECTINDEMN</field>
            <field name="parent_id" ref="its_hr_payroll_extend.salary_rule_category022_processing_industry"/>
            <field name="convention_id" ref="its_hr_convention.convention_processing_industry"/>
        </record>

        <record id="its_hr_payroll_extend.salary_rule_category037_processing_industry" model="hr.salary.rule.category">
            <field name="name">Water Indemnities</field>
            <field name="code">PRICATWATERINDEMN</field>
            <field name="parent_id" ref="its_hr_payroll_extend.salary_rule_category022_processing_industry"/>
            <field name="convention_id" ref="its_hr_convention.convention_processing_industry"/>
        </record>

        <record id="its_hr_payroll_extend.salary_rule_category038_processing_industry" model="hr.salary.rule.category">
            <field name="name">Maid Indemnities</field>
            <field name="code">PRICATMAIDINDEMN</field>
            <field name="parent_id" ref="its_hr_payroll_extend.salary_rule_category022_processing_industry"/>
            <field name="convention_id" ref="its_hr_convention.convention_processing_industry"/>
        </record>

        <record id="its_hr_payroll_extend.salary_rule_category039_processing_industry" model="hr.salary.rule.category">
            <field name="name">Food Indemnities</field>
            <field name="code">PRICATFOODINDEMN</field>
            <field name="parent_id" ref="its_hr_payroll_extend.salary_rule_category022_processing_industry"/>
            <field name="convention_id" ref="its_hr_convention.convention_processing_industry"/>
        </record>

        <record id="its_hr_payroll_extend.salary_rule_category023_processing_industry" model="hr.salary.rule.category">
            <field name="name">Tax Indemnities</field>
            <field name="code">PRICATTAXINDEMN</field>
            <field name="parent_id" ref="its_hr_payroll_extend.salary_rule_category028_processing_industry"/>
            <field name="convention_id" ref="its_hr_convention.convention_processing_industry"/>
        </record>

        <record id="its_hr_payroll_extend.salary_rule_category040_processing_industry" model="hr.salary.rule.category">
            <field name="name">Reference Salary</field>
            <field name="code">PRICATREF1</field>
            <field name="parent_id" ref="its_hr_payroll_extend.salary_rule_category028_processing_industry"/>
            <field name="convention_id" ref="its_hr_convention.convention_processing_industry"/>
        </record>

        <record id="its_hr_payroll_extend.salary_rule_category031_processing_industry" model="hr.salary.rule.category">
            <field name="name">Overtime</field>
            <field name="code">PRICATOVER</field>
            <field name="parent_id" ref="its_hr_payroll_extend.salary_rule_category026_processing_industry"/>
            <field name="convention_id" ref="its_hr_convention.convention_processing_industry"/>
        </record>

        <record id="its_hr_payroll_extend.salary_rule_category032_processing_industry" model="hr.salary.rule.category">
            <field name="name">Financing Housing Base</field>
            <field name="code">PRICATFINHOU</field>
            <field name="parent_id" ref="its_hr_payroll_extend.salary_rule_category046_processing_industry"/>
            <field name="convention_id" ref="its_hr_convention.convention_processing_industry"/>
        </record>

        <record id="its_hr_payroll_extend.salary_rule_category033_processing_industry" model="hr.salary.rule.category">
            <field name="name">IRPP</field>
            <field name="code">PRICATIRPP</field>
            <field name="parent_id" ref="its_hr_payroll_extend.salary_rule_category046_processing_industry"/>
            <field name="convention_id" ref="its_hr_convention.convention_processing_industry"/>
        </record>

    </data>
</odoo>