<?xml version="1.0" encoding="utf-8"?>
<odoo>
    <data>
        <!-- Commerce Convention -->
        <record id="its_hr_payroll_extend.salary_rule_category028_commerce" model="hr.salary.rule.category">
            <field name="name">Gross Salary Dutiable</field>
            <field name="code">COMCATGROSALD</field>
            <field name="parent_id" eval="False"/>
            <field name="convention_id" ref="its_hr_convention.convention_commerce"/>
        </record>

        <record id="its_hr_payroll_extend.salary_rule_category028_commerce_1" model="hr.salary.rule.category">
            <field name="name">Gross Salary Dutiable</field>
            <field name="code">COMCATGROSALD1</field>
            <field name="parent_id" eval="False"/>
            <field name="convention_id" ref="its_hr_convention.convention_commerce"/>
        </record>

        <record id="its_hr_payroll_extend.salary_rule_category029_commerce" model="hr.salary.rule.category">
            <field name="name">Contribution Salary</field>
            <field name="code">COMCATCONT</field>
            <field name="parent_id" eval="False"/>
            <field name="convention_id" ref="its_hr_convention.convention_commerce"/>
        </record>

        <record id="its_hr_payroll_extend.salary_rule_category030_commerce" model="hr.salary.rule.category">
            <field name="name">Contribution Salary Capped</field>
            <field name="code">COMCATCONTCAPPED</field>
            <field name="parent_id" eval="False"/>
            <field name="convention_id" ref="its_hr_convention.convention_commerce"/>
        </record>

        <record id="hr_payroll.ALW" model="hr.salary.rule.category">
            <field name="name">Allowance</field>
            <field name="code">COMCATALW</field>
            <field name="convention_id" ref="its_hr_convention.convention_commerce"/>
        </record>

        <record id="hr_payroll.GROSS" model="hr.salary.rule.category">
            <field name="name">Gross Salary</field>
            <field name="code">COMCATGROSAL</field>
            <field name="parent_id" eval="False"/>
            <field name="convention_id" ref="its_hr_convention.convention_commerce"/>
        </record>

        <record id="hr_payroll.DED" model="hr.salary.rule.category">
            <field name="name">Deduction</field>
            <field name="code">COMCATDED</field>
            <field name="convention_id" ref="its_hr_convention.convention_commerce"/>
        </record>

        <record id="its_hr_payroll_extend.salary_rule_category044_commerce" model="hr.salary.rule.category">
            <field name="name">Retain</field>
            <field name="code">COMCATRETAIN</field>
            <field name="parent_id" ref="hr_payroll.DED"/>
            <field name="convention_id" ref="its_hr_convention.convention_commerce"/>
        </record>

        <record id="hr_payroll.NET" model="hr.salary.rule.category">
            <field name="name">Net</field>
            <field name="code">COMCATNET</field>
            <field name="convention_id" ref="its_hr_convention.convention_commerce"/>
        </record>

        <record id="hr_payroll.COMP" model="hr.salary.rule.category">
            <field name="name">Company Contribution</field>
            <field name="code">COMCATCOMP</field>
            <field name="convention_id" ref="its_hr_convention.convention_commerce"/>
        </record>

        <record id="its_hr_payroll_extend.salary_rule_category043_commerce" model="hr.salary.rule.category">
            <field name="name">Deduction</field>
            <field name="code">COMCATDED1</field>
            <field name="convention_id" ref="its_hr_convention.convention_commerce"/>
        </record>

        <record id="its_hr_payroll_extend.salary_rule_category027_commerce" model="hr.salary.rule.category">
            <field name="name">Reference Salary</field>
            <field name="code">COMCATREF</field>
            <field name="parent_id" ref="its_hr_payroll_extend.salary_rule_category029_commerce"/>
            <field name="convention_id" ref="its_hr_convention.convention_commerce"/>
        </record>

        <record id="hr_payroll.BASIC" model="hr.salary.rule.category">
            <field name="name">Basic Salary</field>
            <field name="code">COMCATBASIC</field>
            <field name="parent_id" ref="its_hr_payroll_extend.salary_rule_category027_commerce"/>
            <field name="convention_id" ref="its_hr_convention.convention_commerce"/>
        </record>

        <record id="its_hr_payroll_extend.salary_rule_category025_commerce" model="hr.salary.rule.category">
            <field name="name">Base Salary Group 1</field>
            <field name="code">COMCATBASAL1</field>
            <field name="parent_id" ref="its_hr_payroll_extend.salary_rule_category027_commerce"/>
            <field name="convention_id" ref="its_hr_convention.convention_commerce"/>
        </record>

        <record id="its_hr_payroll_extend.salary_rule_category024_commerce" model="hr.salary.rule.category">
            <field name="name">Base Salary Group 0</field>
            <field name="code">COMCATBASAL0</field>
            <field name="parent_id" ref="its_hr_payroll_extend.salary_rule_category025_commerce"/>
            <field name="convention_id" ref="its_hr_convention.convention_commerce"/>
        </record>

        <record id="its_hr_payroll_extend.salary_rule_category001_commerce" model="hr.salary.rule.category">
            <field name="name">Seniority</field>
            <field name="code">COMCATSENIOR</field>
            <field name="parent_id" ref="its_hr_payroll_extend.salary_rule_category024_commerce"/>
            <field name="convention_id" ref="its_hr_convention.convention_commerce"/>
        </record>

        <record id="its_hr_payroll_extend.salary_rule_category002_commerce" model="hr.salary.rule.category">
            <field name="name">Responsibility</field>
            <field name="code">COMCATRESPON</field>
            <field name="parent_id" ref="hr_payroll.ALW"/>
            <field name="convention_id" ref="its_hr_convention.convention_commerce"/>
        </record>

        <record id="its_hr_payroll_extend.salary_rule_category003_commerce" model="hr.salary.rule.category">
            <field name="name">Dirty</field>
            <field name="code">COMCATDIRTY</field>
            <field name="parent_id" ref="hr_payroll.ALW"/>
            <field name="convention_id" ref="its_hr_convention.convention_commerce"/>
        </record>

        <record id="its_hr_payroll_extend.salary_rule_category004_commerce" model="hr.salary.rule.category">
            <field name="name">Basket</field>
            <field name="code">COMCATBASK</field>
            <field name="parent_id" ref="hr_payroll.ALW"/>
            <field name="convention_id" ref="its_hr_convention.convention_commerce"/>
        </record>

        <record id="its_hr_payroll_extend.salary_rule_category005_commerce" model="hr.salary.rule.category">
            <field name="name">Technicality</field>
            <field name="code">COMCATTECHN</field>
            <field name="parent_id" ref="hr_payroll.ALW"/>
            <field name="convention_id" ref="its_hr_convention.convention_commerce"/>
        </record>

        <record id="its_hr_payroll_extend.salary_rule_category006_commerce" model="hr.salary.rule.category">
            <field name="name">Cashier</field>
            <field name="code">COMCATCASH</field>
            <field name="parent_id" ref="hr_payroll.ALW"/>
            <field name="convention_id" ref="its_hr_convention.convention_commerce"/>
        </record>

        <record id="its_hr_payroll_extend.salary_rule_category007_commerce" model="hr.salary.rule.category">
            <field name="name">Warehouse</field>
            <field name="code">COMCATWARE</field>
            <field name="parent_id" ref="hr_payroll.ALW"/>
            <field name="convention_id" ref="its_hr_convention.convention_commerce"/>
        </record>

        <record id="its_hr_payroll_extend.salary_rule_category008_commerce" model="hr.salary.rule.category">
            <field name="name">Assiduity</field>
            <field name="code">COMCATASSID</field>
            <field name="parent_id" ref="hr_payroll.ALW"/>
            <field name="convention_id" ref="its_hr_convention.convention_commerce"/>
        </record>

        <record id="its_hr_payroll_extend.salary_rule_category009_commerce" model="hr.salary.rule.category">
            <field name="name">Subjection/Management</field>
            <field name="code">COMCATSUBJMANAG</field>
            <field name="parent_id" ref="hr_payroll.ALW"/>
            <field name="convention_id" ref="its_hr_convention.convention_commerce"/>
        </record>

        <record id="its_hr_payroll_extend.salary_rule_category010_commerce" model="hr.salary.rule.category">
            <field name="name">Leaves</field>
            <field name="code">COMCATLEAVE</field>
            <field name="parent_id" ref="its_hr_payroll_extend.salary_rule_category024_commerce"/>
            <field name="convention_id" ref="its_hr_convention.convention_commerce"/>
        </record>

        <record id="its_hr_payroll_extend.salary_rule_category011_commerce" model="hr.salary.rule.category">
            <field name="name">Representation</field>
            <field name="code">COMCATREPRES</field>
            <field name="parent_id" ref="hr_payroll.ALW"/>
            <field name="convention_id" ref="its_hr_convention.convention_commerce"/>
        </record>

        <record id="its_hr_payroll_extend.salary_rule_category026_commerce" model="hr.salary.rule.category">
            <field name="name">Base Salary Group 2</field>
            <field name="code">COMCATBASAL2</field>
            <field name="parent_id" ref="its_hr_payroll_extend.salary_rule_category027_commerce"/>
            <field name="convention_id" ref="its_hr_convention.convention_commerce"/>
        </record>

        <record id="its_hr_payroll_extend.salary_rule_category012_commerce" model="hr.salary.rule.category">
            <field name="name">Results</field>
            <field name="code">COMCATRESULT</field>
            <field name="parent_id" ref="hr_payroll.ALW"/>
            <field name="convention_id" ref="its_hr_convention.convention_commerce"/>
        </record>

        <record id="its_hr_payroll_extend.salary_rule_category013_commerce" model="hr.salary.rule.category">
            <field name="name">Tools and safety</field>
            <field name="code">COMCATTOOLSAF</field>
            <field name="parent_id" ref="hr_payroll.ALW"/>
            <field name="convention_id" ref="its_hr_convention.convention_commerce"/>
        </record>

        <record id="its_hr_payroll_extend.salary_rule_category042_commerce" model="hr.salary.rule.category">
            <field name="name">Telephone and Internet Fee</field>
            <field name="code">COMCATTELINTERN</field>
            <field name="parent_id" ref="its_hr_payroll_extend.salary_rule_category026_commerce"/>
            <field name="convention_id" ref="its_hr_convention.convention_commerce"/>
        </record>

        <record id="its_hr_payroll_extend.salary_rule_category014_commerce" model="hr.salary.rule.category">
            <field name="name">Death</field>
            <field name="code">COMCATDEATH</field>
            <field name="parent_id" ref="hr_payroll.ALW"/>
            <field name="convention_id" ref="its_hr_convention.convention_commerce"/>
        </record>

        <record id="its_hr_payroll_extend.salary_rule_category015_commerce" model="hr.salary.rule.category">
            <field name="name">Reconversion</field>
            <field name="code">COMCATRECONV</field>
            <field name="parent_id" ref="hr_payroll.ALW"/>
            <field name="convention_id" ref="its_hr_convention.convention_commerce"/>
        </record>

        <record id="its_hr_payroll_extend.salary_rule_category016_commerce" model="hr.salary.rule.category">
            <field name="name">Travel</field>
            <field name="code">COMCATTRAVEL</field>
            <field name="parent_id" ref="hr_payroll.ALW"/>
            <field name="convention_id" ref="its_hr_convention.convention_commerce"/>
        </record>

        <record id="its_hr_payroll_extend.salary_rule_category017_commerce" model="hr.salary.rule.category">
            <field name="name">End of career</field>
            <field name="code">COMCATCAREER</field>
            <field name="parent_id" ref="hr_payroll.ALW"/>
            <field name="convention_id" ref="its_hr_convention.convention_commerce"/>
        </record>

        <record id="its_hr_payroll_extend.salary_rule_category018_commerce" model="hr.salary.rule.category">
            <field name="name">Dismissal</field>
            <field name="code">COMCATDISM</field>
            <field name="parent_id" ref="hr_payroll.ALW"/>
            <field name="convention_id" ref="its_hr_convention.convention_commerce"/>
        </record>

        <record id="its_hr_payroll_extend.salary_rule_category019_commerce" model="hr.salary.rule.category">
            <field name="name">Gratification</field>
            <field name="code">COMCATGRATIF</field>
            <field name="parent_id" ref="hr_payroll.ALW"/>
            <field name="convention_id" ref="its_hr_convention.convention_commerce"/>
        </record>

        <record id="its_hr_payroll_extend.salary_rule_category041_commerce" model="hr.salary.rule.category">
            <field name="name">Gratification Medal</field>
            <field name="code">COMCATGRATIFMEDAL</field>
            <field name="parent_id" ref="its_hr_payroll_extend.salary_rule_category029_commerce"/>
            <field name="convention_id" ref="its_hr_convention.convention_commerce"/>
        </record>

        <record id="its_hr_payroll_extend.salary_rule_category020_commerce" model="hr.salary.rule.category">
            <field name="name">Canteen</field>
            <field name="code">COMCATCANTEEN</field>
            <field name="parent_id" ref="hr_payroll.ALW"/>
            <field name="convention_id" ref="its_hr_convention.convention_commerce"/>
        </record>

        <record id="its_hr_payroll_extend.salary_rule_category021_commerce" model="hr.salary.rule.category">
            <field name="name">Transport</field>
            <field name="code">COMCATTRANS</field>
            <field name="parent_id" ref="its_hr_payroll_extend.salary_rule_category026_commerce"/>
            <field name="convention_id" ref="its_hr_convention.convention_commerce"/>
        </record>

        <record id="its_hr_payroll_extend.salary_rule_category022_commerce" model="hr.salary.rule.category">
            <field name="name">Indemnities</field>
            <field name="code">COMCATINDEMN</field>
            <field name="parent_id" ref="its_hr_payroll_extend.salary_rule_category029_commerce"/>
            <field name="convention_id" ref="its_hr_convention.convention_commerce"/>
        </record>

        <record id="its_hr_payroll_extend.salary_rule_category034_commerce" model="hr.salary.rule.category">
            <field name="name">Housing Indemnities</field>
            <field name="code">COMCATHOUSINDEMN</field>
            <field name="parent_id" ref="its_hr_payroll_extend.salary_rule_category022_commerce"/>
            <field name="convention_id" ref="its_hr_convention.convention_commerce"/>
        </record>

        <record id="its_hr_payroll_extend.salary_rule_category035_commerce" model="hr.salary.rule.category">
            <field name="name">Vehicle Indemnities</field>
            <field name="code">COMCATVEHINDEMN</field>
            <field name="parent_id" ref="its_hr_payroll_extend.salary_rule_category022_commerce"/>
            <field name="convention_id" ref="its_hr_convention.convention_commerce"/>
        </record>

        <record id="its_hr_payroll_extend.salary_rule_category036_commerce" model="hr.salary.rule.category">
            <field name="name">Electricity Indemnities</field>
            <field name="code">COMCATELECTINDEMN</field>
            <field name="parent_id" ref="its_hr_payroll_extend.salary_rule_category022_commerce"/>
            <field name="convention_id" ref="its_hr_convention.convention_commerce"/>
        </record>

        <record id="its_hr_payroll_extend.salary_rule_category037_commerce" model="hr.salary.rule.category">
            <field name="name">Water Indemnities</field>
            <field name="code">COMCATWATERINDEMN</field>
            <field name="parent_id" ref="its_hr_payroll_extend.salary_rule_category022_commerce"/>
            <field name="convention_id" ref="its_hr_convention.convention_commerce"/>
        </record>

        <record id="its_hr_payroll_extend.salary_rule_category038_commerce" model="hr.salary.rule.category">
            <field name="name">Maid Indemnities</field>
            <field name="code">COMCATMAIDINDEMN</field>
            <field name="parent_id" ref="its_hr_payroll_extend.salary_rule_category022_commerce"/>
            <field name="convention_id" ref="its_hr_convention.convention_commerce"/>
        </record>

        <record id="its_hr_payroll_extend.salary_rule_category039_commerce" model="hr.salary.rule.category">
            <field name="name">Food Indemnities</field>
            <field name="code">COMCATFOODINDEMN</field>
            <field name="parent_id" ref="its_hr_payroll_extend.salary_rule_category022_commerce"/>
            <field name="convention_id" ref="its_hr_convention.convention_commerce"/>
        </record>

        <record id="its_hr_payroll_extend.salary_rule_category023_commerce" model="hr.salary.rule.category">
            <field name="name">Tax Indemnities</field>
            <field name="code">COMCATTAXINDEMN</field>
            <field name="parent_id" ref="its_hr_payroll_extend.salary_rule_category028_commerce"/>
            <field name="convention_id" ref="its_hr_convention.convention_commerce"/>
        </record>

        <record id="its_hr_payroll_extend.salary_rule_category040_commerce" model="hr.salary.rule.category">
            <field name="name">Reference Salary</field>
            <field name="code">COMCATREF1</field>
            <field name="parent_id" ref="its_hr_payroll_extend.salary_rule_category028_commerce"/>
            <field name="convention_id" ref="its_hr_convention.convention_commerce"/>
        </record>

        <record id="its_hr_payroll_extend.salary_rule_category031_commerce" model="hr.salary.rule.category">
            <field name="name">Overtime</field>
            <field name="code">COMCATOVER</field>
            <field name="parent_id" ref="its_hr_payroll_extend.salary_rule_category026_commerce"/>
            <field name="convention_id" ref="its_hr_convention.convention_commerce"/>
        </record>

        <record id="its_hr_payroll_extend.salary_rule_category032_commerce" model="hr.salary.rule.category">
            <field name="name">Financing Housing Base</field>
            <field name="code">COMCATFINHOU</field>
            <field name="parent_id" ref="hr_payroll.DED"/>
            <field name="convention_id" ref="its_hr_convention.convention_commerce"/>
        </record>

        <record id="its_hr_payroll_extend.salary_rule_category033_commerce" model="hr.salary.rule.category">
            <field name="name">IRPP</field>
            <field name="code">COMCATIRPP</field>
            <field name="parent_id" ref="hr_payroll.DED"/>
            <field name="convention_id" ref="its_hr_convention.convention_commerce"/>
        </record>

    </data>
</odoo>