<?xml version="1.0" encoding="utf-8"?>
<odoo>
    <data noupdate="">

        <!-- Carriers, Freight and Transport auxiliaries Convention -->
        <record id="its_hr_payroll_extend.salary_rule001_agriculture" model="hr.salary.rule">
            <field name="name">Basic Salary</field>
            <field name="code">AGRBASIC</field>
            <field name="sequence">1</field>
            <field name="appears_on_payslip" eval="True" />
            <field name="category_id" ref="its_hr_payroll_extend.salary_rule_category001_agriculture"/>
            <field name="convention_id" ref="its_hr_convention.convention_agriculture"/>
            <field name="active" eval="True"/>
            <field name="accessory" eval="True"/>
            <field name="charge" eval="False"/>
            <field name="net" eval="False"/>
            <field name="condition_select">none</field>
            <field name="amount_select">code</field>
            <field name="amount_python_compute">wage = employee.get_rule_value('AGRBASIC', payslip.date_from, payslip.date_to)
if not wage:
    wage = contract.wage
result = payslip.prorata * wage
            </field>
            <field name="account_debit" ref=""/>
            <field name="account_credit" ref=""/>
            <field name="account_tax_id" ref=""/>
        </record>

        <record id="its_hr_payroll_extend.salary_rule002_agriculture" model="hr.salary.rule">
            <field name="name">Seniority bounty</field>
            <field name="code">AGRSENIOR</field>
            <field name="sequence">2</field>
            <field name="appears_on_payslip" eval="True"/>
            <field name="category_id" ref="its_hr_payroll_extend.salary_rule_category001_agriculture"/>
            <field name="convention_id" ref="its_hr_convention.convention_agriculture"/>
            <field name="active" eval="True"/>
            <field name="accessory" eval="True"/>
            <field name="charge" eval="False"/>
            <field name="net" eval="False"/>
            <field name="condition_select">none</field>
            <field name="amount_select">code</field>
            <field name="amount_python_compute">result = employee.get_seniority(payslip.date_to)>24 and ((contract.wage * 0.04) + (contract.wage * 0.02 * (employee.get_seniority(payslip.date_to) - 24) / 12)) or (employee.get_seniority(payslip.date_to)==24 and (contract.wage * 0.04) or 0.0)</field>
            <field name="account_debit" ref=""/>
            <field name="account_credit" ref=""/>
            <field name="account_tax_id" ref=""/>
        </record>

        <record id="its_hr_payroll_extend.salary_rule003_agriculture" model="hr.salary.rule">
            <field name="name">Overtime 10%</field>
            <field name="code">AGROVERTIME10</field>
            <field name="sequence">3</field>
            <field name="appears_on_payslip" eval="True"/>
            <field name="category_id" ref="its_hr_payroll_extend.salary_rule_category031_agriculture"/>
            <field name="convention_id" ref="its_hr_convention.convention_agriculture"/>
            <field name="active" eval="True"/>
            <field name="accessory" eval="True"/>
            <field name="charge" eval="False"/>
            <field name="net" eval="False"/>
            <field name="condition_select">none</field>
            <field name="amount_select">code</field>
            <field name="amount_python_compute">result = employee.get_overtime(10, payslip.date_from, payslip.date_to) * 0.1 * (contract.wage / 173.33)</field>
            <field name="account_debit" ref=""/>
            <field name="account_credit" ref=""/>
            <field name="account_tax_id" ref=""/>
        </record>

        <record id="its_hr_payroll_extend.salary_rule003_agriculture_02" model="hr.salary.rule">
            <field name="name">Overtime 20%</field>
            <field name="code">AGROVERTIME20</field>
            <field name="sequence" eval="3"/>
            <field name="appears_on_payslip" eval="True"/>
            <field name="category_id" ref="its_hr_payroll_extend.salary_rule_category031_agriculture"/>
            <field name="convention_id" ref="its_hr_convention.convention_agriculture"/>
            <field name="active" eval="True"/>
            <field name="accessory" eval="True"/>
            <field name="charge" eval="False"/>
            <field name="net" eval="False"/>
            <field name="condition_select">none</field>
            <field name="amount_select">code</field>
            <field name="amount_python_compute">result = employee.get_overtime(20, payslip.date_from, payslip.date_to)* 0.2 * (contract.wage / 173.33)</field>
            <field name="account_debit" ref=""/>
            <field name="account_credit" ref=""/>
            <field name="account_tax_id" ref=""/>
        </record>

        <record id="its_hr_payroll_extend.salary_rule003_agriculture_03" model="hr.salary.rule">
            <field name="name">Overtime 30%</field>
            <field name="code">AGROVERTIME30</field>
            <field name="sequence" eval="3"/>
            <field name="appears_on_payslip" eval="True"/>
            <field name="category_id" ref="its_hr_payroll_extend.salary_rule_category031_agriculture"/>
            <field name="convention_id" ref="its_hr_convention.convention_agriculture"/>
            <field name="active" eval="True"/>
            <field name="accessory" eval="True"/>
            <field name="charge" eval="False"/>
            <field name="net" eval="False"/>
            <field name="condition_select">none</field>
            <field name="amount_select">code</field>
            <field name="amount_python_compute">result = employee.get_overtime(30, payslip.date_from, payslip.date_to)* 0.3 * (contract.wage / 173.33)</field>
            <field name="account_debit" ref=""/>
            <field name="account_credit" ref=""/>
            <field name="account_tax_id" ref=""/>
        </record>

        <record id="its_hr_payroll_extend.salary_rule003_agriculture_04" model="hr.salary.rule">
            <field name="name">Overtime 40%</field>
            <field name="code">AGROVERTIME40</field>
            <field name="sequence" eval="3"/>
            <field name="appears_on_payslip" eval="True"/>
            <field name="category_id" ref="its_hr_payroll_extend.salary_rule_category031_agriculture"/>
            <field name="convention_id" ref="its_hr_convention.convention_agriculture"/>
            <field name="active" eval="True"/>
            <field name="accessory" eval="True"/>
            <field name="charge" eval="False"/>
            <field name="net" eval="False"/>
            <field name="condition_select">none</field>
            <field name="amount_select">code</field>
            <field name="amount_python_compute">result = employee.get_overtime(40, payslip.date_from, payslip.date_to)* 0.4 * (contract.wage / 173.33)</field>
            <field name="account_debit" ref=""/>
            <field name="account_credit" ref=""/>
            <field name="account_tax_id" ref=""/>
        </record>

        <record id="its_hr_payroll_extend.salary_rule003_agriculture_045" model="hr.salary.rule">
            <field name="name">Overtime 45%</field>
            <field name="code">AGROVERTIME45</field>
            <field name="sequence" eval="3"/>
            <field name="appears_on_payslip" eval="True"/>
            <field name="category_id" ref="its_hr_payroll_extend.salary_rule_category031_agriculture"/>
            <field name="convention_id" ref="its_hr_convention.convention_agriculture"/>
            <field name="active" eval="True"/>
            <field name="accessory" eval="True"/>
            <field name="charge" eval="False"/>
            <field name="net" eval="False"/>
            <field name="condition_select">none</field>
            <field name="amount_select">code</field>
            <field name="amount_python_compute">result = employee.get_overtime(45, payslip.date_from, payslip.date_to) * 0.45 * (contract.wage / 173.33)</field>
            <field name="account_debit" ref=""/>
            <field name="account_credit" ref=""/>
            <field name="account_tax_id" ref=""/>
        </record>

        <record id="its_hr_payroll_extend.salary_rule003_agriculture_05" model="hr.salary.rule">
            <field name="name">Overtime 50%</field>
            <field name="code">AGROVERTIME50</field>
            <field name="sequence">3</field>
            <field name="appears_on_payslip" eval="True"/>
            <field name="category_id" ref="its_hr_payroll_extend.salary_rule_category031_agriculture"/>
            <field name="convention_id" ref="its_hr_convention.convention_agriculture"/>
            <field name="active" eval="True"/>
            <field name="accessory" eval="True"/>
            <field name="charge" eval="False"/>
            <field name="net" eval="False"/>
            <field name="condition_select">none</field>
            <field name="amount_select">code</field>
            <field name="amount_python_compute">result = employee.get_overtime(50, payslip.date_from, payslip.date_to) * 0.5 * (contract.wage / 173.33)</field>
            <field name="account_debit" ref=""/>
            <field name="account_credit" ref=""/>
            <field name="account_tax_id" ref=""/>
        </record>

        <record id="its_hr_payroll_extend.salary_rule003_agriculture_06" model="hr.salary.rule">
            <field name="name">Overtime 60%</field>
            <field name="code">AGROVERTIME60</field>
            <field name="sequence">3</field>
            <field name="appears_on_payslip" eval="True"/>
            <field name="category_id" ref="its_hr_payroll_extend.salary_rule_category031_agriculture"/>
            <field name="convention_id" ref="its_hr_convention.convention_agriculture"/>
            <field name="active" eval="True"/>
            <field name="accessory" eval="True"/>
            <field name="charge" eval="False"/>
            <field name="net" eval="False"/>
            <field name="condition_select">none</field>
            <field name="amount_select">code</field>
            <field name="amount_python_compute">result = employee.get_overtime(60, payslip.date_from, payslip.date_to) * 0.6 * (contract.wage / 173.33)</field>
            <field name="account_debit" ref=""/>
            <field name="account_credit" ref=""/>
            <field name="account_tax_id" ref=""/>
        </record>

        <record id="its_hr_payroll_extend.salary_rule003_agriculture_07" model="hr.salary.rule">
            <field name="name">Overtime 70%</field>
            <field name="code">AGROVERTIME70</field>
            <field name="sequence">3</field>
            <field name="appears_on_payslip" eval="True"/>
            <field name="category_id" ref="its_hr_payroll_extend.salary_rule_category031_agriculture"/>
            <field name="convention_id" ref="its_hr_convention.convention_agriculture"/>
            <field name="active" eval="True"/>
            <field name="accessory" eval="True"/>
            <field name="charge" eval="False"/>
            <field name="net" eval="False"/>
            <field name="condition_select">none</field>
            <field name="amount_select">code</field>
            <field name="amount_python_compute">result = employee.get_overtime(70, payslip.date_from, payslip.date_to) * 0.7 * (contract.wage / 173.33)</field>
            <field name="account_debit" ref=""/>
            <field name="account_credit" ref=""/>
            <field name="account_tax_id" ref=""/>
        </record>

        <record id="its_hr_payroll_extend.salary_rule003_agriculture_08" model="hr.salary.rule">
            <field name="name">Overtime 80%</field>
            <field name="code">AGROVERTIME80</field>
            <field name="sequence">3</field>
            <field name="appears_on_payslip" eval="True"/>
            <field name="category_id" ref="its_hr_payroll_extend.salary_rule_category031_agriculture"/>
            <field name="convention_id" ref="its_hr_convention.convention_agriculture"/>
            <field name="active" eval="True"/>
            <field name="accessory" eval="True"/>
            <field name="charge" eval="False"/>
            <field name="net" eval="False"/>
            <field name="condition_select">none</field>
            <field name="amount_select">code</field>
            <field name="amount_python_compute">result = employee.get_overtime(80, payslip.date_from, payslip.date_to) * 0.8 * (contract.wage / 173.33)</field>
            <field name="account_debit" ref=""/>
            <field name="account_credit" ref=""/>
            <field name="account_tax_id" ref=""/>
        </record>

        <record id="its_hr_payroll_extend.salary_rule003_agriculture_09" model="hr.salary.rule">
            <field name="name">Overtime 90%</field>
            <field name="code">AGROVERTIME90</field>
            <field name="sequence">3</field>
            <field name="appears_on_payslip" eval="True"/>
            <field name="category_id" ref="its_hr_payroll_extend.salary_rule_category031_agriculture"/>
            <field name="convention_id" ref="its_hr_convention.convention_agriculture"/>
            <field name="active" eval="True"/>
            <field name="accessory" eval="True"/>
            <field name="charge" eval="False"/>
            <field name="net" eval="False"/>
            <field name="condition_select">none</field>
            <field name="amount_select">code</field>
            <field name="amount_python_compute">result = employee.get_overtime(90, payslip.date_from, payslip.date_to) * 0.9 * (contract.wage / 173.33)</field>
            <field name="account_debit" ref=""/>
            <field name="account_credit" ref=""/>
            <field name="account_tax_id" ref=""/>
        </record>

        <record id="its_hr_payroll_extend.salary_rule004_agriculture" model="hr.salary.rule">
            <field name="name">Overtime 100%</field>
            <field name="code">AGROVERTIME100</field>
            <field name="sequence">4</field>
            <field name="appears_on_payslip" eval="True"/>
            <field name="category_id" ref="its_hr_payroll_extend.salary_rule_category031_agriculture"/>
            <field name="convention_id" ref="its_hr_convention.convention_agriculture"/>
            <field name="active" eval="True"/>
            <field name="accessory" eval="True"/>
            <field name="charge" eval="False"/>
            <field name="net" eval="False"/>
            <field name="condition_select">none</field>
            <field name="amount_select">code</field>
            <field name="amount_python_compute">result = employee.get_overtime(100, payslip.date_from, payslip.date_to) * (contract.wage / 173.33)</field>
            <field name="account_debit" ref=""/>
            <field name="account_credit" ref=""/>
            <field name="account_tax_id" ref=""/>
        </record>

        <record id="its_hr_payroll_extend.salary_rule005_agriculture" model="hr.salary.rule">
            <field name="name">Cashier bounty</field>
            <field name="code">AGRCASHBOUNT</field>
            <field name="sequence">5</field>
            <field name="appears_on_payslip" eval="True"/>
            <field name="category_id" ref="its_hr_payroll_extend.salary_rule_category006_agriculture"/>
            <field name="convention_id" ref="its_hr_convention.convention_agriculture"/>
            <field name="active" eval="True"/>
            <field name="accessory" eval="True"/>
            <field name="charge" eval="False"/>
            <field name="net" eval="False"/>
            <field name="condition_select">none</field>
            <field name="amount_select">code</field>
            <field name="amount_python_compute">result = payslip.prorata * (employee.get_rule_value('AGRCASHBOUNT', payslip.date_from, payslip.date_to))</field>
            <field name="account_debit" ref=""/>
            <field name="account_credit" ref=""/>
            <field name="account_tax_id" ref=""/>
        </record>

        <record id="its_hr_payroll_extend.salary_rule006_agriculture" model="hr.salary.rule">
            <field name="name">Store bounty</field>
            <field name="code">AGRSTOREBOUNT</field>
            <field name="sequence">6</field>
            <field name="appears_on_payslip" eval="True"/>
            <field name="category_id" ref="its_hr_payroll_extend.salary_rule_category007_agriculture"/>
            <field name="convention_id" ref="its_hr_convention.convention_agriculture"/>
            <field name="active" eval="True"/>
            <field name="accessory" eval="True"/>
            <field name="charge" eval="False"/>
            <field name="net" eval="False"/>
            <field name="condition_select">none</field>
            <field name="amount_select">code</field>
            <field name="amount_python_compute">result = payslip.prorata * (employee.get_rule_value('AGRSTOREBOUNT', payslip.date_from, payslip.date_to))</field>
            <field name="account_debit" ref=""/>
            <field name="account_credit" ref=""/>
            <field name="account_tax_id" ref=""/>
        </record>

        <record id="its_hr_payroll_extend.salary_rule007_agriculture" model="hr.salary.rule">
            <field name="name">Performance bounty</field>
            <field name="code">AGRPERFBOUNT</field>
            <field name="sequence">7</field>
            <field name="appears_on_payslip" eval="True"/>
            <field name="category_id" ref="its_hr_payroll_extend.salary_rule_category024_agriculture"/>
            <field name="convention_id" ref="its_hr_convention.convention_agriculture"/>
            <field name="active" eval="True"/>
            <field name="accessory" eval="True"/>
            <field name="charge" eval="False"/>
            <field name="net" eval="False"/>
            <field name="condition_select">none</field>
            <field name="amount_select">code</field>
            <field name="amount_python_compute">result = payslip.prorata * (employee.get_rule_value('AGRPERFBOUNT', payslip.date_from, payslip.date_to))</field>
            <field name="account_debit" ref=""/>
            <field name="account_credit" ref=""/>
            <field name="account_tax_id" ref=""/>
        </record>

        <record id="its_hr_payroll_extend.salary_rule008_agriculture" model="hr.salary.rule">
            <field name="name">Subjection or management bounty</field>
            <field name="code">AGRSUBJBOUNT</field>
            <field name="sequence">8</field>
            <field name="appears_on_payslip" eval="True"/>
            <field name="category_id" ref="its_hr_payroll_extend.salary_rule_category009_agriculture"/>
            <field name="convention_id" ref="its_hr_convention.convention_agriculture"/>
            <field name="active" eval="True"/>
            <field name="accessory" eval="True"/>
            <field name="charge" eval="False"/>
            <field name="net" eval="False"/>
            <field name="condition_select">none</field>
            <field name="amount_select">code</field>
            <field name="amount_python_compute">result = payslip.prorata * (employee.get_rule_value('AGRSUBJBOUNT', payslip.date_from, payslip.date_to))</field>
            <field name="account_debit" ref=""/>
            <field name="account_credit" ref=""/>
            <field name="account_tax_id" ref=""/>
        </record>

        <record id="its_hr_payroll_extend.salary_rule009_agriculture" model="hr.salary.rule">
            <field name="name">Gratification</field>
            <field name="code">AGRGRATIF</field>
            <field name="sequence">9</field>
            <field name="appears_on_payslip" eval="True"/>
            <field name="category_id" ref="its_hr_payroll_extend.salary_rule_category019_agriculture"/>
            <field name="convention_id" ref="its_hr_convention.convention_agriculture"/>
            <field name="active" eval="True"/>
            <field name="accessory" eval="True"/>
            <field name="exceptional_salary" eval="True"/>
            <field name="charge" eval="False"/>
            <field name="net" eval="False"/>
            <field name="condition_select">none</field>
            <field name="amount_select">code</field>
            <field name="amount_python_compute">result = (payslip.salary_type == 'holiday') and 0.0 or employee.get_rule_value('AGRGRATIF', payslip.date_from, payslip.date_to)</field>
            <field name="account_debit" ref=""/>
            <field name="account_credit" ref=""/>
            <field name="account_tax_id" ref=""/>
        </record>

        <record id="its_hr_payroll_extend.salary_rule010_agriculture" model="hr.salary.rule">
            <field name="name">13th Month</field>
            <field name="code">AGR13TH</field>
            <field name="sequence">10</field>
            <field name="appears_on_payslip" eval="True"/>
            <field name="category_id" ref="its_hr_payroll_extend.salary_rule_category019_agriculture"/>
            <field name="convention_id" ref="its_hr_convention.convention_agriculture"/>
            <field name="active" eval="True"/>
            <field name="accessory" eval="True"/>
            <field name="exceptional_salary" eval="True"/>
            <field name="charge" eval="False"/>
            <field name="net" eval="False"/>
            <field name="condition_select">none</field>
            <field name="amount_select">code</field>
            <field name="amount_python_compute">result = employee.get_rule_value('AGR13TH', payslip.date_from, payslip.date_to)</field>
            <field name="account_debit" ref=""/>
            <field name="account_credit" ref=""/>
            <field name="account_tax_id" ref=""/>
        </record>

        <record id="its_hr_payroll_extend.salary_rule011_agriculture" model="hr.salary.rule">
            <field name="name">Leaves</field>
            <field name="code">AGRLEAVE</field>
            <field name="sequence">11</field>
            <field name="appears_on_payslip" eval="True"/>
            <field name="category_id" ref="its_hr_payroll_extend.salary_rule_category010_agriculture"/>
            <field name="convention_id" ref="its_hr_convention.convention_agriculture"/>
            <field name="active" eval="True"/>
            <field name="accessory" eval="True"/>
            <field name="exceptional_salary" eval="True"/>
            <field name="charge" eval="False"/>
            <field name="net" eval="False"/>
            <field name="condition_select">none</field>
            <field name="amount_select">code</field>
            <!--<field name="amount_python_compute">
                result = employee.thirty_bounty
            </field>-->
            <field name="account_debit" ref=""/>
            <field name="account_credit" ref=""/>
            <field name="account_tax_id" ref=""/>
        </record>

        <record id="its_hr_payroll_extend.salary_rule012_agriculture" model="hr.salary.rule">
            <field name="name">Risk Bounty</field>
            <field name="code">AGRRISK</field>
            <field name="sequence">12</field>
            <field name="appears_on_payslip" eval="True"/>
            <field name="category_id" ref="its_hr_payroll_extend.salary_rule_category019_agriculture"/>
            <field name="convention_id" ref="its_hr_convention.convention_agriculture"/>
            <field name="active" eval="True"/>
            <field name="accessory" eval="True"/>
            <field name="charge" eval="False"/>
            <field name="net" eval="False"/>
            <field name="condition_select">none</field>
            <field name="amount_select">code</field>
            <field name="amount_python_compute">result = payslip.prorata * (employee.get_rule_value('AGRRISK', payslip.date_from, payslip.date_to))</field>
            <field name="account_debit" ref=""/>
            <field name="account_credit" ref=""/>
            <field name="account_tax_id" ref=""/>
        </record>

        <record id="its_hr_payroll_extend.salary_rule013_agriculture" model="hr.salary.rule">
            <field name="name">Balance Sheet Bounty</field>
            <field name="code">AGRBALANCE</field>
            <field name="sequence">13</field>
            <field name="appears_on_payslip" eval="True"/>
            <field name="category_id" ref="its_hr_payroll_extend.salary_rule_category012_agriculture"/>
            <field name="convention_id" ref="its_hr_convention.convention_agriculture"/>
            <field name="active" eval="True"/>
            <field name="accessory" eval="True"/>
            <field name="exceptional_salary" eval="True"/>
            <field name="charge" eval="False"/>
            <field name="net" eval="False"/>
            <field name="condition_select">none</field>
            <field name="amount_select">code</field>
            <field name="amount_python_compute">result = employee.get_rule_value('AGRBALANCE', payslip.date_from, payslip.date_to)</field>
            <field name="account_debit" ref=""/>
            <field name="account_credit" ref=""/>
            <field name="account_tax_id" ref=""/>
        </record>

        <record id="its_hr_payroll_extend.salary_rule014_agriculture" model="hr.salary.rule">
            <field name="name">Representation Indemnity</field>
            <field name="code">AGRREPRES</field>
            <field name="sequence">14</field>
            <field name="appears_on_payslip" eval="True"/>
            <field name="category_id" ref="its_hr_payroll_extend.salary_rule_category011_agriculture"/>
            <field name="convention_id" ref="its_hr_convention.convention_agriculture"/>
            <field name="active" eval="True"/>
            <field name="accessory" eval="True"/>
            <field name="charge" eval="False"/>
            <field name="net" eval="False"/>
            <field name="condition_select">none</field>
            <field name="amount_select">code</field>
            <field name="amount_python_compute">result = payslip.salary_type =='holiday' and 0.0 or payslip.prorata * (employee.get_rule_value('AGRREPRES', payslip.date_from, payslip.date_to))</field>
            <field name="account_debit" ref=""/>
            <field name="account_credit" ref=""/>
            <field name="account_tax_id" ref=""/>
        </record>

        <record id="its_hr_payroll_extend.salary_rule015_agriculture" model="hr.salary.rule">
            <field name="name">Dirty Indemnity</field>
            <field name="code">AGRDIRTY</field>
            <field name="sequence">15</field>
            <field name="appears_on_payslip" eval="True"/>
            <field name="category_id" ref="its_hr_payroll_extend.salary_rule_category003_agriculture"/>
            <field name="convention_id" ref="its_hr_convention.convention_agriculture"/>
            <field name="active" eval="True"/>
            <field name="accessory" eval="True"/>
            <field name="charge" eval="False"/>
            <field name="net" eval="False"/>
            <field name="condition_select">none</field>
            <field name="amount_select">code</field>
            <field name="amount_python_compute">result = (payslip.salary_type == 'holiday') and 0.0 or payslip.prorata * (employee.get_rule_value('AGRDIRTY', payslip.date_from, payslip.date_to))</field>
            <field name="account_debit" ref=""/>
            <field name="account_credit" ref=""/>
            <field name="account_tax_id" ref=""/>
        </record>

        <record id="its_hr_payroll_extend.salary_rule016_agriculture" model="hr.salary.rule">
            <field name="name">Vehicle or others machines Indemnity</field>
            <field name="code">AGRVEHMACH</field>
            <field name="sequence">16</field>
            <field name="appears_on_payslip" eval="True"/>
            <field name="category_id" ref="its_hr_payroll_extend.salary_rule_category019_agriculture"/>
            <field name="convention_id" ref="its_hr_convention.convention_agriculture"/>
            <field name="active" eval="True"/>
            <field name="accessory" eval="True"/>
            <field name="charge" eval="False"/>
            <field name="net" eval="False"/>
            <field name="condition_select">none</field>
            <field name="amount_select">code</field>
            <field name="amount_python_compute">result = payslip.prorata * (employee.get_rule_value('AGRVEHMACH', payslip.date_from, payslip.date_to))</field>
            <field name="account_debit" ref=""/>
            <field name="account_credit" ref=""/>
            <field name="account_tax_id" ref=""/>
        </record>

        <record id="its_hr_payroll_extend.salary_rule017_agriculture" model="hr.salary.rule">
            <field name="name">Individual tool box bounty</field>
            <field name="code">AGRTOOLBOX</field>
            <field name="sequence">17</field>
            <field name="appears_on_payslip" eval="True"/>
            <field name="category_id" ref="its_hr_payroll_extend.salary_rule_category013_agriculture"/>
            <field name="convention_id" ref="its_hr_convention.convention_agriculture"/>
            <field name="active" eval="True"/>
            <field name="accessory" eval="True"/>
            <field name="charge" eval="False"/>
            <field name="net" eval="False"/>
            <field name="condition_select">none</field>
            <field name="amount_select">code</field>
            <field name="amount_python_compute">result = payslip.prorata * (employee.get_rule_value('AGRTOOLBOX', payslip.date_from, payslip.date_to))</field>
            <field name="account_debit" ref=""/>
            <field name="account_credit" ref=""/>
            <field name="account_tax_id" ref=""/>
        </record>

        <record id="its_hr_payroll_extend.salary_rule018_agriculture" model="hr.salary.rule">
            <field name="name">Travel Indemnity</field>
            <field name="code">AGRTRAVEL</field>
            <field name="sequence">18</field>
            <field name="appears_on_payslip" eval="True"/>
            <field name="category_id" ref="its_hr_payroll_extend.salary_rule_category016_agriculture"/>
            <field name="convention_id" ref="its_hr_convention.convention_agriculture"/>
            <field name="active" eval="True"/>
            <field name="accessory" eval="True"/>
            <field name="charge" eval="False"/>
            <field name="net" eval="False"/>
            <field name="condition_select">none</field>
            <field name="amount_select">code</field>
            <field name="amount_python_compute">result = payslip.salary_type =='holiday' and 0.0 or employee.get_rule_value('AGRTRAVEL', payslip.date_from, payslip.date_to)</field>
            <field name="account_debit" ref=""/>
            <field name="account_credit" ref=""/>
            <field name="account_tax_id" ref=""/>
        </record>

        <record id="its_hr_payroll_extend.salary_rule019_agriculture" model="hr.salary.rule">
            <field name="name">Travel related to the function Indemnity</field>
            <field name="code">AGRTRAVELFUNCT</field>
            <field name="sequence">19</field>
            <field name="appears_on_payslip" eval="True"/>
            <field name="category_id" ref="its_hr_payroll_extend.salary_rule_category016_agriculture"/>
            <field name="convention_id" ref="its_hr_convention.convention_agriculture"/>
            <field name="active" eval="True"/>
            <field name="accessory" eval="True"/>
            <field name="charge" eval="False"/>
            <field name="net" eval="False"/>
            <field name="condition_select">none</field>
            <field name="amount_select">code</field>
            <field name="amount_python_compute">result = payslip.salary_type =='holiday' and 0.0 or employee.get_rule_value('AGRTRAVELFUNCT', payslip.date_from, payslip.date_to)</field>
            <field name="account_debit" ref=""/>
            <field name="account_credit" ref=""/>
            <field name="account_tax_id" ref=""/>
        </record>

        <record id="its_hr_payroll_extend.salary_rule020_agriculture" model="hr.salary.rule">
            <field name="name">Short-term Travel Indemnity</field>
            <field name="code">AGRTRAVELSHORT</field>
            <field name="sequence">20</field>
            <field name="appears_on_payslip" eval="True"/>
            <field name="category_id" ref="its_hr_payroll_extend.salary_rule_category016_agriculture"/>
            <field name="convention_id" ref="its_hr_convention.convention_agriculture"/>
            <field name="active" eval="True"/>
            <field name="accessory" eval="True"/>
            <field name="charge" eval="False"/>
            <field name="net" eval="False"/>
            <field name="condition_select">none</field>
            <field name="amount_select">code</field>
            <field name="amount_python_compute">result = payslip.salary_type =='holiday' and 0.0 or employee.get_rule_value('AGRTRAVELSHORT', payslip.date_from, payslip.date_to)</field>
            <field name="account_debit" ref=""/>
            <field name="account_credit" ref=""/>
            <field name="account_tax_id" ref=""/>
        </record>

        <record id="its_hr_payroll_extend.salary_rule021_agriculture" model="hr.salary.rule">
            <field name="name">Basket bounty</field>
            <field name="code">AGRBASKET</field>
            <field name="sequence">21</field>
            <field name="appears_on_payslip" eval="True"/>
            <field name="category_id" ref="its_hr_payroll_extend.salary_rule_category004_agriculture"/>
            <field name="convention_id" ref="its_hr_convention.convention_agriculture"/>
            <field name="active" eval="True"/>
            <field name="accessory" eval="True"/>
            <field name="charge" eval="False"/>
            <field name="net" eval="False"/>
            <field name="condition_select">none</field>
            <field name="amount_select">code</field>
            <field name="amount_python_compute">result = payslip.salary_type =='holiday' and 0.0 or payslip.prorata * (employee.get_rule_value('AGRBASKET', payslip.date_from, payslip.date_to))</field>
            <field name="account_debit" ref=""/>
            <field name="account_credit" ref=""/>
            <field name="account_tax_id" ref=""/>
        </record>

        <record id="its_hr_payroll_extend.salary_rule023_agriculture" model="hr.salary.rule">
            <field name="name">Good Separation bounty</field>
            <field name="code">AGRGOODSEPAR</field>
            <field name="sequence">23</field>
            <field name="appears_on_payslip" eval="True"/>
            <field name="category_id" ref="its_hr_payroll_extend.salary_rule_category026_agriculture"/>
            <field name="convention_id" ref="its_hr_convention.convention_agriculture"/>
            <field name="active" eval="True"/>
            <field name="accessory" eval="True"/>
            <field name="exceptional_salary" eval="True"/>
            <field name="charge" eval="False"/>
            <field name="net" eval="False"/>
            <field name="condition_select">none</field>
            <field name="amount_select">code</field>
            <field name="amount_python_compute">result = employee.get_rule_value('AGRGOODSEPAR', payslip.date_from, payslip.date_to)</field>
            <field name="account_debit" ref=""/>
            <field name="account_credit" ref=""/>
            <field name="account_tax_id" ref=""/>
        </record>

        <record id="its_hr_payroll_extend.salary_rule024_agriculture" model="hr.salary.rule">
            <field name="name">Transport Indemnity</field>
            <field name="code">AGRTRANSPORT</field>
            <field name="sequence">24</field>
            <field name="appears_on_payslip" eval="True"/>
            <field name="category_id" ref="its_hr_payroll_extend.salary_rule_category021_agriculture"/>
            <field name="convention_id" ref="its_hr_convention.convention_agriculture"/>
            <field name="active" eval="True"/>
            <field name="accessory" eval="True"/>
            <field name="charge" eval="False"/>
            <field name="net" eval="False"/>
            <field name="condition_select">none</field>
            <field name="amount_select">code</field>
            <field name="amount_python_compute">result = payslip.salary_type =='holiday' and 0.0 or payslip.prorata * (employee.get_rule_value('AGRTRANSPORT', payslip.date_from, payslip.date_to))</field>
            <field name="account_debit" ref=""/>
            <field name="account_credit" ref=""/>
            <field name="account_tax_id" ref=""/>
        </record>

        <record id="its_hr_payroll_extend.salary_rule025_agriculture" model="hr.salary.rule">
            <field name="name">Water Indemnity</field>
            <field name="code">AGRWATER</field>
            <field name="sequence">25</field>
            <field name="appears_on_payslip" eval="True"/>
            <field name="category_id" ref="its_hr_payroll_extend.salary_rule_category037_agriculture"/>
            <field name="convention_id" ref="its_hr_convention.convention_agriculture"/>
            <field name="active" eval="True"/>
            <field name="accessory" eval="True"/>
            <field name="charge" eval="False"/>
            <field name="net" eval="False"/>
            <field name="condition_select">none</field>
            <field name="amount_select">code</field>
            <field name="amount_python_compute">result = payslip.prorata * (employee.get_rule_value('AGRWATER', payslip.date_from, payslip.date_to))</field>
            <field name="account_debit" ref=""/>
            <field name="account_credit" ref=""/>
            <field name="account_tax_id" ref=""/>
        </record>

        <record id="its_hr_payroll_extend.salary_rule026_agriculture" model="hr.salary.rule">
            <field name="name">Food Indemnity</field>
            <field name="code">AGRFOOD</field>
            <field name="sequence">26</field>
            <field name="appears_on_payslip" eval="True"/>
            <field name="category_id" ref="its_hr_payroll_extend.salary_rule_category039_agriculture"/>
            <field name="convention_id" ref="its_hr_convention.convention_agriculture"/>
            <field name="active" eval="True"/>
            <field name="accessory" eval="True"/>
            <field name="charge" eval="False"/>
            <field name="net" eval="False"/>
            <field name="condition_select">none</field>
            <field name="amount_select">code</field>
            <field name="amount_python_compute">result = payslip.prorata * (employee.get_rule_value('AGRFOOD', payslip.date_from, payslip.date_to))</field>
            <field name="account_debit" ref=""/>
            <field name="account_credit" ref=""/>
            <field name="account_tax_id" ref=""/>
        </record>

        <record id="its_hr_payroll_extend.salary_rule027_agriculture" model="hr.salary.rule">
            <field name="name">Electricity Indemnity</field>
            <field name="code">AGRELECT</field>
            <field name="sequence">27</field>
            <field name="appears_on_payslip" eval="True"/>
            <field name="category_id" ref="its_hr_payroll_extend.salary_rule_category036_agriculture"/>
            <field name="convention_id" ref="its_hr_convention.convention_agriculture"/>
            <field name="active" eval="True"/>
            <field name="accessory" eval="True"/>
            <field name="charge" eval="False"/>
            <field name="net" eval="False"/>
            <field name="condition_select">none</field>
            <field name="amount_select">code</field>
            <field name="amount_python_compute">result = payslip.prorata * (employee.get_rule_value('AGRELECT', payslip.date_from, payslip.date_to))</field>
            <field name="account_debit" ref=""/>
            <field name="account_credit" ref=""/>
            <field name="account_tax_id" ref=""/>
        </record>

        <record id="its_hr_payroll_extend.salary_rule028_agriculture" model="hr.salary.rule">
            <field name="name">Maid Indemnity</field>
            <field name="code">AGRMAID</field>
            <field name="sequence">28</field>
            <field name="appears_on_payslip" eval="True"/>
            <field name="category_id" ref="its_hr_payroll_extend.salary_rule_category038_agriculture"/>
            <field name="convention_id" ref="its_hr_convention.convention_agriculture"/>
            <field name="active" eval="True"/>
            <field name="accessory" eval="True"/>
            <field name="charge" eval="False"/>
            <field name="net" eval="False"/>
            <field name="condition_select">none</field>
            <field name="amount_select">code</field>
            <field name="amount_python_compute">result = payslip.prorata * (employee.get_rule_value('AGRMAID', payslip.date_from, payslip.date_to))</field>
            <field name="account_debit" ref=""/>
            <field name="account_credit" ref=""/>
            <field name="account_tax_id" ref=""/>
        </record>

        <record id="its_hr_payroll_extend.salary_rule022_agriculture" model="hr.salary.rule">
            <field name="name">Housing Indemnity</field>
            <field name="code">AGRHOUSING</field>
            <field name="sequence">22</field>
            <field name="appears_on_payslip" eval="True"/>
            <field name="category_id" ref="its_hr_payroll_extend.salary_rule_category034_agriculture"/>
            <field name="convention_id" ref="its_hr_convention.convention_agriculture"/>
            <field name="active" eval="True"/>
            <field name="accessory" eval="True"/>
            <field name="charge" eval="False"/>
            <field name="net" eval="False"/>
            <field name="condition_select">none</field>
            <field name="amount_select">code</field>
            <field name="amount_python_compute">result = payslip.salary_type =='holiday' and 0.0 or payslip.prorata * (employee.get_rule_value('AGRHOUSING', payslip.date_from, payslip.date_to))</field>
            <field name="account_debit" ref=""/>
            <field name="account_credit" ref=""/>
            <field name="account_tax_id" ref=""/>
        </record>

        <record id="its_hr_payroll_extend.salary_rule029_agriculture" model="hr.salary.rule">
            <field name="name">Vehicle Indemnity</field>
            <field name="code">AGRVEHICLE</field>
            <field name="sequence">29</field>
            <field name="appears_on_payslip" eval="True"/>
            <field name="category_id" ref="its_hr_payroll_extend.salary_rule_category035_agriculture"/>
            <field name="convention_id" ref="its_hr_convention.convention_agriculture"/>
            <field name="active" eval="True"/>
            <field name="accessory" eval="True"/>
            <field name="charge" eval="False"/>
            <field name="net" eval="False"/>
            <field name="condition_select">none</field>
            <field name="amount_select">code</field>
            <field name="amount_python_compute">result = payslip.salary_type =='holiday' and 0.0 or payslip.prorata * (employee.get_rule_value('AGRMAID', payslip.date_from, payslip.date_to))</field>
            <field name="account_debit" ref=""/>
            <field name="account_credit" ref=""/>
            <field name="account_tax_id" ref=""/>
        </record>

        <record id="its_hr_payroll_extend.salary_rule030_agriculture" model="hr.salary.rule">
            <field name="name">Water Tax Indemnity</field>
            <field name="code">AGRWATERTAX</field>
            <field name="sequence">30</field>
            <field name="appears_on_payslip" eval="True"/>
            <field name="category_id" ref="its_hr_payroll_extend.salary_rule_category023_agriculture"/>
            <field name="convention_id" ref="its_hr_convention.convention_agriculture"/>
            <field name="active" eval="True"/>
            <field name="accessory" eval="False"/>
            <field name="charge" eval="False"/>
            <field name="net" eval="False"/>
            <field name="condition_select">none</field>
            <field name="amount_select">code</field>
            <field name="amount_python_compute">water = categories.AGRCATREF * 0.02
real_water = categories.AGRCATWATERINDEMN
if real_water > water:
    result = water
else:
    result = real_water
            </field>
            <field name="account_debit" ref=""/>
            <field name="account_credit" ref=""/>
            <field name="account_tax_id" ref=""/>
        </record>

        <record id="its_hr_payroll_extend.salary_rule031_agriculture" model="hr.salary.rule">
            <field name="name">Food Tax Indemnity</field>
            <field name="code">AGRFOODTAX</field>
            <field name="sequence">31</field>
            <field name="appears_on_payslip" eval="True"/>
            <field name="category_id" ref="its_hr_payroll_extend.salary_rule_category023_agriculture"/>
            <field name="convention_id" ref="its_hr_convention.convention_agriculture"/>
            <field name="active" eval="True"/>
            <field name="accessory" eval="False"/>
            <field name="charge" eval="False"/>
            <field name="net" eval="False"/>
            <field name="condition_select">none</field>
            <field name="amount_select">code</field>
            <field name="amount_python_compute">food = categories.AGRCATREF * 0.1
real_food = categories.AGRCATFOODINDEMN
if real_food > food:
    result = food
else:
    result = real_food</field>
            <field name="account_debit" ref=""/>
            <field name="account_credit" ref=""/>
            <field name="account_tax_id" ref=""/>
        </record>

        <record id="its_hr_payroll_extend.salary_rule032_agriculture" model="hr.salary.rule">
            <field name="name">Electricity Tax Indemnity</field>
            <field name="code">AGRELECTTAX</field>
            <field name="sequence">32</field>
            <field name="appears_on_payslip" eval="True"/>
            <field name="category_id" ref="its_hr_payroll_extend.salary_rule_category023_agriculture"/>
            <field name="convention_id" ref="its_hr_convention.convention_agriculture"/>
            <field name="active" eval="True"/>
            <field name="accessory" eval="False"/>
            <field name="charge" eval="False"/>
            <field name="net" eval="False"/>
            <field name="condition_select">none</field>
            <field name="amount_select">code</field>
            <field name="amount_python_compute">elec = categories.AGRCATREF * 0.04
real_elec = categories.AGRCATELECTINDEMN
if real_elec > elec:
    result = elec
else:
    result = real_elec</field>
            <field name="account_debit" ref=""/>
            <field name="account_credit" ref=""/>
            <field name="account_tax_id" ref=""/>
        </record>

        <record id="its_hr_payroll_extend.salary_rule033_agriculture" model="hr.salary.rule">
            <field name="name">Maid Tax Indemnity</field>
            <field name="code">AGRMAIDTAX</field>
            <field name="sequence">33</field>
            <field name="appears_on_payslip" eval="True"/>
            <field name="category_id" ref="its_hr_payroll_extend.salary_rule_category023_agriculture"/>
            <field name="convention_id" ref="its_hr_convention.convention_agriculture"/>
            <field name="active" eval="True"/>
            <field name="accessory" eval="False"/>
            <field name="charge" eval="False"/>
            <field name="net" eval="False"/>
            <field name="condition_select">none</field>
            <field name="amount_select">code</field>
            <field name="amount_python_compute">maid = categories.AGRCATREF * 0.05
real_maid = categories.AGRCATMAIDINDEMN
if real_maid > maid:
    result = maid
else:
    result = real_maid</field>
            <field name="account_debit" ref=""/>
            <field name="account_credit" ref=""/>
            <field name="account_tax_id" ref=""/>
        </record>

        <record id="its_hr_payroll_extend.salary_rule034_agriculture" model="hr.salary.rule">
            <field name="name">Housing Tax Indemnity</field>
            <field name="code">AGRHOUSINGTAX</field>
            <field name="sequence">34</field>
            <field name="appears_on_payslip" eval="True"/>
            <field name="category_id" ref="its_hr_payroll_extend.salary_rule_category023_agriculture"/>
            <field name="convention_id" ref="its_hr_convention.convention_agriculture"/>
            <field name="active" eval="True"/>
            <field name="accessory" eval="False"/>
            <field name="charge" eval="False"/>
            <field name="net" eval="False"/>
            <field name="condition_select">none</field>
            <field name="amount_select">code</field>
            <field name="amount_python_compute">house = categories.AGRCATREF * 0.15
real_house = categories.AGRCATHOUSINDEMN
if real_house > house:
    result = house
else:
    result = real_house</field>
            <field name="account_debit" ref=""/>
            <field name="account_credit" ref=""/>
            <field name="account_tax_id" ref=""/>
        </record>

        <record id="its_hr_payroll_extend.salary_rule035_agriculture" model="hr.salary.rule">
            <field name="name">Vehicle Tax Indemnity</field>
            <field name="code">AGRVEHICLETAX</field>
            <field name="sequence">35</field>
            <field name="appears_on_payslip" eval="True"/>
            <field name="category_id" ref="its_hr_payroll_extend.salary_rule_category023_agriculture"/>
            <field name="convention_id" ref="its_hr_convention.convention_agriculture"/>
            <field name="active" eval="True"/>
            <field name="accessory" eval="False"/>
            <field name="charge" eval="False"/>
            <field name="net" eval="False"/>
            <field name="condition_select">none</field>
            <field name="amount_select">code</field>
            <field name="amount_python_compute">vehicle = categories.AGRCATREF * 0.1
real_vehicle = categories.AGRCATVEHINDEMN
if real_vehicle > vehicle:
    result = vehicle
else:
    result = real_vehicle</field>
            <field name="account_debit" ref=""/>
            <field name="account_credit" ref=""/>
            <field name="account_tax_id" ref=""/>
        </record>

        <record id="its_hr_payroll_extend.salary_rule036_agriculture" model="hr.salary.rule">
            <field name="name">Responsibility bounty</field>
            <field name="code">AGRRESPONSIB</field>
            <field name="sequence">36</field>
            <field name="appears_on_payslip" eval="True"/>
            <field name="category_id" ref="its_hr_payroll_extend.salary_rule_category002_agriculture"/>
            <field name="convention_id" ref="its_hr_convention.convention_agriculture"/>
            <field name="active" eval="True"/>
            <field name="accessory" eval="True"/>
            <field name="charge" eval="False"/>
            <field name="net" eval="False"/>
            <field name="condition_select">none</field>
            <field name="amount_select">code</field>
            <field name="amount_python_compute">result = payslip.prorata * (employee.get_rule_value('AGRRESPONSIB', payslip.date_from, payslip.date_to))</field>
            <field name="account_debit" ref=""/>
            <field name="account_credit" ref=""/>
            <field name="account_tax_id" ref=""/>
        </record>

        <record id="its_hr_payroll_extend.salary_rule037_agriculture" model="hr.salary.rule">
            <field name="name">Technicality bounty</field>
            <field name="code">AGRTECHNI</field>
            <field name="sequence">37</field>
            <field name="appears_on_payslip" eval="True"/>
            <field name="category_id" ref="its_hr_payroll_extend.salary_rule_category005_agriculture"/>
            <field name="convention_id" ref="its_hr_convention.convention_agriculture"/>
            <field name="active" eval="True"/>
            <field name="accessory" eval="True"/>
            <field name="charge" eval="False"/>
            <field name="net" eval="False"/>
            <field name="condition_select">none</field>
            <field name="amount_select">code</field>
            <field name="amount_python_compute">result = payslip.prorata * (employee.get_rule_value('AGRTECHNI', payslip.date_from, payslip.date_to))</field>
            <field name="account_debit" ref=""/>
            <field name="account_credit" ref=""/>
            <field name="account_tax_id" ref=""/>
        </record>

        <record id="its_hr_payroll_extend.salary_rule038_agriculture" model="hr.salary.rule">
            <field name="name">Telephone or internet charges</field>
            <field name="code">AGRTELINTERNET</field>
            <field name="sequence">38</field>
            <field name="appears_on_payslip" eval="True"/>
            <field name="category_id" ref="its_hr_payroll_extend.salary_rule_category042_agriculture"/>
            <field name="convention_id" ref="its_hr_convention.convention_agriculture"/>
            <field name="active" eval="True"/>
            <field name="accessory" eval="True"/>
            <field name="charge" eval="False"/>
            <field name="net" eval="False"/>
            <field name="condition_select">none</field>
            <field name="amount_select">code</field>
            <field name="amount_python_compute">result = employee.get_rule_value('AGRTELINTERNET', payslip.date_from, payslip.date_to)</field>
            <field name="account_debit" ref=""/>
            <field name="account_credit" ref=""/>
            <field name="account_tax_id" ref=""/>
        </record>

        <record id="its_hr_payroll_extend.salary_rule039_agriculture" model="hr.salary.rule">
            <field name="name">Extra salary</field>
            <field name="code">AGREXTSAL</field>
            <field name="sequence">39</field>
            <field name="appears_on_payslip" eval="True"/>
            <field name="category_id" ref="its_hr_payroll_extend.salary_rule_category024_agriculture"/>
            <field name="convention_id" ref="its_hr_convention.convention_agriculture"/>
            <field name="active" eval="True"/>
            <field name="accessory" eval="True"/>
            <field name="charge" eval="False"/>
            <field name="net" eval="False"/>
            <field name="condition_select">none</field>
            <field name="amount_select">code</field>
            <field name="amount_python_compute">result = payslip.prorata * (employee.get_rule_value('AGREXTSAL', payslip.date_from, payslip.date_to))</field>
            <field name="account_debit" ref=""/>
            <field name="account_credit" ref=""/>
            <field name="account_tax_id" ref=""/>
        </record>

        <record id="its_hr_payroll_extend.salary_rule040_agriculture" model="hr.salary.rule">
            <field name="name">Prior notice</field>
            <field name="code">AGRPRIONOT</field>
            <field name="sequence">40</field>
            <field name="appears_on_payslip" eval="True"/>
            <field name="category_id" ref="its_hr_payroll_extend.salary_rule_category019_agriculture"/>
            <field name="convention_id" ref="its_hr_convention.convention_agriculture"/>
            <field name="active" eval="True"/>
            <field name="accessory" eval="False"/>
            <field name="charge" eval="True"/>
            <field name="net" eval="False"/>
            <field name="condition_select">none</field>
            <field name="amount_select">code</field>
            <field name="amount_python_compute">result = payslip.salary_type =='holiday' and 0.0 or employee.get_rule_value('AGRPRIONOT', payslip.date_from, payslip.date_to)</field>
            <field name="account_debit" ref=""/>
            <field name="account_credit" ref=""/>
            <field name="account_tax_id" ref=""/>
        </record>

        <record id="its_hr_payroll_extend.salary_rule041_agriculture" model="hr.salary.rule">
            <field name="name">Reference Salary</field>
            <field name="code">AGRREFSAL</field>
            <field name="sequence">41</field>
            <field name="appears_on_payslip" eval="True"/>
            <field name="category_id" ref="its_hr_payroll_extend.salary_rule_category040_agriculture"/>
            <field name="convention_id" ref="its_hr_convention.convention_agriculture"/>
            <field name="active" eval="True"/>
            <field name="accessory" eval="False"/>
            <field name="charge" eval="False"/>
            <field name="net" eval="False"/>
            <field name="condition_select">none</field>
            <field name="amount_select">code</field>
            <field name="amount_python_compute">result = categories.AGRCATREF</field>
            <field name="account_debit" ref=""/>
            <field name="account_credit" ref=""/>
            <field name="account_tax_id" ref=""/>
        </record>

        <record id="its_hr_payroll_extend.salary_rule042_agriculture" model="hr.salary.rule">
            <field name="name">Work medal</field>
            <field name="code">AGRWORKMEDAL</field>
            <field name="sequence">42</field>
            <field name="appears_on_payslip" eval="True"/>
            <field name="category_id" ref="its_hr_payroll_extend.salary_rule_category041_agriculture"/>
            <field name="convention_id" ref="its_hr_convention.convention_agriculture"/>
            <field name="active" eval="True"/>
            <field name="accessory" eval="True"/>
            <field name="exceptional_salary" eval="True"/>
            <field name="charge" eval="False"/>
            <field name="net" eval="False"/>
            <field name="condition_select">none</field>
            <field name="amount_select">code</field>
            <field name="amount_python_compute">result = employee.get_rule_value('AGRWORKMEDAL', payslip.date_from, payslip.date_to)</field>
            <field name="account_debit" ref=""/>
            <field name="account_credit" ref=""/>
            <field name="account_tax_id" ref=""/>
        </record>

        <record id="its_hr_payroll_extend.salary_rule043_agriculture" model="hr.salary.rule">
            <field name="name">Dismissal Indemnity</field>
            <field name="code">AGRDISMIS</field>
            <field name="sequence">43</field>
            <field name="appears_on_payslip" eval="True"/>
            <field name="category_id" ref="its_hr_payroll_extend.salary_rule_category018_agriculture"/>
            <field name="convention_id" ref="its_hr_convention.convention_agriculture"/>
            <field name="active" eval="True"/>
            <field name="accessory" eval="True"/>
            <field name="exceptional_salary" eval="True"/>
            <field name="charge" eval="False"/>
            <field name="net" eval="False"/>
            <field name="condition_select">none</field>
            <field name="amount_select">code</field>
            <field name="amount_python_compute">dismissal = employee.get_rule_value('AGRDISMIS', payslip.date_from, payslip.date_to)
if dismissal:
    seniority = employee.get_seniority(payslip.date_to)
    seniority = seniority // 12
    if seniority &lt;= 5:
        result = employee.get_average_wage(payslip.date_from) * 0.25 * seniority
    elif seniority &lt;= 10:
        result = employee.get_average_wage(payslip.date_from) * 0.3 * seniority
    elif seniority &lt;= 15:
        result = employee.get_average_wage(payslip.date_from) * 0.4 * seniority
    elif seniority &lt;= 20:
        result = employee.get_average_wage(payslip.date_from) * 0.45 * seniority
    elif seniority &gt; 20:
        result = employee.get_average_wage(payslip.date_from) * 0.5 * seniority
else:
    result = 0.0
            </field>
            <field name="account_debit" ref=""/>
            <field name="account_credit" ref=""/>
            <field name="account_tax_id" ref=""/>
        </record>

        <record id="its_hr_payroll_extend.salary_rule044_agriculture" model="hr.salary.rule">
            <field name="name">End of career Indemnity </field>
            <field name="code">AGRCAREER</field>
            <field name="sequence">44</field>
            <field name="appears_on_payslip" eval="True"/>
            <field name="category_id" ref="its_hr_payroll_extend.salary_rule_category017_agriculture"/>
            <field name="convention_id" ref="its_hr_convention.convention_agriculture"/>
            <field name="active" eval="True"/>
            <field name="accessory" eval="True"/>
            <field name="exceptional_salary" eval="True"/>
            <field name="charge" eval="False"/>
            <field name="net" eval="False"/>
            <field name="condition_select">none</field>
            <field name="amount_select">code</field>
            <field name="amount_python_compute">end_career = employee.get_rule_value('AGRCAREER', payslip.date_from, payslip.date_to)
if end_career:
    seniority = employee.get_seniority(payslip.date_to)
    seniority = seniority // 12
    if seniority &lt;= 5:
        result = payslip.salary_type =='holiday' and 0.0 or employee.get_average_wage(payslip.date_from) * 0.4
    elif seniority &lt;= 10:
        result = payslip.salary_type =='holiday' and 0.0 or employee.get_average_wage(payslip.date_from) * 0.45
    elif seniority &lt;= 15:
        result = payslip.salary_type =='holiday' and 0.0 or employee.get_average_wage(payslip.date_from) * 0.6
    elif seniority &lt;= 20:
        result = payslip.salary_type =='holiday' and 0.0 or employee.get_average_wage(payslip.date_from) * 0.65
    elif seniority &gt; 20:
        result = payslip.salary_type =='holiday' and 0.0 or employee.get_average_wage(payslip.date_from) * 0.75
else:
    result = 0.0
            </field>
            <field name="account_debit" ref=""/>
            <field name="account_credit" ref=""/>
            <field name="account_tax_id" ref=""/>
        </record>

        <record id="its_hr_payroll_extend.salary_rule045_agriculture" model="hr.salary.rule">
            <field name="name">Salary Contribution capped</field>
            <field name="code">AGRCONTCAPPED</field>
            <field name="sequence">45</field>
            <field name="appears_on_payslip" eval="True"/>
            <field name="category_id" ref="its_hr_payroll_extend.salary_rule_category030_agriculture"/>
            <field name="convention_id" ref="its_hr_convention.convention_agriculture"/>
            <field name="active" eval="True"/>
            <field name="accessory" eval="False"/>
            <field name="charge" eval="False"/>
            <field name="capped" eval="True"/>
            <field name="net" eval="False"/>
            <field name="condition_select">none</field>
            <field name="amount_select">code</field>
            <field name="amount_python_compute">contribution = categories.AGRCATCONT
if contribution > 750000:
    result = 750000
else:
    result = contribution</field>
            <field name="register_id" ref="its_hr_payroll_extend.contributor_nsif"/>
            <field name="account_debit" ref=""/>
            <field name="account_credit" ref=""/>
            <field name="account_tax_id" ref=""/>
        </record>

        <record id="its_hr_payroll_extend.salary_rule045_agriculture_1" model="hr.salary.rule">
            <field name="name">Salary Contribution</field>
            <field name="code">AGRCONTSAL</field>
            <field name="sequence">45</field>
            <field name="appears_on_payslip" eval="True"/>
            <field name="category_id" ref="its_hr_payroll_extend.salary_rule_category030_agriculture"/>
            <field name="convention_id" ref="its_hr_convention.convention_agriculture"/>
            <field name="active" eval="True"/>
            <field name="accessory" eval="False"/>
            <field name="charge" eval="True"/>
            <field name="contribution" eval="True"/>
            <field name="net" eval="False"/>
            <field name="condition_select">none</field>
            <field name="amount_select">code</field>
            <field name="amount_python_compute">result = categories.AGRCATCONT</field>
            <field name="register_id" eval=""/>
            <field name="account_debit" ref=""/>
            <field name="account_credit" ref=""/>
            <field name="account_tax_id" ref=""/>
        </record>

        <record id="its_hr_payroll_extend.salary_rule045_agriculture_2" model="hr.salary.rule">
            <field name="name">Gross Salary Dutiable</field>
            <field name="code">AGRGROSALD</field>
            <field name="sequence">45</field>
            <field name="appears_on_payslip" eval="True"/>
            <field name="category_id" ref="its_hr_payroll_extend.salary_rule_category028_agriculture_1"/>
            <field name="convention_id" ref="its_hr_convention.convention_agriculture"/>
            <field name="active" eval="True"/>
            <field name="accessory" eval="False"/>
            <field name="charge" eval="True"/>
<!--            <field name="gross" eval="True"/>-->
            <field name="taxable_salary" eval="True"/>
            <field name="net" eval="False"/>
            <field name="condition_select">none</field>
            <field name="amount_select">code</field>
            <field name="amount_python_compute">result = categories.AGRCATGROSALD</field>
            <field name="register_id" eval=""/>
            <field name="account_debit" ref=""/>
            <field name="account_credit" ref=""/>
            <field name="account_tax_id" ref=""/>
        </record>

        <record id="its_hr_payroll_extend.salary_rule046_agriculture" model="hr.salary.rule">
            <field name="name">Employers' old-age pension</field>
            <field name="code">AGREMPOLDAGE</field>
            <field name="sequence">46</field>
            <field name="appears_on_payslip" eval="True"/>
            <field name="category_id" ref="its_hr_payroll_extend.salary_rule_category048_agriculture"/>
            <field name="convention_id" ref="its_hr_convention.convention_agriculture"/>
            <field name="active" eval="True"/>
            <field name="accessory" eval="False"/>
            <field name="charge" eval="False"/>
            <field name="charge_employer" eval="True"/>
            <field name="net" eval="False"/>
            <field name="condition_select">none</field>
            <field name="amount_select">code</field>
            <field name="amount_python_compute">result = categories.AGRCATCONTCAPPED * 0.042</field>
            <field name="register_id" ref="its_hr_payroll_extend.contributor_nsif"/>
            <field name="account_debit" ref=""/>
            <field name="account_credit" ref=""/>
            <field name="account_tax_id" ref=""/>
        </record>

        <record id="its_hr_payroll_extend.salary_rule047_agriculture" model="hr.salary.rule">
            <field name="name">Salary' old-age pension</field>
            <field name="code">AGRSALOLDAGE</field>
            <field name="sequence">47</field>
            <field name="appears_on_payslip" eval="True"/>
            <field name="category_id" ref="its_hr_payroll_extend.salary_rule_category046_agriculture"/>
            <field name="convention_id" ref="its_hr_convention.convention_agriculture"/>
            <field name="active" eval="True"/>
            <field name="accessory" eval="False"/>
            <field name="charge" eval="True"/>
            <field name="social" eval="True"/>
            <field name="charge_employer" eval="False"/>
            <field name="net" eval="False"/>
            <field name="condition_select">none</field>
            <field name="amount_select">code</field>
            <field name="amount_python_compute">result = categories.AGRCATCONTCAPPED * 0.042</field>
            <field name="register_id" ref="its_hr_payroll_extend.contributor_nsif"/>
            <field name="account_debit" ref=""/>
            <field name="account_credit" ref=""/>
            <field name="account_tax_id" ref=""/>
        </record>

        <record id="its_hr_payroll_extend.salary_rule048_agriculture" model="hr.salary.rule">
            <field name="name">Family benefits 7%</field>
            <field name="code">AGRFAMBEN7</field>
            <field name="sequence">48</field>
            <field name="appears_on_payslip" eval="True"/>
            <field name="category_id" ref="its_hr_payroll_extend.salary_rule_category048_agriculture"/>
            <field name="convention_id" ref="its_hr_convention.convention_agriculture"/>
            <field name="active" eval="True"/>
            <field name="accessory" eval="False"/>
            <field name="charge" eval="False"/>
            <field name="charge_employer" eval="True"/>
            <field name="net" eval="False"/>
            <field name="condition_select">none</field>
            <field name="amount_select">code</field>
            <field name="amount_python_compute">result = categories.AGRCATCONTCAPPED * 0.07</field>
            <field name="register_id" ref="its_hr_payroll_extend.contributor_nsif"/>
            <field name="account_debit" ref=""/>
            <field name="account_credit" ref=""/>
            <field name="account_tax_id" ref=""/>
        </record>

        <record id="its_hr_payroll_extend.salary_rule049_agriculture" model="hr.salary.rule">
            <field name="name">Family benefits 5.65%</field>
            <field name="code">AGRFAMBEN5</field>
            <field name="sequence">49</field>
            <field name="appears_on_payslip" eval="True"/>
            <field name="category_id" ref="its_hr_payroll_extend.salary_rule_category048_agriculture"/>
            <field name="convention_id" ref="its_hr_convention.convention_agriculture"/>
            <field name="active" eval="True"/>
            <field name="accessory" eval="False"/>
            <field name="charge" eval="False"/>
            <field name="charge_employer" eval="True"/>
            <field name="net" eval="False"/>
            <field name="condition_select">none</field>
            <field name="amount_select">code</field>
            <field name="amount_python_compute">result = categories.AGRCATCONTCAPPED * 0.0565</field>
            <field name="register_id" ref="its_hr_payroll_extend.contributor_nsif"/>
            <field name="account_debit" ref=""/>
            <field name="account_credit" ref=""/>
            <field name="account_tax_id" ref=""/>
        </record>

        <record id="its_hr_payroll_extend.salary_rule050_agriculture" model="hr.salary.rule">
            <field name="name">Family benefits 3.7%</field>
            <field name="code">AGRFAMBEN3</field>
            <field name="sequence">50</field>
            <field name="appears_on_payslip" eval="True"/>
            <field name="category_id" ref="its_hr_payroll_extend.salary_rule_category048_agriculture"/>
            <field name="convention_id" ref="its_hr_convention.convention_agriculture"/>
            <field name="active" eval="True"/>
            <field name="accessory" eval="False"/>
            <field name="charge" eval="False"/>
            <field name="charge_employer" eval="True"/>
            <field name="net" eval="False"/>
            <field name="condition_select">none</field>
            <field name="amount_select">code</field>
            <field name="amount_python_compute">result = categories.AGRCATCONTCAPPED * 0.037</field>
            <field name="register_id" ref="its_hr_payroll_extend.contributor_nsif"/>
            <field name="account_debit" ref=""/>
            <field name="account_credit" ref=""/>
            <field name="account_tax_id" ref=""/>
        </record>

        <record id="its_hr_payroll_extend.salary_rule051_agriculture" model="hr.salary.rule">
            <field name="name">Work accident and occupational disease 5%</field>
            <field name="code">AGRWORKACC5</field>
            <field name="sequence">51</field>
            <field name="appears_on_payslip" eval="True"/>
            <field name="category_id" ref="its_hr_payroll_extend.salary_rule_category048_agriculture"/>
            <field name="convention_id" ref="its_hr_convention.convention_agriculture"/>
            <field name="active" eval="True"/>
            <field name="accessory" eval="False"/>
            <field name="charge" eval="False"/>
            <field name="charge_employer" eval="True"/>
            <field name="net" eval="False"/>
            <field name="condition_select">none</field>
            <field name="amount_select">code</field>
            <field name="amount_python_compute">result = categories.AGRCATCONT * 0.05</field>
            <field name="register_id" ref="its_hr_payroll_extend.contributor_nsif"/>
            <field name="account_debit" ref=""/>
            <field name="account_credit" ref=""/>
            <field name="account_tax_id" ref=""/>
        </record>

        <record id="its_hr_payroll_extend.salary_rule052_agriculture" model="hr.salary.rule">
            <field name="name">Work accident and occupational disease 2.5%</field>
            <field name="code">AGRWORKACC2</field>
            <field name="sequence">52</field>
            <field name="appears_on_payslip" eval="True"/>
            <field name="category_id" ref="its_hr_payroll_extend.salary_rule_category048_agriculture"/>
            <field name="convention_id" ref="its_hr_convention.convention_agriculture"/>
            <field name="active" eval="True"/>
            <field name="accessory" eval="False"/>
            <field name="charge" eval="False"/>
            <field name="charge_employer" eval="True"/>
            <field name="net" eval="False"/>
            <field name="condition_select">none</field>
            <field name="amount_select">code</field>
            <field name="amount_python_compute">result = categories.AGRCATCONT * 0.025</field>
            <field name="register_id" ref="its_hr_payroll_extend.contributor_nsif"/>
            <field name="account_debit" ref=""/>
            <field name="account_credit" ref=""/>
            <field name="account_tax_id" ref=""/>
        </record>

        <record id="its_hr_payroll_extend.salary_rule053_agriculture" model="hr.salary.rule">
            <field name="name">Work accident and occupational disease 1.75%</field>
            <field name="code">AGRWORKACC1</field>
            <field name="sequence">53</field>
            <field name="appears_on_payslip" eval="True"/>
            <field name="category_id" ref="its_hr_payroll_extend.salary_rule_category048_agriculture"/>
            <field name="convention_id" ref="its_hr_convention.convention_agriculture"/>
            <field name="active" eval="True"/>
            <field name="accessory" eval="False"/>
            <field name="charge" eval="False"/>
            <field name="charge_employer" eval="True"/>
            <field name="net" eval="False"/>
            <field name="condition_select">none</field>
            <field name="amount_select">code</field>
            <field name="amount_python_compute">result = categories.AGRCATCONT * 0.0175</field>
            <field name="register_id" ref="its_hr_payroll_extend.contributor_nsif"/>
            <field name="account_debit" ref=""/>
            <field name="account_credit" ref=""/>
            <field name="account_tax_id" ref=""/>
        </record>

        <record id="its_hr_payroll_extend.salary_rule054_agriculture" model="hr.salary.rule">
            <field name="name">Employee' Financing Housing</field>
            <field name="code">AGRFINHOUEMP</field>
            <field name="sequence">54</field>
            <field name="appears_on_payslip" eval="True"/>
            <field name="category_id" ref="its_hr_payroll_extend.salary_rule_category032_agriculture"/>
            <field name="convention_id" ref="its_hr_convention.convention_agriculture"/>
            <field name="active" eval="True"/>
            <field name="accessory" eval="False"/>
            <field name="charge" eval="True"/>
            <field name="tax" eval="True"/>
            <field name="charge_employer" eval="False"/>
            <field name="net" eval="False"/>
            <field name="condition_select">none</field>
            <field name="amount_select">code</field>
            <field name="amount_python_compute">result = categories.AGRCATGROSALD * 0.01</field>
            <field name="register_id" ref="its_hr_payroll_extend.contributor_financing"/>
            <field name="account_debit" ref=""/>
            <field name="account_credit" ref=""/>
            <field name="account_tax_id" ref=""/>
        </record>

        <record id="its_hr_payroll_extend.salary_rule055_agriculture" model="hr.salary.rule">
            <field name="name">Employer' Financing Housing</field>
            <field name="code">AGRFINHOUEMR</field>
            <field name="sequence">55</field>
            <field name="appears_on_payslip" eval="True"/>
            <field name="category_id" ref="its_hr_payroll_extend.salary_rule_category048_agriculture"/>
            <field name="convention_id" ref="its_hr_convention.convention_agriculture"/>
            <field name="active" eval="True"/>
            <field name="accessory" eval="False"/>
            <field name="charge" eval="False"/>
            <field name="charge_employer" eval="True"/>
            <field name="net" eval="False"/>
            <field name="condition_select">none</field>
            <field name="amount_select">code</field>
            <field name="amount_python_compute">result = categories.AGRCATGROSALD * 0.015</field>
            <field name="register_id" ref="its_hr_payroll_extend.contributor_financing"/>
            <field name="account_debit" ref=""/>
            <field name="account_credit" ref=""/>
            <field name="account_tax_id" ref=""/>
        </record>

        <record id="its_hr_payroll_extend.salary_rule056_agriculture" model="hr.salary.rule">
            <field name="name">Local Development Taxes</field>
            <field name="code">AGRLDTAXE</field>
            <field name="sequence">56</field>
            <field name="appears_on_payslip" eval="True"/>
            <field name="category_id" ref="its_hr_payroll_extend.salary_rule_category046_agriculture"/>
            <field name="convention_id" ref="its_hr_convention.convention_agriculture"/>
            <field name="active" eval="True"/>
            <field name="accessory" eval="False"/>
            <field name="charge" eval="True"/>
            <field name="tax" eval="True"/>
            <field name="tdl" eval="True"/>
            <field name="charge_employer" eval="False"/>
            <field name="net" eval="False"/>
            <field name="condition_select">none</field>
            <field name="amount_select">code</field>
            <field name="amount_python_compute">base = categories.AGRCATGROSALD
if base &lt;= 62000:
    result = 0.0
elif base &lt;= 75000:
    result = 250
elif base &lt;= 100000:
    result = 500
elif base &lt;= 125000:
    result = 750
elif base &lt;= 150000:
    result = 1000
elif base &lt;= 200000:
    result = 1250
elif base &lt;= 250000:
    result = 1500
elif base &lt;= 300000:
    result = 2000
elif base &lt;= 500000:
    result = 2250
elif base &gt; 500000:
    result = 2520
            </field>
            <field name="register_id" ref="its_hr_payroll_extend.contributor_ldt"/>
            <field name="account_debit" ref=""/>
            <field name="account_credit" ref=""/>
            <field name="account_tax_id" ref=""/>
        </record>

        <record id="its_hr_payroll_extend.salary_rule057_agriculture" model="hr.salary.rule">
            <field name="name">Audiovisual license</field>
            <field name="code">AGRAUDLIC</field>
            <field name="sequence">57</field>
            <field name="appears_on_payslip" eval="True"/>
            <field name="category_id" ref="its_hr_payroll_extend.salary_rule_category046_agriculture"/>
            <field name="convention_id" ref="its_hr_convention.convention_agriculture"/>
            <field name="active" eval="True"/>
            <field name="accessory" eval="False"/>
            <field name="charge" eval="True"/>
            <field name="tax" eval="True"/>
            <field name="charge_employer" eval="False"/>
            <field name="net" eval="False"/>
            <field name="condition_select">none</field>
            <field name="amount_select">code</field>
            <field name="amount_python_compute">base = categories.AGRCATBASIC
if base &lt;= 50000:
    result = 0
elif base &lt;= 100000:
    result = 750
elif base &lt;= 200000:
    result = 1950
elif base &lt;= 300000:
    result = 3250
elif base &lt;= 400000:
    result = 4550
elif base &lt;= 500000:
    result = 5850
elif base &lt;= 600000:
    result = 7150
elif base &lt;= 700000:
    result = 8450
elif base &lt;= 800000:
    result = 9750
elif base &lt;= 900000:
    result = 11050
elif base &lt;= 1000000:
    result = 12350
elif base &gt; 1000000:
    result = 13000
            </field>
            <field name="register_id" ref="its_hr_payroll_extend.contributor_gov_taxes"/>
            <field name="account_debit" ref=""/>
            <field name="account_credit" ref=""/>
            <field name="account_tax_id" ref=""/>
        </record>

        <record id="its_hr_payroll_extend.salary_rule058_agriculture" model="hr.salary.rule">
            <field name="name">Union retainer</field>
            <field name="code">AGRUNRET</field>
            <field name="sequence">58</field>
            <field name="appears_on_payslip" eval="True"/>
            <field name="category_id" ref="its_hr_payroll_extend.salary_rule_category046_agriculture"/>
            <field name="convention_id" ref="its_hr_convention.convention_agriculture"/>
            <field name="active" eval="True"/>
            <field name="accessory" eval="False"/>
            <field name="charge" eval="True"/>
            <field name="charge_employer" eval="False"/>
            <field name="net" eval="False"/>
            <field name="condition_select">none</field>
            <field name="amount_select">code</field>
            <field name="amount_python_compute">result = categories.AGRCATBASIC * 0.01</field>
            <field name="register_id" ref="its_hr_payroll_extend.contributor_labor_union"/>
            <field name="account_debit" ref=""/>
            <field name="account_credit" ref=""/>
            <field name="account_tax_id" ref=""/>
        </record>

        <record id="its_hr_payroll_extend.salary_rule059_agriculture" model="hr.salary.rule">
            <field name="name">IRPP</field>
            <field name="code">AGRIRPP</field>
            <field name="sequence">59</field>
            <field name="appears_on_payslip" eval="True"/>
            <field name="category_id" ref="its_hr_payroll_extend.salary_rule_category033_agriculture"/>
            <field name="convention_id" ref="its_hr_convention.convention_agriculture"/>
            <field name="active" eval="True"/>
            <field name="accessory" eval="False"/>
            <field name="charge" eval="True"/>
            <field name="tax" eval="True"/>
            <field name="irpp" eval="True"/>
            <field name="charge_employer" eval="False"/>
            <field name="net" eval="False"/>
            <field name="condition_select">none</field>
            <field name="amount_select">code</field>
            <field name="amount_python_compute">dutiable = categories.AGRCATGROSALD
if dutiable &lt;= 62000:
    result = 0
elif dutiable &lt;= 300000:
    result = ((dutiable * 0.7) - (dutiable * 0.042) - 41667) * 0.1
elif dutiable &lt;= 429000:
    result = 16693 + ((dutiable - 310000) * 0.7 * 0.15)
elif dutiable &lt;= 667000:
    result = 29188 + ((dutiable - 429000) * 0.7 * 0.25)
else:
    result = 70830 + ((dutiable - 667000) * 0.7 * 0.35)
            </field>
            <field name="register_id" ref="its_hr_payroll_extend.contributor_gov_taxes"/>
            <field name="account_debit" ref=""/>
            <field name="account_credit" ref=""/>
            <field name="account_tax_id" ref=""/>
        </record>

        <record id="its_hr_payroll_extend.salary_rule060_agriculture" model="hr.salary.rule">
            <field name="name">CAC 10% IRPP</field>
            <field name="code">AGRIRPPCAC</field>
            <field name="sequence">60</field>
            <field name="appears_on_payslip" eval="True"/>
            <field name="category_id" ref="its_hr_payroll_extend.salary_rule_category046_agriculture"/>
            <field name="convention_id" ref="its_hr_convention.convention_agriculture"/>
            <field name="active" eval="True"/>
            <field name="accessory" eval="False"/>
            <field name="charge" eval="True"/>
            <field name="tax" eval="True"/>
            <field name="charge_employer" eval="False"/>
            <field name="net" eval="False"/>
            <field name="condition_select">none</field>
            <field name="amount_select">code</field>
            <field name="amount_python_compute">result = categories.AGRCATIRPP * 0.1</field>
            <field name="register_id" ref="its_hr_payroll_extend.contributor_gov_taxes"/>
            <field name="account_debit" ref=""/>
            <field name="account_credit" ref=""/>
            <field name="account_tax_id" ref=""/>
        </record>

        <record id="its_hr_payroll_extend.salary_rule061_agriculture" model="hr.salary.rule">
            <field name="name">FNE</field>
            <field name="code">AGRFNE</field>
            <field name="sequence">61</field>
            <field name="appears_on_payslip" eval="True"/>
            <field name="category_id" ref="its_hr_payroll_extend.salary_rule_category048_agriculture"/>
            <field name="convention_id" ref="its_hr_convention.convention_agriculture"/>
            <field name="active" eval="True"/>
            <field name="accessory" eval="False"/>
            <field name="charge" eval="False"/>
            <field name="tax" eval="True"/>
            <field name="charge_employer" eval="True"/>
            <field name="net" eval="False"/>
            <field name="condition_select">none</field>
            <field name="amount_select">code</field>
            <field name="amount_python_compute">result = categories.AGRCATGROSALD * 0.01</field>
            <field name="register_id" ref="its_hr_payroll_extend.contributor_gov_taxes"/>
            <field name="account_debit" ref=""/>
            <field name="account_credit" ref=""/>
            <field name="account_tax_id" ref=""/>
        </record>

        <record id="its_hr_payroll_extend.salary_rule062_agriculture" model="hr.salary.rule">
            <field name="name">Installment Loan</field>
            <field name="sequence">62</field>
            <field name="code">AGRINSTALL</field>
            <field name="appears_on_payslip" eval="True"/>
            <field name="category_id" ref="its_hr_payroll_extend.salary_rule_category049_agriculture"/>
            <field name="convention_id" ref="its_hr_convention.convention_agriculture"/>
            <field name="active" eval="True"/>
            <field name="accessory" eval="False"/>
            <field name="charge" eval="False"/>
            <field name="retain" eval="True"/>
            <field name="net" eval="False"/>
            <field name="condition_select">none</field>
            <field name="amount_select">code</field>
            <field name="amount_python_compute">result = employee.get_installment_loan(employee.id, payslip.date_from, payslip.date_to)</field>
            <field name="is_loan_payment">True</field>
        </record>

         <record id="its_hr_payroll_extend.salary_rule063_agriculture" model="hr.salary.rule">
            <field name="name">Interest Loan</field>
            <field name="sequence">63</field>
            <field name="code">AGRINTEREST_LOAN</field>
            <field name="appears_on_payslip" eval="True"/>
            <field name="category_id" ref="its_hr_payroll_extend.salary_rule_category049_agriculture"/>
            <field name="convention_id" ref="its_hr_convention.convention_agriculture"/>
            <field name="active" eval="True"/>
            <field name="accessory" eval="False"/>
            <field name="charge" eval="False"/>
            <field name="retain" eval="True"/>
            <field name="net" eval="False"/>
            <field name="condition_select">none</field>
            <field name="amount_select">code</field>
            <field name="amount_python_compute">result = employee.get_interest_loan(employee.id, payslip.date_from, payslip.date_to)</field>
        </record>

        <record id="its_hr_payroll_extend.salary_rule064_agriculture" model="hr.salary.rule">
            <field name="name">Gross Salary</field>
            <field name="sequence">64</field>
            <field name="code">AGRGROSS</field>
            <field name="appears_on_payslip" eval="True"/>
            <field name="category_id" ref="its_hr_payroll_extend.salary_rule_category045_agriculture"/>
            <field name="convention_id" ref="its_hr_convention.convention_agriculture"/>
            <field name="active" eval="True"/>
            <field name="accessory" eval="True"/>
            <field name="charge" eval="False"/>
            <field name="gross" eval="True"/>
            <field name="retain" eval="False"/>
            <field name="net" eval="False"/>
            <field name="condition_select">none</field>
            <field name="amount_select">code</field>
            <field name="amount_python_compute">result = categories.AGRCATCONT + categories.AGRCATALW</field>
        </record>

        <record id="its_hr_payroll_extend.salary_rule065_agriculture" model="hr.salary.rule">
            <field name="name">Deduction</field>
            <field name="sequence" eval="65"/>
            <field name="code">AGRDED</field>
            <field name="appears_on_payslip" eval="True"/>
            <field name="category_id" ref="its_hr_payroll_extend.salary_rule_category043_agriculture"/>
            <field name="convention_id" ref="its_hr_convention.convention_agriculture"/>
            <field name="active" eval="True"/>
            <field name="accessory" eval="False"/>
            <field name="charge" eval="True"/>
            <field name="retain" eval="False"/>
            <field name="net" eval="False"/>
            <field name="condition_select">none</field>
            <field name="amount_select">code</field>
            <field name="amount_python_compute">result = categories.AGRCATDED</field>
            <!--<field name="register_id" ref="hr_payroll.contrib_register_employees"/>-->
        </record>

        <record id="its_hr_payroll_extend.salary_rule066_agriculture" model="hr.salary.rule">
            <field name="name">Net Salary</field>
            <field name="sequence" eval="66"/>
            <field name="code">AGRNET</field>
            <field name="appears_on_payslip" eval="True"/>
            <field name="category_id" ref="its_hr_payroll_extend.salary_rule_category047_agriculture"/>
            <field name="convention_id" ref="its_hr_convention.convention_agriculture"/>
            <field name="active" eval="True"/>
            <field name="accessory" eval="False"/>
            <field name="charge" eval="False"/>
            <field name="retain" eval="False "/>
            <field name="net" eval="True"/>
            <field name="condition_select">none</field>
            <field name="amount_select">code</field>
            <field name="amount_python_compute">result = categories.AGRCATGROSAL - categories.AGRCATDED</field>
            <field name="register_id" ref="hr_payroll.contrib_register_employees"/>
        </record>

    </data>
</odoo>