<?xml version="1.0" encoding="utf-8"?>
<odoo>
    <data noupdate="0">

<!--         Salary Structure with polygraphique salary rule-->
<!--        base, net, gross and seniority-->
        <record id="base_struct_polygraph" model="hr.payroll.structure">
            <field name="code">BASE_STRUCT_POLYGRAPH</field>
            <field name="name">Default base for new salary structure</field>
            <field eval="[(6, 0, [ref('its_hr_payroll_extend.salary_rule001_polygraphique'),
            ref('its_hr_payroll_extend.salary_rule066_polygraphique'),
            ref('its_hr_payroll_extend.salary_rule064_polygraphique')
            ])]" name="rule_ids"/>
            <field name="parent_id" eval="False"/>
            <field name="company_id" ref="base.main_company"/>
        </record>

        <!--        dedudctions,  -->
        <record id="default_struct_polygraph" model="hr.payroll.structure">
            <field name="code">DEFAULT_STRUCT_POLYGRAPH</field>
            <field name="name">Default salary structure for polygraph convention</field>
            <field eval="[(6, 0, [ref('its_hr_payroll_extend.salary_rule056_polygraphique'),
            ref('its_hr_payroll_extend.salary_rule061_polygraphique'),
            ref('its_hr_payroll_extend.salary_rule060_polygraphique'),
            ref('its_hr_payroll_extend.salary_rule059_polygraphique'),
            ref('its_hr_payroll_extend.salary_rule057_polygraphique'),
            ref('its_hr_payroll_extend.salary_rule056_polygraphique'),
            ref('its_hr_payroll_extend.salary_rule002_polygraphique'),
            ref('its_hr_payroll_extend.salary_rule045_polygraphique_2'),
            ref('its_hr_payroll_extend.salary_rule045_polygraphique_1'),
            ref('its_hr_payroll_extend.salary_rule047_polygraphique'),
            ref('its_hr_payroll_extend.salary_rule046_polygraphique'),
            ])]" name="rule_ids"/>
            <field name="parent_id" ref="base_struct_polygraph"/>
            <field name="company_id" ref="base.main_company"/>
        </record>


    </data>
</odoo>
