<?xml version="1.0" encoding="utf-8"?>
<odoo>
    <data noupdate="">

        <!-- Commerce Convention -->
        <record id="hr_payroll.hr_rule_basic" model="hr.salary.rule">
            <field name="name">Basic Salary</field>
            <field name="code">COMBASIC</field>
            <field name="sequence">1</field>
            <field name="appears_on_payslip" eval="True"/>
            <field name="category_id" ref="hr_payroll.BASIC"/>
            <field name="convention_id" ref="its_hr_convention.convention_commerce"/>
            <field name="active" eval="True"/>
            <field name="accessory" eval="True"/>
            <field name="charge" eval="False"/>
            <field name="net" eval="False"/>
            <field name="condition_select">none</field>
            <field name="amount_select">code</field>
            <field name="amount_python_compute">wage = employee.get_rule_value('COMBASIC', payslip.date_from, payslip.date_to)
if not wage:
    wage = contract.wage
result = payslip.prorata * wage
            </field>
            <field name="account_debit" ref=""/>
            <field name="account_credit" ref=""/>
            <field name="account_tax_id" ref=""/>
        </record>

        <record id="its_hr_payroll_extend.salary_rule002_commerce" model="hr.salary.rule">
            <field name="name">Seniority bounty</field>
            <field name="code">COMSENIOR</field>
            <field name="sequence">2</field>
            <field name="appears_on_payslip" eval="True"/>
            <field name="category_id" ref="its_hr_payroll_extend.salary_rule_category001_commerce"/>
            <field name="convention_id" ref="its_hr_convention.convention_commerce"/>
            <field name="active" eval="True"/>
            <field name="accessory" eval="True"/>
            <field name="charge" eval="False"/>
            <field name="net" eval="False"/>
            <field name="condition_select">none</field>
            <field name="amount_select">code</field>
            <field name="amount_python_compute">result = employee.get_seniority(payslip.date_to)>24 and ((contract.wage * 0.04) + (contract.wage * 0.02 * (employee.get_seniority(payslip.date_to) - 24) / 12)) or (employee.get_seniority(payslip.date_to)==24 and (contract.wage * 0.04) or 0.0)</field>
            <field name="account_debit" ref=""/>
            <field name="account_credit" ref=""/>
            <field name="account_tax_id" ref=""/>
        </record>

        <record id="hr_overtime_request.hr_salary_rule_ot_hours" model="hr.salary.rule">
            <field name="name">Overtime 10%</field>
            <field name="code">COMOVERTIME10</field>
            <field name="sequence" eval="3"/>
            <field name="appears_on_payslip" eval="True"/>
            <field name="category_id" ref="its_hr_payroll_extend.salary_rule_category031_commerce"/>
            <field name="convention_id" ref="its_hr_convention.convention_commerce"/>
            <field name="active" eval="True"/>
            <field name="accessory" eval="True"/>
            <field name="charge" eval="False"/>
            <field name="net" eval="False"/>
            <field name="condition_select">none</field>
            <field name="amount_select">code</field>
            <field name="amount_python_compute">result = employee.get_overtime(10, payslip.date_from, payslip.date_to) * 0.1 * (contract.wage / 173.33)</field>
            <field name="account_debit" ref=""/>
            <field name="account_credit" ref=""/>
            <field name="account_tax_id" ref=""/>
        </record>

        <record id="its_hr_payroll_extend.salary_rule003_commerce_02" model="hr.salary.rule">
            <field name="name">Overtime 20%</field>
            <field name="code">COMOVERTIME20</field>
            <field name="sequence" eval="3"/>
            <field name="appears_on_payslip" eval="True"/>
            <field name="category_id" ref="its_hr_payroll_extend.salary_rule_category031_commerce"/>
            <field name="convention_id" ref="its_hr_convention.convention_commerce"/>
            <field name="active" eval="True"/>
            <field name="accessory" eval="True"/>
            <field name="charge" eval="False"/>
            <field name="net" eval="False"/>
            <field name="condition_select">none</field>
            <field name="amount_select">code</field>
            <field name="amount_python_compute">result = employee.get_overtime(20, payslip.date_from, payslip.date_to) * 0.2 * (contract.wage / 173.33)</field>
            <field name="account_debit" ref=""/>
            <field name="account_credit" ref=""/>
            <field name="account_tax_id" ref=""/>
        </record>

        <record id="its_hr_payroll_extend.salary_rule003_commerce_03" model="hr.salary.rule">
            <field name="name">Overtime 30%</field>
            <field name="code">COMOVERTIME30</field>
            <field name="sequence" eval="3"/>
            <field name="appears_on_payslip" eval="True"/>
            <field name="category_id" ref="its_hr_payroll_extend.salary_rule_category031_commerce"/>
            <field name="convention_id" ref="its_hr_convention.convention_commerce"/>
            <field name="active" eval="True"/>
            <field name="accessory" eval="True"/>
            <field name="charge" eval="False"/>
            <field name="net" eval="False"/>
            <field name="condition_select">none</field>
            <field name="amount_select">code</field>
            <field name="amount_python_compute">result = employee.get_overtime(30, payslip.date_from, payslip.date_to) * 0.3 * (contract.wage / 173.33)</field>
            <field name="account_debit" ref=""/>
            <field name="account_credit" ref=""/>
            <field name="account_tax_id" ref=""/>
        </record>

        <record id="its_hr_payroll_extend.salary_rule003_commerce_04" model="hr.salary.rule">
            <field name="name">Overtime 40%</field>
            <field name="code">COMOVERTIME40</field>
            <field name="sequence" eval="3"/>
            <field name="appears_on_payslip" eval="True"/>
            <field name="category_id" ref="its_hr_payroll_extend.salary_rule_category031_commerce"/>
            <field name="convention_id" ref="its_hr_convention.convention_commerce"/>
            <field name="active" eval="True"/>
            <field name="accessory" eval="True"/>
            <field name="charge" eval="False"/>
            <field name="net" eval="False"/>
            <field name="condition_select">none</field>
            <field name="amount_select">code</field>
            <field name="amount_python_compute">result = employee.get_overtime(40, payslip.date_from, payslip.date_to) * 0.4 * (contract.wage / 173.33)</field>
            <field name="account_debit" ref=""/>
            <field name="account_credit" ref=""/>
            <field name="account_tax_id" ref=""/>
        </record>

        <record id="its_hr_payroll_extend.salary_rule003_commerce_045" model="hr.salary.rule">
            <field name="name">Overtime 45%</field>
            <field name="code">COMOVERTIME45</field>
            <field name="sequence" eval="3"/>
            <field name="appears_on_payslip" eval="True"/>
            <field name="category_id" ref="its_hr_payroll_extend.salary_rule_category031_commerce"/>
            <field name="convention_id" ref="its_hr_convention.convention_commerce"/>
            <field name="active" eval="True"/>
            <field name="accessory" eval="True"/>
            <field name="charge" eval="False"/>
            <field name="net" eval="False"/>
            <field name="condition_select">none</field>
            <field name="amount_select">code</field>
            <field name="amount_python_compute">result = employee.get_overtime(45, payslip.date_from, payslip.date_to) * 0.45 * (contract.wage / 173.33)</field>
            <field name="account_debit" ref=""/>
            <field name="account_credit" ref=""/>
            <field name="account_tax_id" ref=""/>
        </record>

        <record id="its_hr_payroll_extend.salary_rule003_commerce_05" model="hr.salary.rule">
            <field name="name">Overtime 50%</field>
            <field name="code">COMOVERTIME50</field>
            <field name="sequence">3</field>
            <field name="appears_on_payslip" eval="True"/>
            <field name="category_id" ref="its_hr_payroll_extend.salary_rule_category031_commerce"/>
            <field name="convention_id" ref="its_hr_convention.convention_commerce"/>
            <field name="active" eval="True"/>
            <field name="accessory" eval="True"/>
            <field name="charge" eval="False"/>
            <field name="net" eval="False"/>
            <field name="condition_select">none</field>
            <field name="amount_select">code</field>
            <field name="amount_python_compute">result = employee.get_overtime(50, payslip.date_from, payslip.date_to) * 0.5 * (contract.wage / 173.33)</field>
            <field name="account_debit" ref=""/>
            <field name="account_credit" ref=""/>
            <field name="account_tax_id" ref=""/>
        </record>

        <record id="its_hr_payroll_extend.salary_rule003_commerce_06" model="hr.salary.rule">
            <field name="name">Overtime 60%</field>
            <field name="code">COMOVERTIME60</field>
            <field name="sequence">3</field>
            <field name="appears_on_payslip" eval="True"/>
            <field name="category_id" ref="its_hr_payroll_extend.salary_rule_category031_commerce"/>
            <field name="convention_id" ref="its_hr_convention.convention_commerce"/>
            <field name="active" eval="True"/>
            <field name="accessory" eval="True"/>
            <field name="charge" eval="False"/>
            <field name="net" eval="False"/>
            <field name="condition_select">none</field>
            <field name="amount_select">code</field>
            <field name="amount_python_compute">result = employee.get_overtime(60, payslip.date_from, payslip.date_to) * 0.6 * (contract.wage / 173.33)</field>
            <field name="account_debit" ref=""/>
            <field name="account_credit" ref=""/>
            <field name="account_tax_id" ref=""/>
        </record>

        <record id="its_hr_payroll_extend.salary_rule003_commerce_07" model="hr.salary.rule">
            <field name="name">Overtime 70%</field>
            <field name="code">COMOVERTIME70</field>
            <field name="sequence">3</field>
            <field name="appears_on_payslip" eval="True"/>
            <field name="category_id" ref="its_hr_payroll_extend.salary_rule_category031_commerce"/>
            <field name="convention_id" ref="its_hr_convention.convention_commerce"/>
            <field name="active" eval="True"/>
            <field name="accessory" eval="True"/>
            <field name="charge" eval="False"/>
            <field name="net" eval="False"/>
            <field name="condition_select">none</field>
            <field name="amount_select">code</field>
            <field name="amount_python_compute">result = employee.get_overtime(70, payslip.date_from, payslip.date_to) * 0.7 * (contract.wage / 173.33)</field>
            <field name="account_debit" ref=""/>
            <field name="account_credit" ref=""/>
            <field name="account_tax_id" ref=""/>
        </record>

        <record id="its_hr_payroll_extend.salary_rule003_commerce_08" model="hr.salary.rule">
            <field name="name">Overtime 80%</field>
            <field name="code">COMOVERTIME80</field>
            <field name="sequence">3</field>
            <field name="appears_on_payslip" eval="True"/>
            <field name="category_id" ref="its_hr_payroll_extend.salary_rule_category031_commerce"/>
            <field name="convention_id" ref="its_hr_convention.convention_commerce"/>
            <field name="active" eval="True"/>
            <field name="accessory" eval="True"/>
            <field name="charge" eval="False"/>
            <field name="net" eval="False"/>
            <field name="condition_select">none</field>
            <field name="amount_select">code</field>
            <field name="amount_python_compute">result = employee.get_overtime(80, payslip.date_from, payslip.date_to) * 0.8 * (contract.wage / 173.33)</field>
            <field name="account_debit" ref=""/>
            <field name="account_credit" ref=""/>
            <field name="account_tax_id" ref=""/>
        </record>

        <record id="its_hr_payroll_extend.salary_rule003_commerce_09" model="hr.salary.rule">
            <field name="name">Overtime 90%</field>
            <field name="code">COMOVERTIME90</field>
            <field name="sequence">3</field>
            <field name="appears_on_payslip" eval="True"/>
            <field name="category_id" ref="its_hr_payroll_extend.salary_rule_category031_commerce"/>
            <field name="convention_id" ref="its_hr_convention.convention_commerce"/>
            <field name="active" eval="True"/>
            <field name="accessory" eval="True"/>
            <field name="charge" eval="False"/>
            <field name="net" eval="False"/>
            <field name="condition_select">none</field>
            <field name="amount_select">code</field>
            <field name="amount_python_compute">result = employee.get_overtime(90, payslip.date_from, payslip.date_to) * 0.9 * (contract.wage / 173.33)</field>
            <field name="account_debit" ref=""/>
            <field name="account_credit" ref=""/>
            <field name="account_tax_id" ref=""/>
        </record>

        <record id="its_hr_payroll_extend.salary_rule004_commerce" model="hr.salary.rule">
            <field name="name">Overtime 100%</field>
            <field name="code">COMOVERTIME100</field>
            <field name="sequence">4</field>
            <field name="appears_on_payslip" eval="True"/>
            <field name="category_id" ref="its_hr_payroll_extend.salary_rule_category031_commerce"/>
            <field name="convention_id" ref="its_hr_convention.convention_commerce"/>
            <field name="active" eval="True"/>
            <field name="accessory" eval="True"/>
            <field name="charge" eval="False"/>
            <field name="net" eval="False"/>
            <field name="condition_select">none</field>
            <field name="amount_select">code</field>
            <field name="amount_python_compute">result = employee.get_overtime(100, payslip.date_from, payslip.date_to) * (contract.wage / 173.33)</field>
            <field name="account_debit" ref=""/>
            <field name="account_credit" ref=""/>
            <field name="account_tax_id" ref=""/>
        </record>

        <record id="its_hr_payroll_extend.salary_rule005_commerce" model="hr.salary.rule">
            <field name="name">Cashier bounty</field>
            <field name="code">COMCASHBOUNT</field>
            <field name="sequence">5</field>
            <field name="appears_on_payslip" eval="True"/>
            <field name="category_id" ref="its_hr_payroll_extend.salary_rule_category006_commerce"/>
            <field name="convention_id" ref="its_hr_convention.convention_commerce"/>
            <field name="active" eval="True"/>
            <field name="accessory" eval="True"/>
            <field name="charge" eval="False"/>
            <field name="net" eval="False"/>
            <field name="condition_select">none</field>
            <field name="amount_select">code</field>
            <field name="amount_python_compute">result = payslip.prorata * (employee.get_rule_value('COMCASHBOUNT', payslip.date_from, payslip.date_to))</field>
            <field name="account_debit" ref=""/>
            <field name="account_credit" ref=""/>
            <field name="account_tax_id" ref=""/>
        </record>

        <record id="its_hr_payroll_extend.salary_rule006_commerce" model="hr.salary.rule">
            <field name="name">Store bounty</field>
            <field name="code">COMSTOREBOUNT</field>
            <field name="sequence">6</field>
            <field name="appears_on_payslip" eval="True"/>
            <field name="category_id" ref="its_hr_payroll_extend.salary_rule_category007_commerce"/>
            <field name="convention_id" ref="its_hr_convention.convention_commerce"/>
            <field name="active" eval="True"/>
            <field name="accessory" eval="True"/>
            <field name="charge" eval="False"/>
            <field name="net" eval="False"/>
            <field name="condition_select">none</field>
            <field name="amount_select">code</field>
            <field name="amount_python_compute">result = payslip.prorata * (employee.get_rule_value('COMSTOREBOUNT', payslip.date_from, payslip.date_to))</field>
            <field name="account_debit" ref=""/>
            <field name="account_credit" ref=""/>
            <field name="account_tax_id" ref=""/>
        </record>

        <record id="its_hr_payroll_extend.salary_rule007_commerce" model="hr.salary.rule">
            <field name="name">Performance bounty</field>
            <field name="code">COMPERFBOUNT</field>
            <field name="sequence">7</field>
            <field name="appears_on_payslip" eval="True"/>
            <field name="category_id" ref="its_hr_payroll_extend.salary_rule_category024_commerce"/>
            <field name="convention_id" ref="its_hr_convention.convention_commerce"/>
            <field name="active" eval="True"/>
            <field name="accessory" eval="True"/>
            <field name="charge" eval="False"/>
            <field name="net" eval="False"/>
            <field name="condition_select">none</field>
            <field name="amount_select">code</field>
            <field name="amount_python_compute">result = payslip.prorata * (employee.get_rule_value('COMPERFBOUNT', payslip.date_from, payslip.date_to))</field>
            <field name="account_debit" ref=""/>
            <field name="account_credit" ref=""/>
            <field name="account_tax_id" ref=""/>
        </record>

        <record id="its_hr_payroll_extend.salary_rule008_commerce" model="hr.salary.rule">
            <field name="name">Subjection or management bounty</field>
            <field name="code">COMSUBJBOUNT</field>
            <field name="sequence">8</field>
            <field name="appears_on_payslip" eval="True"/>
            <field name="category_id" ref="its_hr_payroll_extend.salary_rule_category009_commerce"/>
            <field name="convention_id" ref="its_hr_convention.convention_commerce"/>
            <field name="active" eval="True"/>
            <field name="accessory" eval="True"/>
            <field name="charge" eval="False"/>
            <field name="net" eval="False"/>
            <field name="condition_select">none</field>
            <field name="amount_select">code</field>
            <field name="amount_python_compute">result = payslip.prorata * (employee.get_rule_value('COMSUBJBOUNT', payslip.date_from, payslip.date_to))</field>
            <field name="account_debit" ref=""/>
            <field name="account_credit" ref=""/>
            <field name="account_tax_id" ref=""/>
        </record>

        <record id="its_hr_payroll_extend.salary_rule009_commerce" model="hr.salary.rule">
            <field name="name">Gratification</field>
            <field name="code">COMGRATIF</field>
            <field name="sequence">9</field>
            <field name="appears_on_payslip" eval="True"/>
            <field name="category_id" ref="its_hr_payroll_extend.salary_rule_category019_commerce"/>
            <field name="convention_id" ref="its_hr_convention.convention_commerce"/>
            <field name="active" eval="True"/>
            <field name="accessory" eval="True"/>
            <field name="exceptional_salary" eval="True"/>
            <field name="charge" eval="False"/>
            <field name="net" eval="False"/>
            <field name="condition_select">none</field>
            <field name="amount_select">code</field>
            <field name="amount_python_compute">result = (payslip.salary_type == 'holiday') and 0.0 or employee.get_rule_value('COMGRATIF', payslip.date_from, payslip.date_to)</field>
            <field name="account_debit" ref=""/>
            <field name="account_credit" ref=""/>
            <field name="account_tax_id" ref=""/>
        </record>

        <record id="its_hr_payroll_extend.salary_rule010_commerce" model="hr.salary.rule">
            <field name="name">13th Month</field>
            <field name="code">COM13TH</field>
            <field name="sequence">10</field>
            <field name="appears_on_payslip" eval="True"/>
            <field name="category_id" ref="its_hr_payroll_extend.salary_rule_category019_commerce"/>
            <field name="convention_id" ref="its_hr_convention.convention_commerce"/>
            <field name="active" eval="True"/>
            <field name="accessory" eval="True"/>
            <field name="exceptional_salary" eval="True"/>
            <field name="charge" eval="False"/>
            <field name="net" eval="False"/>
            <field name="condition_select">none</field>
            <field name="amount_select">code</field>
            <field name="amount_python_compute">result = employee.get_rule_value('COM13TH', payslip.date_from, payslip.date_to)</field>
            <field name="account_debit" ref=""/>
            <field name="account_credit" ref=""/>
            <field name="account_tax_id" ref=""/>
        </record>

        <record id="its_hr_payroll_extend.salary_rule011_commerce" model="hr.salary.rule">
            <field name="name">Leaves</field>
            <field name="code">COMLEAVE</field>
            <field name="sequence">11</field>
            <field name="appears_on_payslip" eval="True"/>
            <field name="category_id" ref="its_hr_payroll_extend.salary_rule_category010_commerce"/>
            <field name="convention_id" ref="its_hr_convention.convention_commerce"/>
            <field name="active" eval="True"/>
            <field name="accessory" eval="True"/>
            <field name="exceptional_salary" eval="True"/>
            <field name="charge" eval="False"/>
            <field name="net" eval="False"/>
            <field name="condition_select">none</field>
            <field name="amount_select">code</field>
            <field name="amount_python_compute">result = 0</field>
            <field name="account_debit" ref=""/>
            <field name="account_credit" ref=""/>
            <field name="account_tax_id" ref=""/>
        </record>

        <record id="its_hr_payroll_extend.salary_rule012_commerce" model="hr.salary.rule">
            <field name="name">Risk Bounty</field>
            <field name="code">COMRISK</field>
            <field name="sequence">12</field>
            <field name="appears_on_payslip" eval="True"/>
            <field name="category_id" ref="its_hr_payroll_extend.salary_rule_category019_commerce"/>
            <field name="convention_id" ref="its_hr_convention.convention_commerce"/>
            <field name="active" eval="True"/>
            <field name="accessory" eval="True"/>
            <field name="charge" eval="False"/>
            <field name="net" eval="False"/>
            <field name="condition_select">none</field>
            <field name="amount_select">code</field>
            <field name="amount_python_compute">result = payslip.prorata * (employee.get_rule_value('COMRISK', payslip.date_from, payslip.date_to))</field>
            <field name="account_debit" ref=""/>
            <field name="account_credit" ref=""/>
            <field name="account_tax_id" ref=""/>
        </record>

        <record id="its_hr_payroll_extend.salary_rule013_commerce" model="hr.salary.rule">
            <field name="name">Balance Sheet Bounty</field>
            <field name="code">COMBALANCE</field>
            <field name="sequence">13</field>
            <field name="appears_on_payslip" eval="True"/>
            <field name="category_id" ref="its_hr_payroll_extend.salary_rule_category012_commerce"/>
            <field name="convention_id" ref="its_hr_convention.convention_commerce"/>
            <field name="active" eval="True"/>
            <field name="accessory" eval="True"/>
            <field name="exceptional_salary" eval="True"/>
            <field name="charge" eval="False"/>
            <field name="net" eval="False"/>
            <field name="condition_select">none</field>
            <field name="amount_select">code</field>
            <field name="amount_python_compute">result = employee.get_rule_value('COMBALANCE', payslip.date_from, payslip.date_to)</field>
            <field name="account_debit" ref=""/>
            <field name="account_credit" ref=""/>
            <field name="account_tax_id" ref=""/>
        </record>

        <record id="its_hr_payroll_extend.salary_rule014_commerce" model="hr.salary.rule">
            <field name="name">Representation Indemnity</field>
            <field name="code">COMREPRES</field>
            <field name="sequence">14</field>
            <field name="appears_on_payslip" eval="True"/>
            <field name="category_id" ref="its_hr_payroll_extend.salary_rule_category011_commerce"/>
            <field name="convention_id" ref="its_hr_convention.convention_commerce"/>
            <field name="active" eval="True"/>
            <field name="accessory" eval="True"/>
            <field name="charge" eval="False"/>
            <field name="net" eval="False"/>
            <field name="condition_select">none</field>
            <field name="amount_select">code</field>
            <field name="amount_python_compute">result = (payslip.salary_type == 'holiday') and 0.0 or payslip.prorata * (employee.get_rule_value('COMREPRES', payslip.date_from, payslip.date_to))</field>
            <field name="account_debit" ref=""/>
            <field name="account_credit" ref=""/>
            <field name="account_tax_id" ref=""/>
        </record>

        <record id="its_hr_payroll_extend.salary_rule015_commerce" model="hr.salary.rule">
            <field name="name">Dirty Indemnity</field>
            <field name="code">COMDIRTY</field>
            <field name="sequence">15</field>
            <field name="appears_on_payslip" eval="True"/>
            <field name="category_id" ref="its_hr_payroll_extend.salary_rule_category003_commerce"/>
            <field name="convention_id" ref="its_hr_convention.convention_commerce"/>
            <field name="active" eval="True"/>
            <field name="accessory" eval="True"/>
            <field name="charge" eval="False"/>
            <field name="net" eval="False"/>
            <field name="condition_select">none</field>
            <field name="amount_select">code</field>
            <field name="amount_python_compute">result = (payslip.salary_type == 'holiday') and 0.0 or payslip.prorata * (employee.get_rule_value('COMDIRTY', payslip.date_from, payslip.date_to))</field>
            <field name="account_debit" ref=""/>
            <field name="account_credit" ref=""/>
            <field name="account_tax_id" ref=""/>
        </record>

        <record id="its_hr_payroll_extend.salary_rule016_commerce" model="hr.salary.rule">
            <field name="name">Vehicle or others machines Indemnity</field>
            <field name="code">COMVEHMACH</field>
            <field name="sequence">16</field>
            <field name="appears_on_payslip" eval="True"/>
            <field name="category_id" ref="its_hr_payroll_extend.salary_rule_category019_commerce"/>
            <field name="convention_id" ref="its_hr_convention.convention_commerce"/>
            <field name="active" eval="True"/>
            <field name="accessory" eval="True"/>
            <field name="charge" eval="False"/>
            <field name="net" eval="False"/>
            <field name="condition_select">none</field>
            <field name="amount_select">code</field>
            <field name="amount_python_compute">result = payslip.prorata * (employee.get_rule_value('COMVEHMACH', payslip.date_from, payslip.date_to))</field>
            <field name="account_debit" ref=""/>
            <field name="account_credit" ref=""/>
            <field name="account_tax_id" ref=""/>
        </record>

        <record id="its_hr_payroll_extend.salary_rule017_commerce" model="hr.salary.rule">
            <field name="name">Individual tool box bounty</field>
            <field name="code">COMTOOLBOX</field>
            <field name="sequence">17</field>
            <field name="appears_on_payslip" eval="True"/>
            <field name="category_id" ref="its_hr_payroll_extend.salary_rule_category013_commerce"/>
            <field name="convention_id" ref="its_hr_convention.convention_commerce"/>
            <field name="active" eval="True"/>
            <field name="accessory" eval="True"/>
            <field name="charge" eval="False"/>
            <field name="net" eval="False"/>
            <field name="condition_select">none</field>
            <field name="amount_select">code</field>
            <field name="amount_python_compute">result = payslip.prorata * (employee.get_rule_value('COMTOOLBOX', payslip.date_from, payslip.date_to))</field>
            <field name="account_debit" ref=""/>
            <field name="account_credit" ref=""/>
            <field name="account_tax_id" ref=""/>
        </record>

        <record id="its_hr_payroll_extend.salary_rule018_commerce" model="hr.salary.rule">
            <field name="name">Travel Indemnity</field>
            <field name="code">COMTRAVEL</field>
            <field name="sequence">18</field>
            <field name="appears_on_payslip" eval="True"/>
            <field name="category_id" ref="its_hr_payroll_extend.salary_rule_category016_commerce"/>
            <field name="convention_id" ref="its_hr_convention.convention_commerce"/>
            <field name="active" eval="True"/>
            <field name="accessory" eval="True"/>
            <field name="charge" eval="False"/>
            <field name="net" eval="False"/>
            <field name="condition_select">none</field>
            <field name="amount_select">code</field>
            <field name="amount_python_compute">result = (payslip.salary_type == 'holiday') and 0.0 or employee.get_rule_value('COMTRAVEL', payslip.date_from, payslip.date_to)</field>
            <field name="account_debit" ref=""/>
            <field name="account_credit" ref=""/>
            <field name="account_tax_id" ref=""/>
        </record>

        <record id="its_hr_payroll_extend.salary_rule019_commerce" model="hr.salary.rule">
            <field name="name">Travel related to the function Indemnity</field>
            <field name="code">COMTRAVELFUNCT</field>
            <field name="sequence">19</field>
            <field name="appears_on_payslip" eval="True"/>
            <field name="category_id" ref="its_hr_payroll_extend.salary_rule_category016_commerce"/>
            <field name="convention_id" ref="its_hr_convention.convention_commerce"/>
            <field name="active" eval="True"/>
            <field name="accessory" eval="True"/>
            <field name="charge" eval="False"/>
            <field name="net" eval="False"/>
            <field name="condition_select">none</field>
            <field name="amount_select">code</field>
            <field name="amount_python_compute">result = (payslip.salary_type == 'holiday') and 0.0 or employee.get_rule_value('COMTRAVELFUNCT', payslip.date_from, payslip.date_to)</field>
            <field name="account_debit" ref=""/>
            <field name="account_credit" ref=""/>
            <field name="account_tax_id" ref=""/>
        </record>

        <record id="its_hr_payroll_extend.salary_rule020_commerce" model="hr.salary.rule">
            <field name="name">Short-term Travel Indemnity</field>
            <field name="code">COMTRAVELSHORT</field>
            <field name="sequence">20</field>
            <field name="appears_on_payslip" eval="True"/>
            <field name="category_id" ref="its_hr_payroll_extend.salary_rule_category016_commerce"/>
            <field name="convention_id" ref="its_hr_convention.convention_commerce"/>
            <field name="active" eval="True"/>
            <field name="accessory" eval="True"/>
            <field name="charge" eval="False"/>
            <field name="net" eval="False"/>
            <field name="condition_select">none</field>
            <field name="amount_select">code</field>
            <field name="amount_python_compute">result = (payslip.salary_type == 'holiday') and 0.0 or employee.get_rule_value('COMTRAVELSHORT', payslip.date_from, payslip.date_to)</field>
            <field name="account_debit" ref=""/>
            <field name="account_credit" ref=""/>
            <field name="account_tax_id" ref=""/>
        </record>

        <record id="its_hr_payroll_extend.salary_rule021_commerce" model="hr.salary.rule">
            <field name="name">Basket bounty</field>
            <field name="code">COMBASKET</field>
            <field name="sequence">21</field>
            <field name="appears_on_payslip" eval="True"/>
            <field name="category_id" ref="its_hr_payroll_extend.salary_rule_category004_commerce"/>
            <field name="convention_id" ref="its_hr_convention.convention_commerce"/>
            <field name="active" eval="True"/>
            <field name="accessory" eval="True"/>
            <field name="charge" eval="False"/>
            <field name="net" eval="False"/>
            <field name="condition_select">none</field>
            <field name="amount_select">code</field>
            <field name="amount_python_compute">result = (payslip.salary_type == 'holiday') and 0.0 or payslip.prorata * (employee.get_rule_value('COMBASKET', payslip.date_from, payslip.date_to))</field>
            <field name="account_debit" ref=""/>
            <field name="account_credit" ref=""/>
            <field name="account_tax_id" ref=""/>
        </record>

        <record id="its_hr_payroll_extend.salary_rule023_commerce" model="hr.salary.rule">
            <field name="name">Good Separation bounty</field>
            <field name="code">COMGOODSEPAR</field>
            <field name="sequence">23</field>
            <field name="appears_on_payslip" eval="True"/>
            <field name="category_id" ref="its_hr_payroll_extend.salary_rule_category026_commerce"/>
            <field name="convention_id" ref="its_hr_convention.convention_commerce"/>
            <field name="active" eval="True"/>
            <field name="accessory" eval="True"/>
            <field name="exceptional_salary" eval="True"/>
            <field name="charge" eval="False"/>
            <field name="net" eval="False"/>
            <field name="condition_select">none</field>
            <field name="amount_select">code</field>
            <field name="amount_python_compute">result = employee.get_rule_value('COMGOODSEPAR', payslip.date_from, payslip.date_to)</field>
            <field name="account_debit" ref=""/>
            <field name="account_credit" ref=""/>
            <field name="account_tax_id" ref=""/>
        </record>

        <record id="its_hr_payroll_extend.salary_rule024_commerce" model="hr.salary.rule">
            <field name="name">Transport Indemnity</field>
            <field name="code">COMTRANSPORT</field>
            <field name="sequence">24</field>
            <field name="appears_on_payslip" eval="True"/>
            <field name="category_id" ref="its_hr_payroll_extend.salary_rule_category021_commerce"/>
            <field name="convention_id" ref="its_hr_convention.convention_commerce"/>
            <field name="active" eval="True"/>
            <field name="accessory" eval="True"/>
            <field name="charge" eval="False"/>
            <field name="net" eval="False"/>
            <field name="condition_select">none</field>
            <field name="amount_select">code</field>
            <field name="amount_python_compute">result = (payslip.salary_type == 'holiday') and 0.0 or payslip.prorata * (employee.get_rule_value('COMTRANSPORT', payslip.date_from, payslip.date_to))</field>
            <field name="account_debit" ref=""/>
            <field name="account_credit" ref=""/>
            <field name="account_tax_id" ref=""/>
        </record>

        <record id="its_hr_payroll_extend.salary_rule025_commerce" model="hr.salary.rule">
            <field name="name">Water Indemnity</field>
            <field name="code">COMWATER</field>
            <field name="sequence">25</field>
            <field name="appears_on_payslip" eval="True"/>
            <field name="category_id" ref="its_hr_payroll_extend.salary_rule_category037_commerce"/>
            <field name="convention_id" ref="its_hr_convention.convention_commerce"/>
            <field name="active" eval="True"/>
            <field name="accessory" eval="True"/>
            <field name="charge" eval="False"/>
            <field name="net" eval="False"/>
            <field name="condition_select">none</field>
            <field name="amount_select">code</field>
            <field name="amount_python_compute">result = payslip.prorata * (employee.get_rule_value('COMWATER', payslip.date_from, payslip.date_to))</field>
            <field name="account_debit" ref=""/>
            <field name="account_credit" ref=""/>
            <field name="account_tax_id" ref=""/>
        </record>

        <record id="its_hr_payroll_extend.salary_rule026_commerce" model="hr.salary.rule">
            <field name="name">Food Indemnity</field>
            <field name="code">COMFOOD</field>
            <field name="sequence">26</field>
            <field name="appears_on_payslip" eval="True"/>
            <field name="category_id" ref="its_hr_payroll_extend.salary_rule_category039_commerce"/>
            <field name="convention_id" ref="its_hr_convention.convention_commerce"/>
            <field name="active" eval="True"/>
            <field name="accessory" eval="True"/>
            <field name="charge" eval="False"/>
            <field name="net" eval="False"/>
            <field name="condition_select">none</field>
            <field name="amount_select">code</field>
            <field name="amount_python_compute">result = payslip.prorata * (employee.get_rule_value('COMFOOD', payslip.date_from, payslip.date_to))</field>
            <field name="account_debit" ref=""/>
            <field name="account_credit" ref=""/>
            <field name="account_tax_id" ref=""/>
        </record>

        <record id="its_hr_payroll_extend.salary_rule027_commerce" model="hr.salary.rule">
            <field name="name">Electricity Indemnity</field>
            <field name="code">COMELECT</field>
            <field name="sequence">27</field>
            <field name="appears_on_payslip" eval="True"/>
            <field name="category_id" ref="its_hr_payroll_extend.salary_rule_category036_commerce"/>
            <field name="convention_id" ref="its_hr_convention.convention_commerce"/>
            <field name="active" eval="True"/>
            <field name="accessory" eval="True"/>
            <field name="charge" eval="False"/>
            <field name="net" eval="False"/>
            <field name="condition_select">none</field>
            <field name="amount_select">code</field>
            <field name="amount_python_compute">result = payslip.prorata * (employee.get_rule_value('COMELECT', payslip.date_from, payslip.date_to))</field>
            <field name="account_debit" ref=""/>
            <field name="account_credit" ref=""/>
            <field name="account_tax_id" ref=""/>
        </record>

        <record id="its_hr_payroll_extend.salary_rule028_commerce" model="hr.salary.rule">
            <field name="name">Maid Indemnity</field>
            <field name="code">COMMAID</field>
            <field name="sequence">28</field>
            <field name="appears_on_payslip" eval="True"/>
            <field name="category_id" ref="its_hr_payroll_extend.salary_rule_category038_commerce"/>
            <field name="convention_id" ref="its_hr_convention.convention_commerce"/>
            <field name="active" eval="True"/>
            <field name="accessory" eval="True"/>
            <field name="charge" eval="False"/>
            <field name="net" eval="False"/>
            <field name="condition_select">none</field>
            <field name="amount_select">code</field>
            <field name="amount_python_compute">result = payslip.prorata * (employee.get_rule_value('COMMAID', payslip.date_from, payslip.date_to))</field>
            <field name="account_debit" ref=""/>
            <field name="account_credit" ref=""/>
            <field name="account_tax_id" ref=""/>
        </record>

        <record id="its_hr_payroll_extend.salary_rule022_commerce" model="hr.salary.rule">
            <field name="name">Housing Indemnity</field>
            <field name="code">COMHOUSING</field>
            <field name="sequence">22</field>
            <field name="appears_on_payslip" eval="True"/>
            <field name="category_id" ref="its_hr_payroll_extend.salary_rule_category034_commerce"/>
            <field name="convention_id" ref="its_hr_convention.convention_commerce"/>
            <field name="active" eval="True"/>
            <field name="accessory" eval="True"/>
            <field name="charge" eval="False"/>
            <field name="net" eval="False"/>
            <field name="condition_select">none</field>
            <field name="amount_select">code</field>
            <field name="amount_python_compute">result = (payslip.salary_type == 'holiday') and 0.0 or payslip.prorata * (employee.get_rule_value('COMHOUSING', payslip.date_from, payslip.date_to))</field>
            <field name="account_debit" ref=""/>
            <field name="account_credit" ref=""/>
            <field name="account_tax_id" ref=""/>
        </record>

        <record id="its_hr_payroll_extend.salary_rule029_commerce" model="hr.salary.rule">
            <field name="name">Vehicle Indemnity</field>
            <field name="code">COMVEHICLE</field>
            <field name="sequence">29</field>
            <field name="appears_on_payslip" eval="True"/>
            <field name="category_id" ref="its_hr_payroll_extend.salary_rule_category035_commerce"/>
            <field name="convention_id" ref="its_hr_convention.convention_commerce"/>
            <field name="active" eval="True"/>
            <field name="accessory" eval="True"/>
            <field name="charge" eval="False"/>
            <field name="net" eval="False"/>
            <field name="condition_select">none</field>
            <field name="amount_select">code</field>
            <field name="amount_python_compute">result = (payslip.salary_type == 'holiday') and 0.0 or payslip.prorata * (employee.get_rule_value('COMMAID', payslip.date_from, payslip.date_to))</field>
            <field name="account_debit" ref=""/>
            <field name="account_credit" ref=""/>
            <field name="account_tax_id" ref=""/>
        </record>

        <record id="its_hr_payroll_extend.salary_rule030_commerce" model="hr.salary.rule">
            <field name="name">Water Tax Indemnity</field>
            <field name="code">COMWATERTAX</field>
            <field name="sequence">30</field>
            <field name="appears_on_payslip" eval="True"/>
            <field name="category_id" ref="its_hr_payroll_extend.salary_rule_category023_commerce"/>
            <field name="convention_id" ref="its_hr_convention.convention_commerce"/>
            <field name="active" eval="True"/>
            <field name="accessory" eval="False"/>
            <field name="charge" eval="False"/>
            <field name="net" eval="False"/>
            <field name="condition_select">none</field>
            <field name="amount_select">code</field>
            <field name="amount_python_compute">water = categories.COMCATREF * 0.02
real_water = categories.COMCATWATERINDEMN
if real_water > water:
    result = water
else:
    result = real_water
            </field>
            <field name="account_debit" ref=""/>
            <field name="account_credit" ref=""/>
            <field name="account_tax_id" ref=""/>
        </record>

        <record id="its_hr_payroll_extend.salary_rule031_commerce" model="hr.salary.rule">
            <field name="name">Food Tax Indemnity</field>
            <field name="code">COMFOODTAX</field>
            <field name="sequence">31</field>
            <field name="appears_on_payslip" eval="True"/>
            <field name="category_id" ref="its_hr_payroll_extend.salary_rule_category023_commerce"/>
            <field name="convention_id" ref="its_hr_convention.convention_commerce"/>
            <field name="active" eval="True"/>
            <field name="accessory" eval="False"/>
            <field name="charge" eval="False"/>
            <field name="net" eval="False"/>
            <field name="condition_select">none</field>
            <field name="amount_select">code</field>
            <field name="amount_python_compute">food = categories.COMCATREF * 0.1
real_food = categories.COMCATFOODINDEMN
if real_food > food:
    result = food
else:
    result = real_food</field>
            <field name="account_debit" ref=""/>
            <field name="account_credit" ref=""/>
            <field name="account_tax_id" ref=""/>
        </record>

        <record id="its_hr_payroll_extend.salary_rule032_commerce" model="hr.salary.rule">
            <field name="name">Electricity Tax Indemnity</field>
            <field name="code">COMELECTTAX</field>
            <field name="sequence">32</field>
            <field name="appears_on_payslip" eval="True"/>
            <field name="category_id" ref="its_hr_payroll_extend.salary_rule_category023_commerce"/>
            <field name="convention_id" ref="its_hr_convention.convention_commerce"/>
            <field name="active" eval="True"/>
            <field name="accessory" eval="False"/>
            <field name="charge" eval="False"/>
            <field name="net" eval="False"/>
            <field name="condition_select">none</field>
            <field name="amount_select">code</field>
            <field name="amount_python_compute">elec = categories.COMCATREF * 0.04
real_elec = categories.COMCATELECTINDEMN
if real_elec > elec:
    result = elec
else:
    result = real_elec</field>
            <field name="account_debit" ref=""/>
            <field name="account_credit" ref=""/>
            <field name="account_tax_id" ref=""/>
        </record>

        <record id="its_hr_payroll_extend.salary_rule033_commerce" model="hr.salary.rule">
            <field name="name">Maid Tax Indemnity</field>
            <field name="code">COMMAIDTAX</field>
            <field name="sequence">33</field>
            <field name="appears_on_payslip" eval="True"/>
            <field name="category_id" ref="its_hr_payroll_extend.salary_rule_category023_commerce"/>
            <field name="convention_id" ref="its_hr_convention.convention_commerce"/>
            <field name="active" eval="True"/>
            <field name="accessory" eval="False"/>
            <field name="charge" eval="False"/>
            <field name="net" eval="False"/>
            <field name="condition_select">none</field>
            <field name="amount_select">code</field>
            <field name="amount_python_compute">maid = categories.COMCATREF * 0.05
real_maid = categories.COMCATMAIDINDEMN
if real_maid > maid:
    result = maid
else:
    result = real_maid</field>
            <field name="account_debit" ref=""/>
            <field name="account_credit" ref=""/>
            <field name="account_tax_id" ref=""/>
        </record>

        <record id="its_hr_payroll_extend.salary_rule034_commerce" model="hr.salary.rule">
            <field name="name">Housing Tax Indemnity</field>
            <field name="code">COMHOUSINGTAX</field>
            <field name="sequence">34</field>
            <field name="appears_on_payslip" eval="True"/>
            <field name="category_id" ref="its_hr_payroll_extend.salary_rule_category023_commerce"/>
            <field name="convention_id" ref="its_hr_convention.convention_commerce"/>
            <field name="active" eval="True"/>
            <field name="accessory" eval="False"/>
            <field name="charge" eval="False"/>
            <field name="net" eval="False"/>
            <field name="condition_select">none</field>
            <field name="amount_select">code</field>
            <field name="amount_python_compute">house = categories.COMCATREF * 0.15
real_house = categories.COMCATHOUSINDEMN
if real_house > house:
    result = house
else:
    result = real_house</field>
            <field name="account_debit" ref=""/>
            <field name="account_credit" ref=""/>
            <field name="account_tax_id" ref=""/>
        </record>

        <record id="its_hr_payroll_extend.salary_rule035_commerce" model="hr.salary.rule">
            <field name="name">Vehicle Tax Indemnity</field>
            <field name="code">COMVEHICLETAX</field>
            <field name="sequence">35</field>
            <field name="appears_on_payslip" eval="True"/>
            <field name="category_id" ref="its_hr_payroll_extend.salary_rule_category023_commerce"/>
            <field name="convention_id" ref="its_hr_convention.convention_commerce"/>
            <field name="active" eval="True"/>
            <field name="accessory" eval="False"/>
            <field name="charge" eval="False"/>
            <field name="net" eval="False"/>
            <field name="condition_select">none</field>
            <field name="amount_select">code</field>
            <field name="amount_python_compute">vehicle = categories.COMCATREF * 0.1
real_vehicle = categories.COMCATVEHINDEMN
if real_vehicle > vehicle:
    result = vehicle
else:
    result = real_vehicle</field>
            <field name="account_debit" ref=""/>
            <field name="account_credit" ref=""/>
            <field name="account_tax_id" ref=""/>
        </record>

        <record id="its_hr_payroll_extend.salary_rule036_commerce" model="hr.salary.rule">
            <field name="name">Responsibility bounty</field>
            <field name="code">COMRESPONSIB</field>
            <field name="sequence">36</field>
            <field name="appears_on_payslip" eval="True"/>
            <field name="category_id" ref="its_hr_payroll_extend.salary_rule_category002_commerce"/>
            <field name="convention_id" ref="its_hr_convention.convention_commerce"/>
            <field name="active" eval="True"/>
            <field name="accessory" eval="True"/>
            <field name="charge" eval="False"/>
            <field name="net" eval="False"/>
            <field name="condition_select">none</field>
            <field name="amount_select">code</field>
            <field name="amount_python_compute">result = payslip.prorata * (employee.get_rule_value('COMRESPONSIB', payslip.date_from, payslip.date_to))</field>
            <field name="account_debit" ref=""/>
            <field name="account_credit" ref=""/>
            <field name="account_tax_id" ref=""/>
        </record>

        <record id="its_hr_payroll_extend.salary_rule037_commerce" model="hr.salary.rule">
            <field name="name">Technicality bounty</field>
            <field name="code">COMTECHNI</field>
            <field name="sequence">37</field>
            <field name="appears_on_payslip" eval="True"/>
            <field name="category_id" ref="its_hr_payroll_extend.salary_rule_category005_commerce"/>
            <field name="convention_id" ref="its_hr_convention.convention_commerce"/>
            <field name="active" eval="True"/>
            <field name="accessory" eval="True"/>
            <field name="charge" eval="False"/>
            <field name="net" eval="False"/>
            <field name="condition_select">none</field>
            <field name="amount_select">code</field>
            <field name="amount_python_compute">result = payslip.prorata * (employee.get_rule_value('COMTECHNI', payslip.date_from, payslip.date_to))</field>
            <field name="account_debit" ref=""/>
            <field name="account_credit" ref=""/>
            <field name="account_tax_id" ref=""/>
        </record>

        <record id="its_hr_payroll_extend.salary_rule038_commerce" model="hr.salary.rule">
            <field name="name">Telephone or internet charges</field>
            <field name="code">COMTELINTERNET</field>
            <field name="sequence">38</field>
            <field name="appears_on_payslip" eval="True"/>
            <field name="category_id" ref="its_hr_payroll_extend.salary_rule_category042_commerce"/>
            <field name="convention_id" ref="its_hr_convention.convention_commerce"/>
            <field name="active" eval="True"/>
            <field name="accessory" eval="True"/>
            <field name="charge" eval="False"/>
            <field name="net" eval="False"/>
            <field name="condition_select">none</field>
            <field name="amount_select">code</field>
            <field name="amount_python_compute">result = employee.get_rule_value('COMTELINTERNET', payslip.date_from, payslip.date_to)</field>
            <field name="account_debit" ref=""/>
            <field name="account_credit" ref=""/>
            <field name="account_tax_id" ref=""/>
        </record>

        <record id="its_hr_payroll_extend.salary_rule039_commerce" model="hr.salary.rule">
            <field name="name">Extra salary</field>
            <field name="code">COMEXTSAL</field>
            <field name="sequence">39</field>
            <field name="appears_on_payslip" eval="True"/>
            <field name="category_id" ref="its_hr_payroll_extend.salary_rule_category024_commerce"/>
            <field name="convention_id" ref="its_hr_convention.convention_commerce"/>
            <field name="active" eval="True"/>
            <field name="accessory" eval="True"/>
            <field name="charge" eval="False"/>
            <field name="net" eval="False"/>
            <field name="condition_select">none</field>
            <field name="amount_select">code</field>
            <field name="amount_python_compute">result = payslip.prorata * (employee.get_rule_value('COMEXTSAL', payslip.date_from, payslip.date_to))</field>
            <field name="account_debit" ref=""/>
            <field name="account_credit" ref=""/>
            <field name="account_tax_id" ref=""/>
        </record>

        <record id="its_hr_payroll_extend.salary_rule040_commerce" model="hr.salary.rule">
            <field name="name">Prior notice</field>
            <field name="code">COMPRIONOT</field>
            <field name="sequence">40</field>
            <field name="appears_on_payslip" eval="True"/>
            <field name="category_id" ref="its_hr_payroll_extend.salary_rule_category019_commerce"/>
            <field name="convention_id" ref="its_hr_convention.convention_commerce"/>
            <field name="active" eval="True"/>
            <field name="accessory" eval="False"/>
            <field name="charge" eval="True"/>
            <field name="net" eval="False"/>
            <field name="condition_select">none</field>
            <field name="amount_select">code</field>
            <field name="amount_python_compute">result = (payslip.salary_type == 'holiday') and 0.0 or employee.get_rule_value('COMPRIONOT', payslip.date_from, payslip.date_to)</field>
            <field name="account_debit" ref=""/>
            <field name="account_credit" ref=""/>
            <field name="account_tax_id" ref=""/>
        </record>

        <record id="its_hr_payroll_extend.salary_rule041_commerce" model="hr.salary.rule">
            <field name="name">Reference Salary</field>
            <field name="code">COMREFSAL</field>
            <field name="sequence">41</field>
            <field name="appears_on_payslip" eval="True"/>
            <field name="category_id" ref="its_hr_payroll_extend.salary_rule_category040_commerce"/>
            <field name="convention_id" ref="its_hr_convention.convention_commerce"/>
            <field name="active" eval="True"/>
            <field name="accessory" eval="False"/>
            <field name="charge" eval="False"/>
            <field name="net" eval="False"/>
            <field name="condition_select">none</field>
            <field name="amount_select">code</field>
            <field name="amount_python_compute">result = categories.COMCATREF</field>
            <field name="account_debit" ref=""/>
            <field name="account_credit" ref=""/>
            <field name="account_tax_id" ref=""/>
        </record>

        <record id="its_hr_payroll_extend.salary_rule042_commerce" model="hr.salary.rule">
            <field name="name">Work medal</field>
            <field name="code">COMWORKMEDAL</field>
            <field name="sequence">42</field>
            <field name="appears_on_payslip" eval="True"/>
            <field name="category_id" ref="its_hr_payroll_extend.salary_rule_category041_commerce"/>
            <field name="convention_id" ref="its_hr_convention.convention_commerce"/>
            <field name="active" eval="True"/>
            <field name="accessory" eval="True"/>
            <field name="exceptional_salary" eval="True"/>
            <field name="charge" eval="False"/>
            <field name="net" eval="False"/>
            <field name="condition_select">none</field>
            <field name="amount_select">code</field>
            <field name="amount_python_compute">result = employee.get_rule_value('COMWORKMEDAL', payslip.date_from, payslip.date_to)</field>
            <field name="account_debit" ref=""/>
            <field name="account_credit" ref=""/>
            <field name="account_tax_id" ref=""/>
        </record>

        <record id="its_hr_payroll_extend.salary_rule043_commerce" model="hr.salary.rule">
            <field name="name">Dismissal Indemnity</field>
            <field name="code">COMDISMIS</field>
            <field name="sequence">43</field>
            <field name="appears_on_payslip" eval="True"/>
            <field name="category_id" ref="its_hr_payroll_extend.salary_rule_category018_commerce"/>
            <field name="convention_id" ref="its_hr_convention.convention_commerce"/>
            <field name="active" eval="True"/>
            <field name="accessory" eval="True"/>
            <field name="exceptional_salary" eval="True"/>
            <field name="charge" eval="False"/>
            <field name="net" eval="False"/>
            <field name="condition_select">none</field>
            <field name="amount_select">code</field>
            <field name="amount_python_compute">dismissal = employee.get_rule_value('COMDISMIS', payslip.date_from, payslip.date_to)
if dismissal:
    seniority = employee.get_seniority(payslip.date_to)
    seniority = seniority // 12
    if seniority &lt;= 5:
        result = employee.get_average_wage(payslip.date_from) * 0.25 * seniority
    elif seniority &lt;= 10:
        result = employee.get_average_wage(payslip.date_from) * 0.3 * seniority
    elif seniority &lt;= 15:
        result = employee.get_average_wage(payslip.date_from) * 0.4 * seniority
    elif seniority &lt;= 20:
        result = employee.get_average_wage(payslip.date_from) * 0.45 * seniority
    elif seniority &gt; 20:
        result = employee.get_average_wage(payslip.date_from) * 0.5 * seniority
else:
    result = 0.0
            </field>
            <field name="account_debit" ref=""/>
            <field name="account_credit" ref=""/>
            <field name="account_tax_id" ref=""/>
        </record>

        <record id="its_hr_payroll_extend.salary_rule044_commerce" model="hr.salary.rule">
            <field name="name">End of career Indemnity </field>
            <field name="code">COMCAREER</field>
            <field name="sequence">44</field>
            <field name="appears_on_payslip" eval="True"/>
            <field name="category_id" ref="its_hr_payroll_extend.salary_rule_category017_commerce"/>
            <field name="convention_id" ref="its_hr_convention.convention_commerce"/>
            <field name="active" eval="True"/>
            <field name="accessory" eval="True"/>
            <field name="exceptional_salary" eval="True"/>
            <field name="charge" eval="False"/>
            <field name="net" eval="False"/>
            <field name="condition_select">none</field>
            <field name="amount_select">code</field>
            <field name="amount_python_compute">end_career = employee.get_rule_value('COMCAREER', payslip.date_from, payslip.date_to)
if end_career:
    seniority = employee.get_seniority(payslip.date_to)
    seniority = seniority // 12
    if seniority &lt;= 5:
        result = (payslip.salary_type == 'holiday') and 0.0 or employee.get_average_wage(payslip.date_from) * 0.4
    elif seniority &lt;= 10:
        result = (payslip.salary_type == 'holiday') and 0.0 or employee.get_average_wage(payslip.date_from) * 0.45
    elif seniority &lt;= 15:
        result = (payslip.salary_type == 'holiday') and 0.0 or employee.get_average_wage(payslip.date_from) * 0.6
    elif seniority &lt;= 20:
        result = (payslip.salary_type == 'holiday') and 0.0 or employee.get_average_wage(payslip.date_from) * 0.65
    elif seniority &gt; 20:
        result = (payslip.salary_type == 'holiday') and 0.0 or employee.get_average_wage(payslip.date_from) * 0.75
else:
    result = 0.0
            </field>
            <field name="account_debit" ref=""/>
            <field name="account_credit" ref=""/>
            <field name="account_tax_id" ref=""/>
        </record>

        <record id="its_hr_payroll_extend.salary_rule045_commerce" model="hr.salary.rule">
            <field name="name">Salary Contribution capped</field>
            <field name="code">COMCONTCAPPED</field>
            <field name="sequence">45</field>
            <field name="appears_on_payslip" eval="True"/>
            <field name="category_id" ref="its_hr_payroll_extend.salary_rule_category030_commerce"/>
            <field name="convention_id" ref="its_hr_convention.convention_commerce"/>
            <field name="active" eval="True"/>
            <field name="accessory" eval="False"/>
            <field name="charge" eval="False"/>
            <field name="capped" eval="True"/>
            <field name="net" eval="False"/>
            <field name="condition_select">none</field>
            <field name="amount_select">code</field>
            <field name="amount_python_compute">contribution = categories.COMCATCONT
if contribution > 750000:
    result = 750000
else:
    result = contribution</field>
            <field name="register_id" ref="its_hr_payroll_extend.contributor_nsif"/>
            <field name="account_debit" ref=""/>
            <field name="account_credit" ref=""/>
            <field name="account_tax_id" ref=""/>
        </record>

        <record id="its_hr_payroll_extend.salary_rule045_commerce_1" model="hr.salary.rule">
            <field name="name">Salary Contribution</field>
            <field name="code">COMCONTSAL</field>
            <field name="sequence">45</field>
            <field name="appears_on_payslip" eval="True"/>
            <field name="category_id" ref="its_hr_payroll_extend.salary_rule_category030_commerce"/>
            <field name="convention_id" ref="its_hr_convention.convention_commerce"/>
            <field name="active" eval="True"/>
            <field name="accessory" eval="False"/>
            <field name="charge" eval="True"/>
            <field name="contribution" eval="True"/>
            <field name="net" eval="False"/>
            <field name="condition_select">none</field>
            <field name="amount_select">code</field>
            <field name="amount_python_compute">result = categories.COMCATCONT</field>
            <field name="register_id" eval=""/>
            <field name="account_debit" ref=""/>
            <field name="account_credit" ref=""/>
            <field name="account_tax_id" ref=""/>
        </record>

        <record id="its_hr_payroll_extend.salary_rule045_commerce_2" model="hr.salary.rule">
            <field name="name">Gross Salary Dutiable</field>
            <field name="code">COMGROSALD</field>
            <field name="sequence">45</field>
            <field name="appears_on_payslip" eval="True"/>
            <field name="category_id" ref="its_hr_payroll_extend.salary_rule_category028_commerce_1"/>
            <field name="convention_id" ref="its_hr_convention.convention_commerce"/>
            <field name="active" eval="True"/>
            <field name="accessory" eval="False"/>
            <field name="charge" eval="True"/>
            <field name="taxable_salary" eval="True"/>
            <field name="net" eval="False"/>
            <field name="condition_select">none</field>
            <field name="amount_select">code</field>
            <field name="amount_python_compute">result = categories.COMCATGROSALD</field>
            <field name="register_id" eval=""/>
            <field name="account_debit" ref=""/>
            <field name="account_credit" ref=""/>
            <field name="account_tax_id" ref=""/>
        </record>

        <record id="its_hr_payroll_extend.salary_rule046_commerce" model="hr.salary.rule">
            <field name="name">Employers' old-age pension</field>
            <field name="code">COMEMPOLDAGE</field>
            <field name="sequence">46</field>
            <field name="appears_on_payslip" eval="True"/>
            <field name="category_id" ref="hr_payroll.COMP"/>
            <field name="convention_id" ref="its_hr_convention.convention_commerce"/>
            <field name="active" eval="True"/>
            <field name="accessory" eval="False"/>
            <field name="charge" eval="False"/>
            <field name="charge_employer" eval="True"/>
            <field name="social" eval="True"/>
            <field name="net" eval="False"/>
            <field name="condition_select">none</field>
            <field name="amount_select">code</field>
            <field name="amount_python_compute">result = categories.COMCATCONTCAPPED * 0.042</field>
            <field name="register_id" ref="its_hr_payroll_extend.contributor_nsif"/>
            <field name="account_debit" ref=""/>
            <field name="account_credit" ref=""/>
            <field name="account_tax_id" ref=""/>
        </record>

        <record id="its_hr_payroll_extend.salary_rule047_commerce" model="hr.salary.rule">
            <field name="name">Salary' old-age pension</field>
            <field name="code">COMSALOLDAGE</field>
            <field name="sequence">47</field>
            <field name="appears_on_payslip" eval="True"/>
            <field name="category_id" ref="hr_payroll.DED"/>
            <field name="convention_id" ref="its_hr_convention.convention_commerce"/>
            <field name="active" eval="True"/>
            <field name="accessory" eval="False"/>
            <field name="charge" eval="True"/>
            <field name="social" eval="True"/>
            <field name="charge_employer" eval="False"/>
            <field name="net" eval="False"/>
            <field name="condition_select">none</field>
            <field name="amount_select">code</field>
            <field name="amount_python_compute">result = categories.COMCATCONTCAPPED * 0.042</field>
            <field name="register_id" ref="its_hr_payroll_extend.contributor_nsif"/>
            <field name="account_debit" ref=""/>
            <field name="account_credit" ref=""/>
            <field name="account_tax_id" ref=""/>
        </record>

        <record id="its_hr_payroll_extend.salary_rule048_commerce" model="hr.salary.rule">
            <field name="name">Family benefits 7%</field>
            <field name="code">COMFAMBEN7</field>
            <field name="sequence">48</field>
            <field name="appears_on_payslip" eval="True"/>
            <field name="category_id" ref="hr_payroll.COMP"/>
            <field name="convention_id" ref="its_hr_convention.convention_commerce"/>
            <field name="active" eval="True"/>
            <field name="accessory" eval="False"/>
            <field name="charge" eval="False"/>
            <field name="charge_employer" eval="True"/>
            <field name="social" eval="True"/>
            <field name="net" eval="False"/>
            <field name="condition_select">none</field>
            <field name="amount_select">code</field>
            <field name="amount_python_compute">benef = employee.get_rule_value('COMFAMBEN7', payslip.date_from, payslip.date_to)
if benef:
    result = categories.COMCATCONTCAPPED * 0.07
else:
    result = 0</field>
            <field name="register_id" ref="its_hr_payroll_extend.contributor_nsif"/>
            <field name="account_debit" ref=""/>
            <field name="account_credit" ref=""/>
            <field name="account_tax_id" ref=""/>
        </record>

        <record id="its_hr_payroll_extend.salary_rule049_commerce" model="hr.salary.rule">
            <field name="name">Family benefits 5.65%</field>
            <field name="code">COMFAMBEN5</field>
            <field name="sequence">49</field>
            <field name="appears_on_payslip" eval="True"/>
            <field name="category_id" ref="hr_payroll.COMP"/>
            <field name="convention_id" ref="its_hr_convention.convention_commerce"/>
            <field name="active" eval="True"/>
            <field name="accessory" eval="False"/>
            <field name="charge" eval="False"/>
            <field name="charge_employer" eval="True"/>
            <field name="social" eval="True"/>
            <field name="net" eval="False"/>
            <field name="condition_select">none</field>
            <field name="amount_select">code</field>
            <field name="amount_python_compute">benef = employee.get_rule_value('COMFAMBEN5', payslip.date_from, payslip.date_to)
if benef:
    result = categories.COMCATCONTCAPPED * 0.0565
else:
    result = 0</field>
            <field name="register_id" ref="its_hr_payroll_extend.contributor_nsif"/>
            <field name="account_debit" ref=""/>
            <field name="account_credit" ref=""/>
            <field name="account_tax_id" ref=""/>
        </record>

        <record id="its_hr_payroll_extend.salary_rule050_commerce" model="hr.salary.rule">
            <field name="name">Family benefits 3.7%</field>
            <field name="code">COMFAMBEN3</field>
            <field name="sequence">50</field>
            <field name="appears_on_payslip" eval="True"/>
            <field name="category_id" ref="hr_payroll.COMP"/>
            <field name="convention_id" ref="its_hr_convention.convention_commerce"/>
            <field name="active" eval="True"/>
            <field name="accessory" eval="False"/>
            <field name="charge" eval="False"/>
            <field name="charge_employer" eval="True"/>
            <field name="social" eval="True"/>
            <field name="net" eval="False"/>
            <field name="condition_select">none</field>
            <field name="amount_select">code</field>
            <field name="amount_python_compute">benef = employee.get_rule_value('COMFAMBEN3', payslip.date_from, payslip.date_to)
if benef:
    result = categories.COMCATCONTCAPPED * 0.037
else:
    result = 0
            </field>
            <field name="register_id" ref="its_hr_payroll_extend.contributor_nsif"/>
            <field name="account_debit" ref=""/>
            <field name="account_credit" ref=""/>
            <field name="account_tax_id" ref=""/>
        </record>

        <record id="its_hr_payroll_extend.salary_rule051_commerce" model="hr.salary.rule">
            <field name="name">Work accident and occupational disease 5%</field>
            <field name="code">COMWORKACC5</field>
            <field name="sequence">51</field>
            <field name="appears_on_payslip" eval="True"/>
            <field name="category_id" ref="hr_payroll.COMP"/>
            <field name="convention_id" ref="its_hr_convention.convention_commerce"/>
            <field name="active" eval="True"/>
            <field name="accessory" eval="False"/>
            <field name="charge" eval="False"/>
            <field name="charge_employer" eval="True"/>
            <field name="social" eval="True"/>
            <field name="net" eval="False"/>
            <field name="condition_select">none</field>
            <field name="amount_select">code</field>
            <field name="amount_python_compute">work = employee.get_rule_value('COMWORKACC5', payslip.date_from, payslip.date_to)
if work:
    result = categories.COMCATCONT * 0.05
else:
    result = 0</field>
            <field name="register_id" ref="its_hr_payroll_extend.contributor_nsif"/>
            <field name="account_debit" ref=""/>
            <field name="account_credit" ref=""/>
            <field name="account_tax_id" ref=""/>
        </record>

        <record id="its_hr_payroll_extend.salary_rule052_commerce" model="hr.salary.rule">
            <field name="name">Work accident and occupational disease 2.5%</field>
            <field name="code">COMWORKACC2</field>
            <field name="sequence">52</field>
            <field name="appears_on_payslip" eval="True"/>
            <field name="category_id" ref="hr_payroll.COMP"/>
            <field name="convention_id" ref="its_hr_convention.convention_commerce"/>
            <field name="active" eval="True"/>
            <field name="accessory" eval="False"/>
            <field name="charge" eval="False"/>
            <field name="charge_employer" eval="True"/>
            <field name="social" eval="True"/>
            <field name="net" eval="False"/>
            <field name="condition_select">none</field>
            <field name="amount_select">code</field>
            <field name="amount_python_compute">work = employee.get_rule_value('COMWORKACC2', payslip.date_from, payslip.date_to)
if work:
    result = categories.COMCATCONT * 0.025
else:
    result = 0</field>
            <field name="register_id" ref="its_hr_payroll_extend.contributor_nsif"/>
            <field name="account_debit" ref=""/>
            <field name="account_credit" ref=""/>
            <field name="account_tax_id" ref=""/>
        </record>

        <record id="its_hr_payroll_extend.salary_rule053_commerce" model="hr.salary.rule">
            <field name="name">Work accident and occupational disease 1.75%</field>
            <field name="code">COMWORKACC1</field>
            <field name="sequence">53</field>
            <field name="appears_on_payslip" eval="True"/>
            <field name="category_id" ref="hr_payroll.COMP"/>
            <field name="convention_id" ref="its_hr_convention.convention_commerce"/>
            <field name="active" eval="True"/>
            <field name="accessory" eval="False"/>
            <field name="charge" eval="False"/>
            <field name="charge_employer" eval="True"/>
            <field name="social" eval="True"/>
            <field name="net" eval="False"/>
            <field name="condition_select">none</field>
            <field name="amount_select">code</field>
            <field name="amount_python_compute">work = employee.get_rule_value('COMWORKACC1', payslip.date_from, payslip.date_to)
if work:
    result = categories.COMCATCONT * 0.0175
else:
    result = 0
            </field>
            <field name="register_id" ref="its_hr_payroll_extend.contributor_nsif"/>
            <field name="account_debit" ref=""/>
            <field name="account_credit" ref=""/>
            <field name="account_tax_id" ref=""/>
        </record>

        <record id="its_hr_payroll_extend.salary_rule054_commerce" model="hr.salary.rule">
            <field name="name">Employee' Financing Housing</field>
            <field name="code">COMFINHOUEMP</field>
            <field name="sequence">54</field>
            <field name="appears_on_payslip" eval="True"/>
            <field name="category_id" ref="its_hr_payroll_extend.salary_rule_category032_commerce"/>
            <field name="convention_id" ref="its_hr_convention.convention_commerce"/>
            <field name="active" eval="True"/>
            <field name="accessory" eval="False"/>
            <field name="charge" eval="True"/>
            <field name="tax" eval="True"/>
            <field name="charge_employer" eval="False"/>
            <field name="net" eval="False"/>
            <field name="condition_select">none</field>
            <field name="amount_select">code</field>
            <field name="amount_python_compute">result = categories.COMCATGROSALD * 0.01</field>
            <field name="register_id" ref="its_hr_payroll_extend.contributor_financing"/>
            <field name="account_debit" ref=""/>
            <field name="account_credit" ref=""/>
            <field name="account_tax_id" ref=""/>
        </record>

        <record id="its_hr_payroll_extend.salary_rule055_commerce" model="hr.salary.rule">
            <field name="name">Employer' Financing Housing</field>
            <field name="code">COMFINHOUEMR</field>
            <field name="sequence">55</field>
            <field name="appears_on_payslip" eval="True"/>
            <field name="category_id" ref="hr_payroll.COMP"/>
            <field name="convention_id" ref="its_hr_convention.convention_commerce"/>
            <field name="active" eval="True"/>
            <field name="accessory" eval="False"/>
            <field name="charge" eval="False"/>
            <field name="charge_employer" eval="True"/>
            <field name="tax" eval="True"/>
            <field name="net" eval="False"/>
            <field name="condition_select">none</field>
            <field name="amount_select">code</field>
            <field name="amount_python_compute">result = categories.COMCATGROSALD * 0.015</field>
            <field name="register_id" ref="its_hr_payroll_extend.contributor_financing"/>
            <field name="account_debit" ref=""/>
            <field name="account_credit" ref=""/>
            <field name="account_tax_id" ref=""/>
        </record>

        <record id="its_hr_payroll_extend.salary_rule056_commerce" model="hr.salary.rule">
            <field name="name">Local Development Taxes</field>
            <field name="code">COMLDTAXE</field>
            <field name="sequence">56</field>
            <field name="appears_on_payslip" eval="True"/>
            <field name="category_id" ref="hr_payroll.DED"/>
            <field name="convention_id" ref="its_hr_convention.convention_commerce"/>
            <field name="active" eval="True"/>
            <field name="accessory" eval="False"/>
            <field name="charge" eval="True"/>
            <field name="tax" eval="True"/>
            <field name="tdl" eval="True"/>
            <field name="charge_employer" eval="False"/>
            <field name="net" eval="False"/>
            <field name="condition_select">none</field>
            <field name="amount_select">code</field>
            <field name="amount_python_compute">base = categories.COMCATGROSALD
if base &lt;= 62000:
    result = 0.0
elif base &lt;= 75000:
    result = 250
elif base &lt;= 100000:
    result = 500
elif base &lt;= 125000:
    result = 750
elif base &lt;= 150000:
    result = 1000
elif base &lt;= 200000:
    result = 1250
elif base &lt;= 250000:
    result = 1500
elif base &lt;= 300000:
    result = 2000
elif base &lt;= 500000:
    result = 2250
elif base &gt; 500000:
    result = 2520
            </field>
            <field name="register_id" ref="its_hr_payroll_extend.contributor_ldt"/>
            <field name="account_debit" ref=""/>
            <field name="account_credit" ref=""/>
            <field name="account_tax_id" ref=""/>
        </record>

        <record id="its_hr_payroll_extend.salary_rule057_commerce" model="hr.salary.rule">
            <field name="name">Audiovisual license</field>
            <field name="code">COMAUDLIC</field>
            <field name="sequence">57</field>
            <field name="appears_on_payslip" eval="True"/>
            <field name="category_id" ref="hr_payroll.DED"/>
            <field name="convention_id" ref="its_hr_convention.convention_commerce"/>
            <field name="active" eval="True"/>
            <field name="accessory" eval="False"/>
            <field name="charge" eval="True"/>
            <field name="tax" eval="True"/>
            <field name="charge_employer" eval="False"/>
            <field name="net" eval="False"/>
            <field name="condition_select">none</field>
            <field name="amount_select">code</field>
            <field name="amount_python_compute">base = categories.COMCATBASIC
if base &lt;= 50000:
    result = 0
elif base &lt;= 100000:
    result = 750
elif base &lt;= 200000:
    result = 1950
elif base &lt;= 300000:
    result = 3250
elif base &lt;= 400000:
    result = 4550
elif base &lt;= 500000:
    result = 5850
elif base &lt;= 600000:
    result = 7150
elif base &lt;= 700000:
    result = 8450
elif base &lt;= 800000:
    result = 9750
elif base &lt;= 900000:
    result = 11050
elif base &lt;= 1000000:
    result = 12350
elif base &gt; 1000000:
    result = 13000
            </field>
            <field name="register_id" ref="its_hr_payroll_extend.contributor_gov_taxes"/>
            <field name="account_debit" ref=""/>
            <field name="account_credit" ref=""/>
            <field name="account_tax_id" ref=""/>
        </record>

        <record id="its_hr_payroll_extend.salary_rule058_commerce" model="hr.salary.rule">
            <field name="name">Union retainer</field>
            <field name="code">COMUNRET</field>
            <field name="sequence">58</field>
            <field name="appears_on_payslip" eval="True"/>
            <field name="category_id" ref="hr_payroll.DED"/>
            <field name="convention_id" ref="its_hr_convention.convention_commerce"/>
            <field name="active" eval="True"/>
            <field name="accessory" eval="False"/>
            <field name="charge" eval="True"/>
            <field name="charge_employer" eval="False"/>
            <field name="net" eval="False"/>
            <field name="condition_select">none</field>
            <field name="amount_select">code</field>
            <field name="amount_python_compute">retain = employee.get_rule_value('COMUNRET', payslip.date_from, payslip.date_to)
if retain:
    result = categories.COMCATBASIC * 0.01
else:
    result = 0
            </field>
            <field name="register_id" ref="its_hr_payroll_extend.contributor_labor_union"/>
            <field name="account_debit" ref=""/>
            <field name="account_credit" ref=""/>
            <field name="account_tax_id" ref=""/>
        </record>

        <record id="its_hr_payroll_extend.salary_rule059_commerce" model="hr.salary.rule">
            <field name="name">IRPP</field>
            <field name="code">COMIRPP</field>
            <field name="sequence">59</field>
            <field name="appears_on_payslip" eval="True"/>
            <field name="category_id" ref="its_hr_payroll_extend.salary_rule_category033_commerce"/>
            <field name="convention_id" ref="its_hr_convention.convention_commerce"/>
            <field name="active" eval="True"/>
            <field name="accessory" eval="False"/>
            <field name="charge" eval="True"/>
            <field name="tax" eval="True"/>
            <field name="irpp" eval="True"/>
            <field name="charge_employer" eval="False"/>
            <field name="net" eval="False"/>
            <field name="condition_select">none</field>
            <field name="amount_select">code</field>
            <field name="amount_python_compute">dutiable = categories.COMCATGROSALD
if dutiable &lt;= 62000:
    result = 0
elif dutiable &lt;= 300000:
    result = ((dutiable * 0.7) - (dutiable * 0.042) - 41667) * 0.1
elif dutiable &lt;= 429000:
    result = 16693 + ((dutiable - 310000) * 0.7 * 0.15)
elif dutiable &lt;= 667000:
    result = 29188 + ((dutiable - 429000) * 0.7 * 0.25)
else:
    result = 70830 + ((dutiable - 667000) * 0.7 * 0.35)
            </field>
            <field name="register_id" ref="its_hr_payroll_extend.contributor_gov_taxes"/>
            <field name="account_debit" ref=""/>
            <field name="account_credit" ref=""/>
            <field name="account_tax_id" ref=""/>
        </record>

        <record id="its_hr_payroll_extend.salary_rule060_commerce" model="hr.salary.rule">
            <field name="name">CAC 10% IRPP</field>
            <field name="code">COMIRPPCAC</field>
            <field name="sequence">60</field>
            <field name="appears_on_payslip" eval="True"/>
            <field name="category_id" ref="hr_payroll.DED"/>
            <field name="convention_id" ref="its_hr_convention.convention_commerce"/>
            <field name="active" eval="True"/>
            <field name="accessory" eval="False"/>
            <field name="charge" eval="True"/>
            <field name="tax" eval="True"/>
            <field name="charge_employer" eval="False"/>
            <field name="net" eval="False"/>
            <field name="condition_select">none</field>
            <field name="amount_select">code</field>
            <field name="amount_python_compute">result = categories.COMCATIRPP * 0.1</field>
            <field name="register_id" ref="its_hr_payroll_extend.contributor_gov_taxes"/>
            <field name="account_debit" ref=""/>
            <field name="account_credit" ref=""/>
            <field name="account_tax_id" ref=""/>
        </record>

        <record id="its_hr_payroll_extend.salary_rule061_commerce" model="hr.salary.rule">
            <field name="name">FNE</field>
            <field name="code">COMFNE</field>
            <field name="sequence">61</field>
            <field name="appears_on_payslip" eval="True"/>
            <field name="category_id" ref="hr_payroll.COMP"/>
            <field name="convention_id" ref="its_hr_convention.convention_commerce"/>
            <field name="active" eval="True"/>
            <field name="accessory" eval="False"/>
            <field name="charge" eval="False"/>
            <field name="tax" eval="True"/>
            <field name="charge_employer" eval="True"/>
            <field name="net" eval="False"/>
            <field name="condition_select">none</field>
            <field name="amount_select">code</field>
            <field name="amount_python_compute">result = categories.COMCATGROSALD * 0.01</field>
            <field name="register_id" ref="its_hr_payroll_extend.contributor_gov_taxes"/>
            <field name="account_debit" ref=""/>
            <field name="account_credit" ref=""/>
            <field name="account_tax_id" ref=""/>
        </record>

        <record id="hr_employee_loan.hr_salary_rule_loan_installment" model="hr.salary.rule">
            <field name="name">Installment Loan</field>
            <field name="sequence">62</field>
            <field name="code">INSTALL</field>
            <field name="appears_on_payslip" eval="True"/>
            <field name="category_id" ref="its_hr_payroll_extend.salary_rule_category044_commerce"/>
            <field name="convention_id" ref="its_hr_convention.convention_commerce"/>
            <field name="active" eval="True"/>
            <field name="accessory" eval="False"/>
            <field name="charge" eval="False"/>
            <field name="retain" eval="True"/>
            <field name="net" eval="False"/>
            <field name="condition_select">none</field>
            <field name="amount_select">code</field>
            <field name="amount_python_compute">result = employee.get_installment_loan(employee.id, payslip.date_from, payslip.date_to)</field>
            <field name="is_loan_payment">True</field>
            <field name="account_debit" ref=""/>
            <field name="account_credit" ref=""/>
            <field name="account_tax_id" ref=""/>
        </record>

         <record id="hr_employee_loan.hr_salary_rule_loan_interest" model="hr.salary.rule">
            <field name="name">Interest Loan</field>
            <field name="sequence">63</field>
            <field name="code">INTEREST_LOAN</field>
            <field name="appears_on_payslip" eval="True"/>
            <field name="category_id" ref="its_hr_payroll_extend.salary_rule_category044_commerce"/>
            <field name="convention_id" ref="its_hr_convention.convention_commerce"/>
            <field name="active" eval="True"/>
            <field name="accessory" eval="False"/>
            <field name="charge" eval="False"/>
            <field name="retain" eval="True"/>
            <field name="net" eval="False"/>
            <field name="condition_select">none</field>
            <field name="amount_select">code</field>
            <field name="amount_python_compute">result = employee.get_interest_loan(employee.id, payslip.date_from, payslip.date_to)</field>
            <field name="account_debit" ref=""/>
            <field name="account_credit" ref=""/>
            <field name="account_tax_id" ref=""/>
        </record>

        <record id="hr_payroll.hr_rule_taxable" model="hr.salary.rule">
            <field name="name">Gross Salary</field>
            <field name="sequence">64</field>
            <field name="code">COMGROSS</field>
            <field name="appears_on_payslip" eval="True"/>
            <field name="category_id" ref="hr_payroll.GROSS"/>
            <field name="convention_id" ref="its_hr_convention.convention_commerce"/>
            <field name="active" eval="True"/>
            <field name="accessory" eval="True"/>
            <field name="charge" eval="False"/>
            <field name="gross" eval="True"/>
            <field name="retain" eval="False"/>
            <field name="net" eval="False"/>
            <field name="condition_select">none</field>
            <field name="amount_select">code</field>
            <field name="amount_python_compute">result = categories.COMCATCONT + categories.COMCATALW</field>
        </record>

        <record id="its_hr_payroll_extend.deduction" model="hr.salary.rule">
            <field name="name">Deduction</field>
            <field name="sequence" eval="65"/>
            <field name="code">COMDED</field>
            <field name="appears_on_payslip" eval="True"/>
            <field name="category_id" ref="its_hr_payroll_extend.salary_rule_category043_commerce"/>
            <field name="convention_id" ref="its_hr_convention.convention_commerce"/>
            <field name="active" eval="True"/>
            <field name="accessory" eval="False"/>
            <field name="charge" eval="True"/>
            <field name="retain" eval="False"/>
            <field name="net" eval="False"/>
            <field name="condition_select">none</field>
            <field name="amount_select">code</field>
            <field name="amount_python_compute">result = categories.COMCATDED</field>
            <!--<field name="register_id" ref="hr_payroll.contrib_register_employees"/>-->
        </record>

        <record id="hr_payroll.hr_rule_net" model="hr.salary.rule">
            <field name="name">Net Salary</field>
            <field name="sequence" eval="66"/>
            <field name="code">COMNET</field>
            <field name="appears_on_payslip" eval="True"/>
            <field name="category_id" ref="hr_payroll.NET"/>
            <field name="convention_id" ref="its_hr_convention.convention_commerce"/>
            <field name="active" eval="True"/>
            <field name="accessory" eval="False"/>
            <field name="charge" eval="False"/>
            <field name="retain" eval="False "/>
            <field name="net" eval="True"/>
            <field name="condition_select">none</field>
            <field name="amount_select">code</field>
            <field name="amount_python_compute">result = categories.COMCATGROSAL - categories.COMCATDED</field>
            <field name="register_id" ref="hr_payroll.contrib_register_employees"/>
            <field name="account_debit" ref=""/>
            <field name="account_credit" ref=""/>
            <field name="account_tax_id" ref=""/>
        </record>

    </data>
</odoo>