<?xml version="1.0" encoding="utf-8"?>
<odoo>
    <data>

        <!-- Carriers, Freight and Transport auxiliaries Convention -->
        <record id="its_hr_payroll_extend.salary_rule_category000_pharmacy" model="hr.salary.rule.category">
            <field name="name">Basic Salary</field>
            <field name="code">PHACATBASIC</field>
            <field name="parent_id" eval="False"/>
            <field name="convention_id" ref="its_hr_convention.convention_pharmacy"/>
        </record>

        <record id="its_hr_payroll_extend.salary_rule_category029_pharmacy" model="hr.salary.rule.category">
            <field name="name">Contribution Salary</field>
            <field name="code">PHACATCONT</field>
            <field name="parent_id" eval="False"/>
            <field name="convention_id" ref="its_hr_convention.convention_pharmacy"/>
        </record>

        <record id="its_hr_payroll_extend.salary_rule_category044_pharmacy" model="hr.salary.rule.category">
            <field name="name">Allowance</field>
            <field name="code">PHACATALW</field>
            <field name="convention_id" ref="its_hr_convention.convention_pharmacy"/>
        </record>

        <record id="its_hr_payroll_extend.salary_rule_category028_pharmacy" model="hr.salary.rule.category">
            <field name="name">Gross Salary Dutiable</field>
            <field name="code">PHACATGROSALD</field>
            <field name="parent_id" eval="False"/>
            <field name="convention_id" ref="its_hr_convention.convention_pharmacy"/>
        </record>

        <record id="its_hr_payroll_extend.salary_rule_category028_pharmacy_1" model="hr.salary.rule.category">
            <field name="name">Gross Salary Dutiable</field>
            <field name="code">PHACATGROSALD1</field>
            <field name="parent_id" eval="False"/>
            <field name="convention_id" ref="its_hr_convention.convention_pharmacy"/>
        </record>

        <record id="its_hr_payroll_extend.salary_rule_category030_pharmacy" model="hr.salary.rule.category">
            <field name="name">Contribution Salary Capped</field>
            <field name="code">PHACATCONTCAPPED</field>
            <field name="parent_id" eval="False"/>
            <field name="convention_id" ref="its_hr_convention.convention_pharmacy"/>
        </record>

        <record id="its_hr_payroll_extend.salary_rule_category045_pharmacy" model="hr.salary.rule.category">
            <field name="name">Gross Salary</field>
            <field name="code">PHACATGROSAL</field>
            <field name="parent_id" eval="False"/>
            <field name="convention_id" ref="its_hr_convention.convention_pharmacy"/>
        </record>

        <record id="its_hr_payroll_extend.salary_rule_category047_pharmacy" model="hr.salary.rule.category">
            <field name="name">Net</field>
            <field name="code">PHACATNET</field>
            <field name="convention_id" ref="its_hr_convention.convention_pharmacy"/>
        </record>

        <record id="its_hr_payroll_extend.salary_rule_category048_pharmacy" model="hr.salary.rule.category">
            <field name="name">Company Contribution</field>
            <field name="code">PHACATCAFP</field>
            <field name="convention_id" ref="its_hr_convention.convention_pharmacy"/>
        </record>

        <record id="its_hr_payroll_extend.salary_rule_category043_pharmacy" model="hr.salary.rule.category">
            <field name="name">Deduction</field>
            <field name="code">PHACATDED1</field>
            <field name="convention_id" ref="its_hr_convention.convention_pharmacy"/>
        </record>

        <record id="its_hr_payroll_extend.salary_rule_category002_pharmacy" model="hr.salary.rule.category">
            <field name="name">Responsibility</field>
            <field name="code">PHACATRESPON</field>
            <field name="parent_id" ref="its_hr_payroll_extend.salary_rule_category044_pharmacy"/>
            <field name="convention_id" ref="its_hr_convention.convention_pharmacy"/>
        </record>

        <record id="its_hr_payroll_extend.salary_rule_category003_pharmacy" model="hr.salary.rule.category">
            <field name="name">Dirty</field>
            <field name="code">PHACATDIRTY</field>
            <field name="parent_id" ref="its_hr_payroll_extend.salary_rule_category044_pharmacy"/>
            <field name="convention_id" ref="its_hr_convention.convention_pharmacy"/>
        </record>

        <record id="its_hr_payroll_extend.salary_rule_category004_pharmacy" model="hr.salary.rule.category">
            <field name="name">Basket</field>
            <field name="code">PHACATBASK</field>
            <field name="parent_id" ref="its_hr_payroll_extend.salary_rule_category044_pharmacy"/>
            <field name="convention_id" ref="its_hr_convention.convention_pharmacy"/>
        </record>

        <record id="its_hr_payroll_extend.salary_rule_category005_pharmacy" model="hr.salary.rule.category">
            <field name="name">Technicality</field>
            <field name="code">PHACATTECHN</field>
            <field name="parent_id" ref="its_hr_payroll_extend.salary_rule_category044_pharmacy"/>
            <field name="convention_id" ref="its_hr_convention.convention_pharmacy"/>
        </record>

        <record id="its_hr_payroll_extend.salary_rule_category006_pharmacy" model="hr.salary.rule.category">
            <field name="name">Cashier</field>
            <field name="code">PHACATCASH</field>
            <field name="parent_id" ref="its_hr_payroll_extend.salary_rule_category044_pharmacy"/>
            <field name="convention_id" ref="its_hr_convention.convention_pharmacy"/>
        </record>

        <record id="its_hr_payroll_extend.salary_rule_category007_pharmacy" model="hr.salary.rule.category">
            <field name="name">Warehouse</field>
            <field name="code">PHACATWARE</field>
            <field name="parent_id" ref="its_hr_payroll_extend.salary_rule_category044_pharmacy"/>
            <field name="convention_id" ref="its_hr_convention.convention_pharmacy"/>
        </record>

        <record id="its_hr_payroll_extend.salary_rule_category008_pharmacy" model="hr.salary.rule.category">
            <field name="name">Assiduity</field>
            <field name="code">PHACATASSID</field>
            <field name="parent_id" ref="its_hr_payroll_extend.salary_rule_category044_pharmacy"/>
            <field name="convention_id" ref="its_hr_convention.convention_pharmacy"/>
        </record>

        <record id="its_hr_payroll_extend.salary_rule_category009_pharmacy" model="hr.salary.rule.category">
            <field name="name">Subjection/Management</field>
            <field name="code">PHACATSUBJMANAG</field>
            <field name="parent_id" ref="its_hr_payroll_extend.salary_rule_category044_pharmacy"/>
            <field name="convention_id" ref="its_hr_convention.convention_pharmacy"/>
        </record>

        <record id="its_hr_payroll_extend.salary_rule_category011_pharmacy" model="hr.salary.rule.category">
            <field name="name">Representation</field>
            <field name="code">PHACATREPRES</field>
            <field name="parent_id" ref="its_hr_payroll_extend.salary_rule_category044_pharmacy"/>
            <field name="convention_id" ref="its_hr_convention.convention_pharmacy"/>
        </record>

        <record id="its_hr_payroll_extend.salary_rule_category012_pharmacy" model="hr.salary.rule.category">
            <field name="name">Results</field>
            <field name="code">PHACATRESULT</field>
            <field name="parent_id" ref="its_hr_payroll_extend.salary_rule_category044_pharmacy"/>
            <field name="convention_id" ref="its_hr_convention.convention_pharmacy"/>
        </record>

        <record id="its_hr_payroll_extend.salary_rule_category013_pharmacy" model="hr.salary.rule.category">
            <field name="name">Tools and safety</field>
            <field name="code">PHACATTOOLSAF</field>
            <field name="parent_id" ref="its_hr_payroll_extend.salary_rule_category044_pharmacy"/>
            <field name="convention_id" ref="its_hr_convention.convention_pharmacy"/>
        </record>

        <record id="its_hr_payroll_extend.salary_rule_category014_pharmacy" model="hr.salary.rule.category">
            <field name="name">Death</field>
            <field name="code">PHACATDEATH</field>
            <field name="parent_id" ref="its_hr_payroll_extend.salary_rule_category044_pharmacy"/>
            <field name="convention_id" ref="its_hr_convention.convention_pharmacy"/>
        </record>

        <record id="its_hr_payroll_extend.salary_rule_category015_pharmacy" model="hr.salary.rule.category">
            <field name="name">Reconversion</field>
            <field name="code">PHACATRECONV</field>
            <field name="parent_id" ref="its_hr_payroll_extend.salary_rule_category044_pharmacy"/>
            <field name="convention_id" ref="its_hr_convention.convention_pharmacy"/>
        </record>

        <record id="its_hr_payroll_extend.salary_rule_category016_pharmacy" model="hr.salary.rule.category">
            <field name="name">Travel</field>
            <field name="code">PHACATTRAVEL</field>
            <field name="parent_id" ref="its_hr_payroll_extend.salary_rule_category044_pharmacy"/>
            <field name="convention_id" ref="its_hr_convention.convention_pharmacy"/>
        </record>

        <record id="its_hr_payroll_extend.salary_rule_category017_pharmacy" model="hr.salary.rule.category">
            <field name="name">End of career</field>
            <field name="code">PHACATCAREER</field>
            <field name="parent_id" ref="its_hr_payroll_extend.salary_rule_category044_pharmacy"/>
            <field name="convention_id" ref="its_hr_convention.convention_pharmacy"/>
        </record>

        <record id="its_hr_payroll_extend.salary_rule_category018_pharmacy" model="hr.salary.rule.category">
            <field name="name">Dismissal</field>
            <field name="code">PHACATDISM</field>
            <field name="parent_id" ref="its_hr_payroll_extend.salary_rule_category044_pharmacy"/>
            <field name="convention_id" ref="its_hr_convention.convention_pharmacy"/>
        </record>

        <record id="its_hr_payroll_extend.salary_rule_category019_pharmacy" model="hr.salary.rule.category">
            <field name="name">Gratification</field>
            <field name="code">PHACATGRATIF</field>
            <field name="parent_id" ref="its_hr_payroll_extend.salary_rule_category044_pharmacy"/>
            <field name="convention_id" ref="its_hr_convention.convention_pharmacy"/>
        </record>

        <record id="its_hr_payroll_extend.salary_rule_category041_pharmacy" model="hr.salary.rule.category">
            <field name="name">Gratification Medal</field>
            <field name="code">PHACATGRATIFMEDAL</field>
            <field name="parent_id" ref="its_hr_payroll_extend.salary_rule_category029_pharmacy"/>
            <field name="convention_id" ref="its_hr_convention.convention_pharmacy"/>
        </record>

        <record id="its_hr_payroll_extend.salary_rule_category020_pharmacy" model="hr.salary.rule.category">
            <field name="name">Canteen</field>
            <field name="code">PHACATCANTEEN</field>
            <field name="parent_id" ref="its_hr_payroll_extend.salary_rule_category044_pharmacy"/>
            <field name="convention_id" ref="its_hr_convention.convention_pharmacy"/>
        </record>

        <record id="its_hr_payroll_extend.salary_rule_category022_pharmacy" model="hr.salary.rule.category">
            <field name="name">Indemnities</field>
            <field name="code">PHACATINDEMN</field>
            <field name="parent_id" ref="its_hr_payroll_extend.salary_rule_category029_pharmacy"/>
            <field name="convention_id" ref="its_hr_convention.convention_pharmacy"/>
        </record>

        <record id="its_hr_payroll_extend.salary_rule_category034_pharmacy" model="hr.salary.rule.category">
            <field name="name">Housing Indemnities</field>
            <field name="code">PHACATHOUSINDEMN</field>
            <field name="parent_id" ref="its_hr_payroll_extend.salary_rule_category022_pharmacy"/>
            <field name="convention_id" ref="its_hr_convention.convention_pharmacy"/>
        </record>

        <record id="its_hr_payroll_extend.salary_rule_category035_pharmacy" model="hr.salary.rule.category">
            <field name="name">Vehicle Indemnities</field>
            <field name="code">PHACATVEHINDEMN</field>
            <field name="parent_id" ref="its_hr_payroll_extend.salary_rule_category022_pharmacy"/>
            <field name="convention_id" ref="its_hr_convention.convention_pharmacy"/>
        </record>

        <record id="its_hr_payroll_extend.salary_rule_category036_pharmacy" model="hr.salary.rule.category">
            <field name="name">Electricity Indemnities</field>
            <field name="code">PHACATELECTINDEMN</field>
            <field name="parent_id" ref="its_hr_payroll_extend.salary_rule_category022_pharmacy"/>
            <field name="convention_id" ref="its_hr_convention.convention_pharmacy"/>
        </record>

        <record id="its_hr_payroll_extend.salary_rule_category037_pharmacy" model="hr.salary.rule.category">
            <field name="name">Water Indemnities</field>
            <field name="code">PHACATWATERINDEMN</field>
            <field name="parent_id" ref="its_hr_payroll_extend.salary_rule_category022_pharmacy"/>
            <field name="convention_id" ref="its_hr_convention.convention_pharmacy"/>
        </record>

        <record id="its_hr_payroll_extend.salary_rule_category038_pharmacy" model="hr.salary.rule.category">
            <field name="name">Maid Indemnities</field>
            <field name="code">PHACATMAIDINDEMN</field>
            <field name="parent_id" ref="its_hr_payroll_extend.salary_rule_category022_pharmacy"/>
            <field name="convention_id" ref="its_hr_convention.convention_pharmacy"/>
        </record>

        <record id="its_hr_payroll_extend.salary_rule_category039_pharmacy" model="hr.salary.rule.category">
            <field name="name">Food Indemnities</field>
            <field name="code">PHACATFOODINDEMN</field>
            <field name="parent_id" ref="its_hr_payroll_extend.salary_rule_category022_pharmacy"/>
            <field name="convention_id" ref="its_hr_convention.convention_pharmacy"/>
        </record>

        <record id="its_hr_payroll_extend.salary_rule_category023_pharmacy" model="hr.salary.rule.category">
            <field name="name">Tax Indemnities</field>
            <field name="code">PHACATTAXINDEMN</field>
            <field name="parent_id" ref="its_hr_payroll_extend.salary_rule_category028_pharmacy"/>
            <field name="convention_id" ref="its_hr_convention.convention_pharmacy"/>
        </record>

        <record id="its_hr_payroll_extend.salary_rule_category027_pharmacy" model="hr.salary.rule.category">
            <field name="name">Reference Salary</field>
            <field name="code">PHACATREF</field>
            <field name="parent_id" ref="its_hr_payroll_extend.salary_rule_category029_pharmacy"/>
            <field name="convention_id" ref="its_hr_convention.convention_pharmacy"/>
        </record>

        <record id="its_hr_payroll_extend.salary_rule_category025_pharmacy" model="hr.salary.rule.category">
            <field name="name">Base Salary Group 1</field>
            <field name="code">PHACATBASAL1</field>
            <field name="parent_id" ref="its_hr_payroll_extend.salary_rule_category027_pharmacy"/>
            <field name="convention_id" ref="its_hr_convention.convention_pharmacy"/>
        </record>

        <record id="its_hr_payroll_extend.salary_rule_category024_pharmacy" model="hr.salary.rule.category">
            <field name="name">Base Salary Group 0</field>
            <field name="code">PHACATBASAL0</field>
            <field name="parent_id" ref="its_hr_payroll_extend.salary_rule_category025_pharmacy"/>
            <field name="convention_id" ref="its_hr_convention.convention_pharmacy"/>
        </record>

        <record id="its_hr_payroll_extend.salary_rule_category001_pharmacy" model="hr.salary.rule.category">
            <field name="name">Seniority</field>
            <field name="code">PHACATSENIOR</field>
            <field name="parent_id" ref="its_hr_payroll_extend.salary_rule_category024_pharmacy"/>
            <field name="convention_id" ref="its_hr_convention.convention_pharmacy"/>
        </record>

        <record id="its_hr_payroll_extend.salary_rule_category010_pharmacy" model="hr.salary.rule.category">
            <field name="name">Leaves</field>
            <field name="code">PHACATLEAVE</field>
            <field name="parent_id" ref="its_hr_payroll_extend.salary_rule_category024_pharmacy"/>
            <field name="convention_id" ref="its_hr_convention.convention_pharmacy"/>
        </record>

        <record id="its_hr_payroll_extend.salary_rule_category026_pharmacy" model="hr.salary.rule.category">
            <field name="name">Base Salary Group 2</field>
            <field name="code">PHACATBASAL2</field>
            <field name="parent_id" ref="its_hr_payroll_extend.salary_rule_category027_pharmacy"/>
            <field name="convention_id" ref="its_hr_convention.convention_pharmacy"/>
        </record>

        <record id="its_hr_payroll_extend.salary_rule_category021_pharmacy" model="hr.salary.rule.category">
            <field name="name">Transport</field>
            <field name="code">PHACATTRANS</field>
            <field name="parent_id" ref="its_hr_payroll_extend.salary_rule_category026_pharmacy"/>
            <field name="convention_id" ref="its_hr_convention.convention_pharmacy"/>
        </record>

        <record id="its_hr_payroll_extend.salary_rule_category042_pharmacy" model="hr.salary.rule.category">
            <field name="name">Telephone and Internet Fee</field>
            <field name="code">PHACATTELINTERN</field>
            <field name="parent_id" ref="its_hr_payroll_extend.salary_rule_category026_pharmacy"/>
            <field name="convention_id" ref="its_hr_convention.convention_pharmacy"/>
        </record>

        <record id="its_hr_payroll_extend.salary_rule_category031_pharmacy" model="hr.salary.rule.category">
            <field name="name">Overtime</field>
            <field name="code">PHACATOVER</field>
            <field name="parent_id" ref="its_hr_payroll_extend.salary_rule_category026_pharmacy"/>
            <field name="convention_id" ref="its_hr_convention.convention_pharmacy"/>
        </record>

        <record id="its_hr_payroll_extend.salary_rule_category040_pharmacy" model="hr.salary.rule.category">
            <field name="name">Reference Salary</field>
            <field name="code">PHACATREF1</field>
            <field name="parent_id" ref="its_hr_payroll_extend.salary_rule_category028_pharmacy"/>
            <field name="convention_id" ref="its_hr_convention.convention_pharmacy"/>
        </record>

        <record id="its_hr_payroll_extend.salary_rule_category046_pharmacy" model="hr.salary.rule.category">
            <field name="name">Deduction</field>
            <field name="code">PHACATDED</field>
            <field name="convention_id" ref="its_hr_convention.convention_pharmacy"/>
        </record>

        <record id="its_hr_payroll_extend.salary_rule_category049_pharmacy" model="hr.salary.rule.category">
            <field name="name">Retain</field>
            <field name="code">PHACATRETAIN</field>
            <field name="parent_id" ref="its_hr_payroll_extend.salary_rule_category046_pharmacy"/>
            <field name="convention_id" ref="its_hr_convention.convention_pharmacy"/>
        </record>

        <record id="its_hr_payroll_extend.salary_rule_category032_pharmacy" model="hr.salary.rule.category">
            <field name="name">Financing Housing Base</field>
            <field name="code">PHACATFINHOU</field>
            <field name="parent_id" ref="its_hr_payroll_extend.salary_rule_category046_pharmacy"/>
            <field name="convention_id" ref="its_hr_convention.convention_pharmacy"/>
        </record>

        <record id="its_hr_payroll_extend.salary_rule_category033_pharmacy" model="hr.salary.rule.category">
            <field name="name">IRPP</field>
            <field name="code">PHACATIRPP</field>
            <field name="parent_id" ref="its_hr_payroll_extend.salary_rule_category046_pharmacy"/>
            <field name="convention_id" ref="its_hr_convention.convention_pharmacy"/>
        </record>

    </data>
</odoo>