<?xml version="1.0" encoding="utf-8"?>
<odoo>
    <data>

        <!-- Agriculture Convention -->
        <record id="its_hr_payroll_extend.salary_rule_category000_agriculture" model="hr.salary.rule.category">
            <field name="name">Basic Salary</field>
            <field name="code">AGRCATBASIC</field>
            <field name="parent_id" eval="False"/>
            <field name="convention_id" ref="its_hr_convention.convention_agriculture"/>
        </record>

        <record id="its_hr_payroll_extend.salary_rule_category029_agriculture" model="hr.salary.rule.category">
            <field name="name">Contribution Salary</field>
            <field name="code">AGRCATCONT</field>
            <field name="parent_id" eval="False"/>
            <field name="convention_id" ref="its_hr_convention.convention_agriculture"/>
        </record>

        <record id="its_hr_payroll_extend.salary_rule_category044_agriculture" model="hr.salary.rule.category">
            <field name="name">Allowance</field>
            <field name="code">AGRCATALW</field>
            <field name="convention_id" ref="its_hr_convention.convention_agriculture"/>
        </record>

        <record id="its_hr_payroll_extend.salary_rule_category028_agriculture" model="hr.salary.rule.category">
            <field name="name">Gross Salary Dutiable</field>
            <field name="code">AGRCATGROSALD</field>
            <field name="parent_id" eval="False"/>
            <field name="convention_id" ref="its_hr_convention.convention_agriculture"/>
        </record>

        <record id="its_hr_payroll_extend.salary_rule_category028_agriculture_1" model="hr.salary.rule.category">
            <field name="name">Gross Salary Dutiable</field>
            <field name="code">AGRCATGROSALD1</field>
            <field name="parent_id" eval="False"/>
            <field name="convention_id" ref="its_hr_convention.convention_agriculture"/>
        </record>

        <record id="its_hr_payroll_extend.salary_rule_category030_agriculture" model="hr.salary.rule.category">
            <field name="name">Contribution Salary Capped</field>
            <field name="code">AGRCATCONTCAPPED</field>
            <field name="parent_id" eval="False"/>
            <field name="convention_id" ref="its_hr_convention.convention_agriculture"/>
        </record>

        <record id="its_hr_payroll_extend.salary_rule_category045_agriculture" model="hr.salary.rule.category">
            <field name="name">Gross Salary</field>
            <field name="code">AGRCATGROSAL</field>
            <field name="parent_id" eval="False"/>
            <field name="convention_id" ref="its_hr_convention.convention_agriculture"/>
        </record>

        <record id="its_hr_payroll_extend.salary_rule_category047_agriculture" model="hr.salary.rule.category">
            <field name="name">Net</field>
            <field name="code">AGRCATNET</field>
            <field name="convention_id" ref="its_hr_convention.convention_agriculture"/>
        </record>

        <record id="its_hr_payroll_extend.salary_rule_category048_agriculture" model="hr.salary.rule.category">
            <field name="name">Company Contribution</field>
            <field name="code">AGRCATCAFP</field>
            <field name="convention_id" ref="its_hr_convention.convention_agriculture"/>
        </record>

        <record id="its_hr_payroll_extend.salary_rule_category043_agriculture" model="hr.salary.rule.category">
            <field name="name">Deduction</field>
            <field name="code">AGRCATDED1</field>
            <field name="convention_id" ref="its_hr_convention.convention_agriculture"/>
        </record>

        <record id="its_hr_payroll_extend.salary_rule_category002_agriculture" model="hr.salary.rule.category">
            <field name="name">Responsibility</field>
            <field name="code">AGRCATRESPON</field>
            <field name="parent_id" ref="its_hr_payroll_extend.salary_rule_category044_agriculture"/>
            <field name="convention_id" ref="its_hr_convention.convention_agriculture"/>
        </record>

        <record id="its_hr_payroll_extend.salary_rule_category003_agriculture" model="hr.salary.rule.category">
            <field name="name">Dirty</field>
            <field name="code">AGRCATDIRTY</field>
            <field name="parent_id" ref="its_hr_payroll_extend.salary_rule_category044_agriculture"/>
            <field name="convention_id" ref="its_hr_convention.convention_agriculture"/>
        </record>

        <record id="its_hr_payroll_extend.salary_rule_category004_agriculture" model="hr.salary.rule.category">
            <field name="name">Basket</field>
            <field name="code">AGRCATBASK</field>
            <field name="parent_id" ref="its_hr_payroll_extend.salary_rule_category044_agriculture"/>
            <field name="convention_id" ref="its_hr_convention.convention_agriculture"/>
        </record>

        <record id="its_hr_payroll_extend.salary_rule_category005_agriculture" model="hr.salary.rule.category">
            <field name="name">Technicality</field>
            <field name="code">AGRCATTECHN</field>
            <field name="parent_id" ref="its_hr_payroll_extend.salary_rule_category044_agriculture"/>
            <field name="convention_id" ref="its_hr_convention.convention_agriculture"/>
        </record>

        <record id="its_hr_payroll_extend.salary_rule_category006_agriculture" model="hr.salary.rule.category">
            <field name="name">Cashier</field>
            <field name="code">AGRCATCASH</field>
            <field name="parent_id" ref="its_hr_payroll_extend.salary_rule_category044_agriculture"/>
            <field name="convention_id" ref="its_hr_convention.convention_agriculture"/>
        </record>

        <record id="its_hr_payroll_extend.salary_rule_category007_agriculture" model="hr.salary.rule.category">
            <field name="name">Warehouse</field>
            <field name="code">AGRCATWARE</field>
            <field name="parent_id" ref="its_hr_payroll_extend.salary_rule_category044_agriculture"/>
            <field name="convention_id" ref="its_hr_convention.convention_agriculture"/>
        </record>

        <record id="its_hr_payroll_extend.salary_rule_category008_agriculture" model="hr.salary.rule.category">
            <field name="name">Assiduity</field>
            <field name="code">AGRCATASSID</field>
            <field name="parent_id" ref="its_hr_payroll_extend.salary_rule_category044_agriculture"/>
            <field name="convention_id" ref="its_hr_convention.convention_agriculture"/>
        </record>

        <record id="its_hr_payroll_extend.salary_rule_category009_agriculture" model="hr.salary.rule.category">
            <field name="name">Subjection/Management</field>
            <field name="code">AGRCATSUBJMANAG</field>
            <field name="parent_id" ref="its_hr_payroll_extend.salary_rule_category044_agriculture"/>
            <field name="convention_id" ref="its_hr_convention.convention_agriculture"/>
        </record>

        <record id="its_hr_payroll_extend.salary_rule_category011_agriculture" model="hr.salary.rule.category">
            <field name="name">Representation</field>
            <field name="code">AGRCATREPRES</field>
            <field name="parent_id" ref="its_hr_payroll_extend.salary_rule_category044_agriculture"/>
            <field name="convention_id" ref="its_hr_convention.convention_agriculture"/>
        </record>

        <record id="its_hr_payroll_extend.salary_rule_category012_agriculture" model="hr.salary.rule.category">
            <field name="name">Results</field>
            <field name="code">AGRCATRESULT</field>
            <field name="parent_id" ref="its_hr_payroll_extend.salary_rule_category044_agriculture"/>
            <field name="convention_id" ref="its_hr_convention.convention_agriculture"/>
        </record>

        <record id="its_hr_payroll_extend.salary_rule_category013_agriculture" model="hr.salary.rule.category">
            <field name="name">Tools and safety</field>
            <field name="code">AGRCATTOOLSAF</field>
            <field name="parent_id" ref="its_hr_payroll_extend.salary_rule_category044_agriculture"/>
            <field name="convention_id" ref="its_hr_convention.convention_agriculture"/>
        </record>

        <record id="its_hr_payroll_extend.salary_rule_category014_agriculture" model="hr.salary.rule.category">
            <field name="name">Death</field>
            <field name="code">AGRCATDEATH</field>
            <field name="parent_id" ref="its_hr_payroll_extend.salary_rule_category044_agriculture"/>
            <field name="convention_id" ref="its_hr_convention.convention_agriculture"/>
        </record>

        <record id="its_hr_payroll_extend.salary_rule_category015_agriculture" model="hr.salary.rule.category">
            <field name="name">Reconversion</field>
            <field name="code">AGRCATRECONV</field>
            <field name="parent_id" ref="its_hr_payroll_extend.salary_rule_category044_agriculture"/>
            <field name="convention_id" ref="its_hr_convention.convention_agriculture"/>
        </record>

        <record id="its_hr_payroll_extend.salary_rule_category016_agriculture" model="hr.salary.rule.category">
            <field name="name">Travel</field>
            <field name="code">AGRCATTRAVEL</field>
            <field name="parent_id" ref="its_hr_payroll_extend.salary_rule_category044_agriculture"/>
            <field name="convention_id" ref="its_hr_convention.convention_agriculture"/>
        </record>

        <record id="its_hr_payroll_extend.salary_rule_category017_agriculture" model="hr.salary.rule.category">
            <field name="name">End of career</field>
            <field name="code">AGRCATCAREER</field>
            <field name="parent_id" ref="its_hr_payroll_extend.salary_rule_category044_agriculture"/>
            <field name="convention_id" ref="its_hr_convention.convention_agriculture"/>
        </record>

        <record id="its_hr_payroll_extend.salary_rule_category018_agriculture" model="hr.salary.rule.category">
            <field name="name">Dismissal</field>
            <field name="code">AGRCATDISM</field>
            <field name="parent_id" ref="its_hr_payroll_extend.salary_rule_category044_agriculture"/>
            <field name="convention_id" ref="its_hr_convention.convention_agriculture"/>
        </record>

        <record id="its_hr_payroll_extend.salary_rule_category019_agriculture" model="hr.salary.rule.category">
            <field name="name">Gratification</field>
            <field name="code">AGRCATGRATIF</field>
            <field name="parent_id" ref="its_hr_payroll_extend.salary_rule_category044_agriculture"/>
            <field name="convention_id" ref="its_hr_convention.convention_agriculture"/>
        </record>

        <record id="its_hr_payroll_extend.salary_rule_category041_agriculture" model="hr.salary.rule.category">
            <field name="name">Gratification Medal</field>
            <field name="code">AGRCATGRATIFMEDAL</field>
            <field name="parent_id" ref="its_hr_payroll_extend.salary_rule_category029_agriculture"/>
            <field name="convention_id" ref="its_hr_convention.convention_agriculture"/>
        </record>

        <record id="its_hr_payroll_extend.salary_rule_category020_agriculture" model="hr.salary.rule.category">
            <field name="name">Canteen</field>
            <field name="code">AGRCATCANTEEN</field>
            <field name="parent_id" ref="its_hr_payroll_extend.salary_rule_category044_agriculture"/>
            <field name="convention_id" ref="its_hr_convention.convention_agriculture"/>
        </record>

        <record id="its_hr_payroll_extend.salary_rule_category022_agriculture" model="hr.salary.rule.category">
            <field name="name">Indemnities</field>
            <field name="code">AGRCATINDEMN</field>
            <field name="parent_id" ref="its_hr_payroll_extend.salary_rule_category029_agriculture"/>
            <field name="convention_id" ref="its_hr_convention.convention_agriculture"/>
        </record>

        <record id="its_hr_payroll_extend.salary_rule_category034_agriculture" model="hr.salary.rule.category">
            <field name="name">Housing Indemnities</field>
            <field name="code">AGRCATHOUSINDEMN</field>
            <field name="parent_id" ref="its_hr_payroll_extend.salary_rule_category022_agriculture"/>
            <field name="convention_id" ref="its_hr_convention.convention_agriculture"/>
        </record>

        <record id="its_hr_payroll_extend.salary_rule_category035_agriculture" model="hr.salary.rule.category">
            <field name="name">Vehicle Indemnities</field>
            <field name="code">AGRCATVEHINDEMN</field>
            <field name="parent_id" ref="its_hr_payroll_extend.salary_rule_category022_agriculture"/>
            <field name="convention_id" ref="its_hr_convention.convention_agriculture"/>
        </record>

        <record id="its_hr_payroll_extend.salary_rule_category036_agriculture" model="hr.salary.rule.category">
            <field name="name">Electricity Indemnities</field>
            <field name="code">AGRCATELECTINDEMN</field>
            <field name="parent_id" ref="its_hr_payroll_extend.salary_rule_category022_agriculture"/>
            <field name="convention_id" ref="its_hr_convention.convention_agriculture"/>
        </record>

        <record id="its_hr_payroll_extend.salary_rule_category037_agriculture" model="hr.salary.rule.category">
            <field name="name">Water Indemnities</field>
            <field name="code">AGRCATWATERINDEMN</field>
            <field name="parent_id" ref="its_hr_payroll_extend.salary_rule_category022_agriculture"/>
            <field name="convention_id" ref="its_hr_convention.convention_agriculture"/>
        </record>

        <record id="its_hr_payroll_extend.salary_rule_category038_agriculture" model="hr.salary.rule.category">
            <field name="name">Maid Indemnities</field>
            <field name="code">AGRCATMAIDINDEMN</field>
            <field name="parent_id" ref="its_hr_payroll_extend.salary_rule_category022_agriculture"/>
            <field name="convention_id" ref="its_hr_convention.convention_agriculture"/>
        </record>

        <record id="its_hr_payroll_extend.salary_rule_category039_agriculture" model="hr.salary.rule.category">
            <field name="name">Food Indemnities</field>
            <field name="code">AGRCATFOODINDEMN</field>
            <field name="parent_id" ref="its_hr_payroll_extend.salary_rule_category022_agriculture"/>
            <field name="convention_id" ref="its_hr_convention.convention_agriculture"/>
        </record>

        <record id="its_hr_payroll_extend.salary_rule_category023_agriculture" model="hr.salary.rule.category">
            <field name="name">Tax Indemnities</field>
            <field name="code">AGRCATTAXINDEMN</field>
            <field name="parent_id" ref="its_hr_payroll_extend.salary_rule_category028_agriculture"/>
            <field name="convention_id" ref="its_hr_convention.convention_agriculture"/>
        </record>

        <record id="its_hr_payroll_extend.salary_rule_category027_agriculture" model="hr.salary.rule.category">
            <field name="name">Reference Salary</field>
            <field name="code">AGRCATREF</field>
            <field name="parent_id" ref="its_hr_payroll_extend.salary_rule_category029_agriculture"/>
            <field name="convention_id" ref="its_hr_convention.convention_agriculture"/>
        </record>

        <record id="its_hr_payroll_extend.salary_rule_category025_agriculture" model="hr.salary.rule.category">
            <field name="name">Base Salary Group 1</field>
            <field name="code">AGRCATBASAL1</field>
            <field name="parent_id" ref="its_hr_payroll_extend.salary_rule_category027_agriculture"/>
            <field name="convention_id" ref="its_hr_convention.convention_agriculture"/>
        </record>

        <record id="its_hr_payroll_extend.salary_rule_category024_agriculture" model="hr.salary.rule.category">
            <field name="name">Base Salary Group 0</field>
            <field name="code">AGRCATBASAL0</field>
            <field name="parent_id" ref="its_hr_payroll_extend.salary_rule_category025_agriculture"/>
            <field name="convention_id" ref="its_hr_convention.convention_agriculture"/>
        </record>

        <record id="its_hr_payroll_extend.salary_rule_category001_agriculture" model="hr.salary.rule.category">
            <field name="name">Seniority</field>
            <field name="code">AGRCATSENIOR</field>
            <field name="parent_id" ref="its_hr_payroll_extend.salary_rule_category024_agriculture"/>
            <field name="convention_id" ref="its_hr_convention.convention_agriculture"/>
        </record>

        <record id="its_hr_payroll_extend.salary_rule_category010_agriculture" model="hr.salary.rule.category">
            <field name="name">Leaves</field>
            <field name="code">AGRCATLEAVE</field>
            <field name="parent_id" ref="its_hr_payroll_extend.salary_rule_category024_agriculture"/>
            <field name="convention_id" ref="its_hr_convention.convention_agriculture"/>
        </record>

        <record id="its_hr_payroll_extend.salary_rule_category026_agriculture" model="hr.salary.rule.category">
            <field name="name">Base Salary Group 2</field>
            <field name="code">AGRCATBASAL2</field>
            <field name="parent_id" ref="its_hr_payroll_extend.salary_rule_category027_agriculture"/>
            <field name="convention_id" ref="its_hr_convention.convention_agriculture"/>
        </record>

        <record id="its_hr_payroll_extend.salary_rule_category021_agriculture" model="hr.salary.rule.category">
            <field name="name">Transport</field>
            <field name="code">AGRCATTRANS</field>
            <field name="parent_id" ref="its_hr_payroll_extend.salary_rule_category026_agriculture"/>
            <field name="convention_id" ref="its_hr_convention.convention_agriculture"/>
        </record>

        <record id="its_hr_payroll_extend.salary_rule_category042_agriculture" model="hr.salary.rule.category">
            <field name="name">Telephone and Internet Fee</field>
            <field name="code">AGRCATTELINTERN</field>
            <field name="parent_id" ref="its_hr_payroll_extend.salary_rule_category026_agriculture"/>
            <field name="convention_id" ref="its_hr_convention.convention_agriculture"/>
        </record>

        <record id="its_hr_payroll_extend.salary_rule_category031_agriculture" model="hr.salary.rule.category">
            <field name="name">Overtime</field>
            <field name="code">AGRCATOVER</field>
            <field name="parent_id" ref="its_hr_payroll_extend.salary_rule_category026_agriculture"/>
            <field name="convention_id" ref="its_hr_convention.convention_agriculture"/>
        </record>

        <record id="its_hr_payroll_extend.salary_rule_category040_agriculture" model="hr.salary.rule.category">
            <field name="name">Reference Salary</field>
            <field name="code">AGRCATREF1</field>
            <field name="parent_id" ref="its_hr_payroll_extend.salary_rule_category028_agriculture"/>
            <field name="convention_id" ref="its_hr_convention.convention_agriculture"/>
        </record>

        <record id="its_hr_payroll_extend.salary_rule_category046_agriculture" model="hr.salary.rule.category">
            <field name="name">Deduction</field>
            <field name="code">AGRCATDED</field>
            <field name="convention_id" ref="its_hr_convention.convention_agriculture"/>
        </record>

        <record id="its_hr_payroll_extend.salary_rule_category049_agriculture" model="hr.salary.rule.category">
            <field name="name">Retain</field>
            <field name="code">AGRCATRETAIN</field>
            <field name="parent_id" ref="its_hr_payroll_extend.salary_rule_category046_agriculture"/>
            <field name="convention_id" ref="its_hr_convention.convention_agriculture"/>
        </record>

        <record id="its_hr_payroll_extend.salary_rule_category032_agriculture" model="hr.salary.rule.category">
            <field name="name">Financing Housing Base</field>
            <field name="code">AGRCATFINHOU</field>
            <field name="parent_id" ref="its_hr_payroll_extend.salary_rule_category046_agriculture"/>
            <field name="convention_id" ref="its_hr_convention.convention_agriculture"/>
        </record>

        <record id="its_hr_payroll_extend.salary_rule_category033_agriculture" model="hr.salary.rule.category">
            <field name="name">IRPP</field>
            <field name="code">AGRCATIRPP</field>
            <field name="parent_id" ref="its_hr_payroll_extend.salary_rule_category046_agriculture"/>
            <field name="convention_id" ref="its_hr_convention.convention_agriculture"/>
        </record>

    </data>
</odoo>