<?xml version="1.0" encoding="utf-8"?>
<odoo>
    <data noupdate="">

        <!-- Carriers, Freight and Transport auxiliaries Convention -->
        <record id="its_hr_payroll_extend.salary_rule001_pharmacy" model="hr.salary.rule">
            <field name="name">Basic Salary</field>
            <field name="code">PHABASIC</field>
            <field name="sequence">1</field>
            <field name="appears_on_payslip" eval="True" />
            <field name="category_id" ref="its_hr_payroll_extend.salary_rule_category001_pharmacy"/>
            <field name="convention_id" ref="its_hr_convention.convention_pharmacy"/>
            <field name="active" eval="True"/>
            <field name="accessory" eval="True"/>
            <field name="charge" eval="False"/>
            <field name="net" eval="False"/>
            <field name="condition_select">none</field>
            <field name="amount_select">code</field>
            <field name="amount_python_compute">wage = employee.get_rule_value('PHABASIC', payslip.date_from, payslip.date_to)
if not wage:
    wage = contract.wage
result = payslip.prorata * wage
            </field>
            <field name="account_debit" ref=""/>
            <field name="account_credit" ref=""/>
            <field name="account_tax_id" ref=""/>
        </record>

        <record id="its_hr_payroll_extend.salary_rule002_pharmacy" model="hr.salary.rule">
            <field name="name">Seniority bounty</field>
            <field name="code">PHASENIOR</field>
            <field name="sequence">2</field>
            <field name="appears_on_payslip" eval="True"/>
            <field name="category_id" ref="its_hr_payroll_extend.salary_rule_category001_pharmacy"/>
            <field name="convention_id" ref="its_hr_convention.convention_pharmacy"/>
            <field name="active" eval="True"/>
            <field name="accessory" eval="True"/>
            <field name="charge" eval="False"/>
            <field name="net" eval="False"/>
            <field name="condition_select">none</field>
            <field name="amount_select">code</field>
            <field name="amount_python_compute">
                result = employee.get_seniority(payslip.date_to)>24 and ((contract.wage * 0.04) +
                (contract.wage * 0.02 * (employee.get_seniority(payslip.date_to) - 24) / 12)) or (employee.get_seniority(payslip.date_to)==24 and (contract.wage * 0.04) or 0.0)</field>
            <field name="account_debit" ref=""/>
            <field name="account_credit" ref=""/>
            <field name="account_tax_id" ref=""/>
        </record>

        <record id="its_hr_payroll_extend.salary_rule003_pharmacy" model="hr.salary.rule">
            <field name="name">Overtime 10%</field>
            <field name="code">PHAOVERTIME10</field>
            <field name="sequence">3</field>
            <field name="appears_on_payslip" eval="True"/>
            <field name="category_id" ref="its_hr_payroll_extend.salary_rule_category031_pharmacy"/>
            <field name="convention_id" ref="its_hr_convention.convention_pharmacy"/>
            <field name="active" eval="True"/>
            <field name="accessory" eval="True"/>
            <field name="charge" eval="False"/>
            <field name="net" eval="False"/>
            <field name="condition_select">none</field>
            <field name="amount_select">code</field>
            <field name="amount_python_compute">result = employee.get_overtime(10, payslip.date_from, payslip.date_to) * 0.1 * (contract.wage / 173.33)</field>
            <field name="account_debit" ref=""/>
            <field name="account_credit" ref=""/>
            <field name="account_tax_id" ref=""/>
        </record>

        <record id="its_hr_payroll_extend.salary_rule003_pharmacy_02" model="hr.salary.rule">
            <field name="name">Overtime 20%</field>
            <field name="code">PHAOVERTIME20</field>
            <field name="sequence" eval="3"/>
            <field name="appears_on_payslip" eval="True"/>
            <field name="category_id" ref="its_hr_payroll_extend.salary_rule_category031_pharmacy"/>
            <field name="convention_id" ref="its_hr_convention.convention_pharmacy"/>
            <field name="active" eval="True"/>
            <field name="accessory" eval="True"/>
            <field name="charge" eval="False"/>
            <field name="net" eval="False"/>
            <field name="condition_select">none</field>
            <field name="amount_select">code</field>
            <field name="amount_python_compute">result = employee.get_overtime(20, payslip.date_from, payslip.date_to) * 0.2 * (contract.wage / 173.33)</field>
            <field name="account_debit" ref=""/>
            <field name="account_credit" ref=""/>
            <field name="account_tax_id" ref=""/>
        </record>

        <record id="its_hr_payroll_extend.salary_rule003_pharmacy_03" model="hr.salary.rule">
            <field name="name">Overtime 30%</field>
            <field name="code">PHAOVERTIME30</field>
            <field name="sequence" eval="3"/>
            <field name="appears_on_payslip" eval="True"/>
            <field name="category_id" ref="its_hr_payroll_extend.salary_rule_category031_pharmacy"/>
            <field name="convention_id" ref="its_hr_convention.convention_pharmacy"/>
            <field name="active" eval="True"/>
            <field name="accessory" eval="True"/>
            <field name="charge" eval="False"/>
            <field name="net" eval="False"/>
            <field name="condition_select">none</field>
            <field name="amount_select">code</field>
            <field name="amount_python_compute">result = employee.get_overtime(30, payslip.date_from, payslip.date_to) * 0.3 * (contract.wage / 173.33)</field>
            <field name="account_debit" ref=""/>
            <field name="account_credit" ref=""/>
            <field name="account_tax_id" ref=""/>
        </record>

        <record id="its_hr_payroll_extend.salary_rule003_pharmacy_04" model="hr.salary.rule">
            <field name="name">Overtime 40%</field>
            <field name="code">PHAOVERTIME40</field>
            <field name="sequence" eval="3"/>
            <field name="appears_on_payslip" eval="True"/>
            <field name="category_id" ref="its_hr_payroll_extend.salary_rule_category031_pharmacy"/>
            <field name="convention_id" ref="its_hr_convention.convention_pharmacy"/>
            <field name="active" eval="True"/>
            <field name="accessory" eval="True"/>
            <field name="charge" eval="False"/>
            <field name="net" eval="False"/>
            <field name="condition_select">none</field>
            <field name="amount_select">code</field>
            <field name="amount_python_compute">result = employee.get_overtime(40, payslip.date_from, payslip.date_to) * 0.4 * (contract.wage / 173.33)</field>
            <field name="account_debit" ref=""/>
            <field name="account_credit" ref=""/>
            <field name="account_tax_id" ref=""/>
        </record>

        <record id="its_hr_payroll_extend.salary_rule003_pharmacy_045" model="hr.salary.rule">
            <field name="name">Overtime 45%</field>
            <field name="code">PHAOVERTIME45</field>
            <field name="sequence" eval="3"/>
            <field name="appears_on_payslip" eval="True"/>
            <field name="category_id" ref="its_hr_payroll_extend.salary_rule_category031_pharmacy"/>
            <field name="convention_id" ref="its_hr_convention.convention_pharmacy"/>
            <field name="active" eval="True"/>
            <field name="accessory" eval="True"/>
            <field name="charge" eval="False"/>
            <field name="net" eval="False"/>
            <field name="condition_select">none</field>
            <field name="amount_select">code</field>
            <field name="amount_python_compute">result = employee.get_overtime(45, payslip.date_from, payslip.date_to) * 0.45 * (contract.wage / 173.33)</field>
            <field name="account_debit" ref=""/>
            <field name="account_credit" ref=""/>
            <field name="account_tax_id" ref=""/>
        </record>

        <record id="its_hr_payroll_extend.salary_rule003_pharmacy_05" model="hr.salary.rule">
            <field name="name">Overtime 50%</field>
            <field name="code">PHAOVERTIME50</field>
            <field name="sequence">3</field>
            <field name="appears_on_payslip" eval="True"/>
            <field name="category_id" ref="its_hr_payroll_extend.salary_rule_category031_pharmacy"/>
            <field name="convention_id" ref="its_hr_convention.convention_pharmacy"/>
            <field name="active" eval="True"/>
            <field name="accessory" eval="True"/>
            <field name="charge" eval="False"/>
            <field name="net" eval="False"/>
            <field name="condition_select">none</field>
            <field name="amount_select">code</field>
            <field name="amount_python_compute">result = employee.get_overtime(50, payslip.date_from, payslip.date_to) * 0.5 * (contract.wage / 173.33)</field>
            <field name="account_debit" ref=""/>
            <field name="account_credit" ref=""/>
            <field name="account_tax_id" ref=""/>
        </record>

        <record id="its_hr_payroll_extend.salary_rule003_pharmacy_06" model="hr.salary.rule">
            <field name="name">Overtime 60%</field>
            <field name="code">PHAOVERTIME60</field>
            <field name="sequence">3</field>
            <field name="appears_on_payslip" eval="True"/>
            <field name="category_id" ref="its_hr_payroll_extend.salary_rule_category031_pharmacy"/>
            <field name="convention_id" ref="its_hr_convention.convention_pharmacy"/>
            <field name="active" eval="True"/>
            <field name="accessory" eval="True"/>
            <field name="charge" eval="False"/>
            <field name="net" eval="False"/>
            <field name="condition_select">none</field>
            <field name="amount_select">code</field>
            <field name="amount_python_compute">result = employee.get_overtime(60, payslip.date_from, payslip.date_to) * 0.6 * (contract.wage / 173.33)</field>
            <field name="account_debit" ref=""/>
            <field name="account_credit" ref=""/>
            <field name="account_tax_id" ref=""/>
        </record>

        <record id="its_hr_payroll_extend.salary_rule003_pharmacy_07" model="hr.salary.rule">
            <field name="name">Overtime 70%</field>
            <field name="code">PHAOVERTIME70</field>
            <field name="sequence">3</field>
            <field name="appears_on_payslip" eval="True"/>
            <field name="category_id" ref="its_hr_payroll_extend.salary_rule_category031_pharmacy"/>
            <field name="convention_id" ref="its_hr_convention.convention_pharmacy"/>
            <field name="active" eval="True"/>
            <field name="accessory" eval="True"/>
            <field name="charge" eval="False"/>
            <field name="net" eval="False"/>
            <field name="condition_select">none</field>
            <field name="amount_select">code</field>
            <field name="amount_python_compute">result = employee.get_overtime(70, payslip.date_from, payslip.date_to) * 0.7 * (contract.wage / 173.33)</field>
            <field name="account_debit" ref=""/>
            <field name="account_credit" ref=""/>
            <field name="account_tax_id" ref=""/>
        </record>

        <record id="its_hr_payroll_extend.salary_rule003_pharmacy_08" model="hr.salary.rule">
            <field name="name">Overtime 80%</field>
            <field name="code">PHAOVERTIME80</field>
            <field name="sequence">3</field>
            <field name="appears_on_payslip" eval="True"/>
            <field name="category_id" ref="its_hr_payroll_extend.salary_rule_category031_pharmacy"/>
            <field name="convention_id" ref="its_hr_convention.convention_pharmacy"/>
            <field name="active" eval="True"/>
            <field name="accessory" eval="True"/>
            <field name="charge" eval="False"/>
            <field name="net" eval="False"/>
            <field name="condition_select">none</field>
            <field name="amount_select">code</field>
            <field name="amount_python_compute">result = employee.get_overtime(80, payslip.date_from, payslip.date_to) * 0.8 * (contract.wage / 173.33)</field>
            <field name="account_debit" ref=""/>
            <field name="account_credit" ref=""/>
            <field name="account_tax_id" ref=""/>
        </record>

        <record id="its_hr_payroll_extend.salary_rule003_pharmacy_09" model="hr.salary.rule">
            <field name="name">Overtime 90%</field>
            <field name="code">PHAOVERTIME90</field>
            <field name="sequence">3</field>
            <field name="appears_on_payslip" eval="True"/>
            <field name="category_id" ref="its_hr_payroll_extend.salary_rule_category031_pharmacy"/>
            <field name="convention_id" ref="its_hr_convention.convention_pharmacy"/>
            <field name="active" eval="True"/>
            <field name="accessory" eval="True"/>
            <field name="charge" eval="False"/>
            <field name="net" eval="False"/>
            <field name="condition_select">none</field>
            <field name="amount_select">code</field>
            <field name="amount_python_compute">result = employee.get_overtime(90, payslip.date_from, payslip.date_to) * 0.9 * (contract.wage / 173.33)</field>
            <field name="account_debit" ref=""/>
            <field name="account_credit" ref=""/>
            <field name="account_tax_id" ref=""/>
        </record>

        <record id="its_hr_payroll_extend.salary_rule004_pharmacy" model="hr.salary.rule">
            <field name="name">Overtime 100%</field>
            <field name="code">PHAOVERTIME100</field>
            <field name="sequence">4</field>
            <field name="appears_on_payslip" eval="True"/>
            <field name="category_id" ref="its_hr_payroll_extend.salary_rule_category031_pharmacy"/>
            <field name="convention_id" ref="its_hr_convention.convention_pharmacy"/>
            <field name="active" eval="True"/>
            <field name="accessory" eval="True"/>
            <field name="charge" eval="False"/>
            <field name="net" eval="False"/>
            <field name="condition_select">none</field>
            <field name="amount_select">code</field>
            <field name="amount_python_compute">result = employee.get_overtime(100, payslip.date_from, payslip.date_to) * (contract.wage / 173.33)</field>
            <field name="account_debit" ref=""/>
            <field name="account_credit" ref=""/>
            <field name="account_tax_id" ref=""/>
        </record>

        <record id="its_hr_payroll_extend.salary_rule005_pharmacy" model="hr.salary.rule">
            <field name="name">Cashier bounty</field>
            <field name="code">PHACASHBOUNT</field>
            <field name="sequence">5</field>
            <field name="appears_on_payslip" eval="True"/>
            <field name="category_id" ref="its_hr_payroll_extend.salary_rule_category006_pharmacy"/>
            <field name="convention_id" ref="its_hr_convention.convention_pharmacy"/>
            <field name="active" eval="True"/>
            <field name="accessory" eval="True"/>
            <field name="charge" eval="False"/>
            <field name="net" eval="False"/>
            <field name="condition_select">none</field>
            <field name="amount_select">code</field>
            <field name="amount_python_compute">result = payslip.prorata * (employee.get_rule_value('PHACASHBOUNT', payslip.date_from, payslip.date_to))</field>
            <field name="account_debit" ref=""/>
            <field name="account_credit" ref=""/>
            <field name="account_tax_id" ref=""/>
        </record>

        <record id="its_hr_payroll_extend.salary_rule006_pharmacy" model="hr.salary.rule">
            <field name="name">Store bounty</field>
            <field name="code">PHASTOREBOUNT</field>
            <field name="sequence">6</field>
            <field name="appears_on_payslip" eval="True"/>
            <field name="category_id" ref="its_hr_payroll_extend.salary_rule_category007_pharmacy"/>
            <field name="convention_id" ref="its_hr_convention.convention_pharmacy"/>
            <field name="active" eval="True"/>
            <field name="accessory" eval="True"/>
            <field name="charge" eval="False"/>
            <field name="net" eval="False"/>
            <field name="condition_select">none</field>
            <field name="amount_select">code</field>
            <field name="amount_python_compute">result = payslip.prorata * (employee.get_rule_value('PHASTOREBOUNT', payslip.date_from, payslip.date_to))</field>
            <field name="account_debit" ref=""/>
            <field name="account_credit" ref=""/>
            <field name="account_tax_id" ref=""/>
        </record>

        <record id="its_hr_payroll_extend.salary_rule007_pharmacy" model="hr.salary.rule">
            <field name="name">Performance bounty</field>
            <field name="code">PHAPERFBOUNT</field>
            <field name="sequence">7</field>
            <field name="appears_on_payslip" eval="True"/>
            <field name="category_id" ref="its_hr_payroll_extend.salary_rule_category024_pharmacy"/>
            <field name="convention_id" ref="its_hr_convention.convention_pharmacy"/>
            <field name="active" eval="True"/>
            <field name="accessory" eval="True"/>
            <field name="charge" eval="False"/>
            <field name="net" eval="False"/>
            <field name="condition_select">none</field>
            <field name="amount_select">code</field>
            <field name="amount_python_compute">result = payslip.prorata * (employee.get_rule_value('PHAPERFBOUNT', payslip.date_from, payslip.date_to))</field>
            <field name="account_debit" ref=""/>
            <field name="account_credit" ref=""/>
            <field name="account_tax_id" ref=""/>
        </record>

        <record id="its_hr_payroll_extend.salary_rule008_pharmacy" model="hr.salary.rule">
            <field name="name">Subjection or management bounty</field>
            <field name="code">PHASUBJBOUNT</field>
            <field name="sequence">8</field>
            <field name="appears_on_payslip" eval="True"/>
            <field name="category_id" ref="its_hr_payroll_extend.salary_rule_category009_pharmacy"/>
            <field name="convention_id" ref="its_hr_convention.convention_pharmacy"/>
            <field name="active" eval="True"/>
            <field name="accessory" eval="True"/>
            <field name="charge" eval="False"/>
            <field name="net" eval="False"/>
            <field name="condition_select">none</field>
            <field name="amount_select">code</field>
            <field name="amount_python_compute">result = payslip.prorata * (employee.get_rule_value('PHASUBJBOUNT', payslip.date_from, payslip.date_to))</field>
            <field name="account_debit" ref=""/>
            <field name="account_credit" ref=""/>
            <field name="account_tax_id" ref=""/>
        </record>

        <record id="its_hr_payroll_extend.salary_rule009_pharmacy" model="hr.salary.rule">
            <field name="name">Gratification</field>
            <field name="code">PHAGRATIF</field>
            <field name="sequence">9</field>
            <field name="appears_on_payslip" eval="True"/>
            <field name="category_id" ref="its_hr_payroll_extend.salary_rule_category019_pharmacy"/>
            <field name="convention_id" ref="its_hr_convention.convention_pharmacy"/>
            <field name="active" eval="True"/>
            <field name="accessory" eval="True"/>
            <field name="exceptional_salary" eval="True"/>
            <field name="charge" eval="False"/>
            <field name="net" eval="False"/>
            <field name="condition_select">none</field>
            <field name="amount_select">code</field>
            <field name="amount_python_compute">result = (payslip.salary_type == 'holiday') and 0.0 or employee.get_rule_value('PHAGRATIF', payslip.date_from, payslip.date_to)</field>
            <field name="account_debit" ref=""/>
            <field name="account_credit" ref=""/>
            <field name="account_tax_id" ref=""/>
        </record>

        <record id="its_hr_payroll_extend.salary_rule010_pharmacy" model="hr.salary.rule">
            <field name="name">13th Month</field>
            <field name="code">PHA13TH</field>
            <field name="sequence">10</field>
            <field name="appears_on_payslip" eval="True"/>
            <field name="category_id" ref="its_hr_payroll_extend.salary_rule_category019_pharmacy"/>
            <field name="convention_id" ref="its_hr_convention.convention_pharmacy"/>
            <field name="active" eval="True"/>
            <field name="accessory" eval="True"/>
            <field name="exceptional_salary" eval="True"/>
            <field name="charge" eval="False"/>
            <field name="net" eval="False"/>
            <field name="condition_select">none</field>
            <field name="amount_select">code</field>
            <field name="amount_python_compute">result = employee.get_rule_value('PHA13TH', payslip.date_from, payslip.date_to)</field>
            <field name="account_debit" ref=""/>
            <field name="account_credit" ref=""/>
            <field name="account_tax_id" ref=""/>
        </record>

        <record id="its_hr_payroll_extend.salary_rule011_pharmacy" model="hr.salary.rule">
            <field name="name">Leaves</field>
            <field name="code">PHALEAVE</field>
            <field name="sequence">11</field>
            <field name="appears_on_payslip" eval="True"/>
            <field name="category_id" ref="its_hr_payroll_extend.salary_rule_category010_pharmacy"/>
            <field name="convention_id" ref="its_hr_convention.convention_pharmacy"/>
            <field name="active" eval="True"/>
            <field name="accessory" eval="True"/>
            <field name="exceptional_salary" eval="True"/>
            <field name="charge" eval="False"/>
            <field name="net" eval="False"/>
            <field name="condition_select">none</field>
            <field name="amount_select">code</field>
            <!--<field name="amount_python_compute">
                result = employee.thirty_bounty
            </field>-->
            <field name="account_debit" ref=""/>
            <field name="account_credit" ref=""/>
            <field name="account_tax_id" ref=""/>
        </record>

        <record id="its_hr_payroll_extend.salary_rule012_pharmacy" model="hr.salary.rule">
            <field name="name">Risk Bounty</field>
            <field name="code">PHARISK</field>
            <field name="sequence">12</field>
            <field name="appears_on_payslip" eval="True"/>
            <field name="category_id" ref="its_hr_payroll_extend.salary_rule_category019_pharmacy"/>
            <field name="convention_id" ref="its_hr_convention.convention_pharmacy"/>
            <field name="active" eval="True"/>
            <field name="accessory" eval="True"/>
            <field name="charge" eval="False"/>
            <field name="net" eval="False"/>
            <field name="condition_select">none</field>
            <field name="amount_select">code</field>
            <field name="amount_python_compute">result = payslip.prorata * (employee.get_rule_value('PHARISK', payslip.date_from, payslip.date_to))</field>
            <field name="account_debit" ref=""/>
            <field name="account_credit" ref=""/>
            <field name="account_tax_id" ref=""/>
        </record>

        <record id="its_hr_payroll_extend.salary_rule013_pharmacy" model="hr.salary.rule">
            <field name="name">Balance Sheet Bounty</field>
            <field name="code">PHABALANCE</field>
            <field name="sequence">13</field>
            <field name="appears_on_payslip" eval="True"/>
            <field name="category_id" ref="its_hr_payroll_extend.salary_rule_category012_pharmacy"/>
            <field name="convention_id" ref="its_hr_convention.convention_pharmacy"/>
            <field name="active" eval="True"/>
            <field name="accessory" eval="True"/>
            <field name="exceptional_salary" eval="True"/>
            <field name="charge" eval="False"/>
            <field name="net" eval="False"/>
            <field name="condition_select">none</field>
            <field name="amount_select">code</field>
            <field name="amount_python_compute">result = employee.get_rule_value('PHABALANCE', payslip.date_from, payslip.date_to)</field>
            <field name="account_debit" ref=""/>
            <field name="account_credit" ref=""/>
            <field name="account_tax_id" ref=""/>
        </record>

        <record id="its_hr_payroll_extend.salary_rule014_pharmacy" model="hr.salary.rule">
            <field name="name">Representation Indemnity</field>
            <field name="code">PHAREPRES</field>
            <field name="sequence">14</field>
            <field name="appears_on_payslip" eval="True"/>
            <field name="category_id" ref="its_hr_payroll_extend.salary_rule_category011_pharmacy"/>
            <field name="convention_id" ref="its_hr_convention.convention_pharmacy"/>
            <field name="active" eval="True"/>
            <field name="accessory" eval="True"/>
            <field name="charge" eval="False"/>
            <field name="net" eval="False"/>
            <field name="condition_select">none</field>
            <field name="amount_select">code</field>
            <field name="amount_python_compute">result = (payslip.salary_type == 'holiday') and 0.0 or payslip.prorata * (employee.get_rule_value('PHAREPRES', payslip.date_from, payslip.date_to))</field>
            <field name="account_debit" ref=""/>
            <field name="account_credit" ref=""/>
            <field name="account_tax_id" ref=""/>
        </record>

        <record id="its_hr_payroll_extend.salary_rule015_pharmacy" model="hr.salary.rule">
            <field name="name">Dirty Indemnity</field>
            <field name="code">PHADIRTY</field>
            <field name="sequence">15</field>
            <field name="appears_on_payslip" eval="True"/>
            <field name="category_id" ref="its_hr_payroll_extend.salary_rule_category003_pharmacy"/>
            <field name="convention_id" ref="its_hr_convention.convention_pharmacy"/>
            <field name="active" eval="True"/>
            <field name="accessory" eval="True"/>
            <field name="charge" eval="False"/>
            <field name="net" eval="False"/>
            <field name="condition_select">none</field>
            <field name="amount_select">code</field>
            <field name="amount_python_compute">result = (payslip.salary_type == 'holiday') and 0.0 or payslip.prorata * (employee.get_rule_value('PHADIRTY', payslip.date_from, payslip.date_to))</field>
            <field name="account_debit" ref=""/>
            <field name="account_credit" ref=""/>
            <field name="account_tax_id" ref=""/>
        </record>

        <record id="its_hr_payroll_extend.salary_rule016_pharmacy" model="hr.salary.rule">
            <field name="name">Vehicle or others machines Indemnity</field>
            <field name="code">PHAVEHMACH</field>
            <field name="sequence">16</field>
            <field name="appears_on_payslip" eval="True"/>
            <field name="category_id" ref="its_hr_payroll_extend.salary_rule_category019_pharmacy"/>
            <field name="convention_id" ref="its_hr_convention.convention_pharmacy"/>
            <field name="active" eval="True"/>
            <field name="accessory" eval="True"/>
            <field name="charge" eval="False"/>
            <field name="net" eval="False"/>
            <field name="condition_select">none</field>
            <field name="amount_select">code</field>
            <field name="amount_python_compute">result = payslip.prorata * (employee.get_rule_value('PHAVEHMACH', payslip.date_from, payslip.date_to))</field>
            <field name="account_debit" ref=""/>
            <field name="account_credit" ref=""/>
            <field name="account_tax_id" ref=""/>
        </record>

        <record id="its_hr_payroll_extend.salary_rule017_pharmacy" model="hr.salary.rule">
            <field name="name">Individual tool box bounty</field>
            <field name="code">PHATOOLBOX</field>
            <field name="sequence">17</field>
            <field name="appears_on_payslip" eval="True"/>
            <field name="category_id" ref="its_hr_payroll_extend.salary_rule_category013_pharmacy"/>
            <field name="convention_id" ref="its_hr_convention.convention_pharmacy"/>
            <field name="active" eval="True"/>
            <field name="accessory" eval="True"/>
            <field name="charge" eval="False"/>
            <field name="net" eval="False"/>
            <field name="condition_select">none</field>
            <field name="amount_select">code</field>
            <field name="amount_python_compute">result = payslip.prorata * (employee.get_rule_value('PHATOOLBOX', payslip.date_from, payslip.date_to))</field>
            <field name="account_debit" ref=""/>
            <field name="account_credit" ref=""/>
            <field name="account_tax_id" ref=""/>
        </record>

        <record id="its_hr_payroll_extend.salary_rule018_pharmacy" model="hr.salary.rule">
            <field name="name">Travel Indemnity</field>
            <field name="code">PHATRAVEL</field>
            <field name="sequence">18</field>
            <field name="appears_on_payslip" eval="True"/>
            <field name="category_id" ref="its_hr_payroll_extend.salary_rule_category016_pharmacy"/>
            <field name="convention_id" ref="its_hr_convention.convention_pharmacy"/>
            <field name="active" eval="True"/>
            <field name="accessory" eval="True"/>
            <field name="charge" eval="False"/>
            <field name="net" eval="False"/>
            <field name="condition_select">none</field>
            <field name="amount_select">code</field>
            <field name="amount_python_compute">result = (payslip.salary_type == 'holiday') and 0.0 or employee.get_rule_value('PHATRAVEL', payslip.date_from, payslip.date_to)</field>
            <field name="account_debit" ref=""/>
            <field name="account_credit" ref=""/>
            <field name="account_tax_id" ref=""/>
        </record>

        <record id="its_hr_payroll_extend.salary_rule019_pharmacy" model="hr.salary.rule">
            <field name="name">Travel related to the function Indemnity</field>
            <field name="code">PHATRAVELFUNCT</field>
            <field name="sequence">19</field>
            <field name="appears_on_payslip" eval="True"/>
            <field name="category_id" ref="its_hr_payroll_extend.salary_rule_category016_pharmacy"/>
            <field name="convention_id" ref="its_hr_convention.convention_pharmacy"/>
            <field name="active" eval="True"/>
            <field name="accessory" eval="True"/>
            <field name="charge" eval="False"/>
            <field name="net" eval="False"/>
            <field name="condition_select">none</field>
            <field name="amount_select">code</field>
            <field name="amount_python_compute">result = (payslip.salary_type == 'holiday') and 0.0 or employee.get_rule_value('PHATRAVELFUNCT', payslip.date_from, payslip.date_to)</field>
            <field name="account_debit" ref=""/>
            <field name="account_credit" ref=""/>
            <field name="account_tax_id" ref=""/>
        </record>

        <record id="its_hr_payroll_extend.salary_rule020_pharmacy" model="hr.salary.rule">
            <field name="name">Short-term Travel Indemnity</field>
            <field name="code">PHATRAVELSHORT</field>
            <field name="sequence">20</field>
            <field name="appears_on_payslip" eval="True"/>
            <field name="category_id" ref="its_hr_payroll_extend.salary_rule_category016_pharmacy"/>
            <field name="convention_id" ref="its_hr_convention.convention_pharmacy"/>
            <field name="active" eval="True"/>
            <field name="accessory" eval="True"/>
            <field name="charge" eval="False"/>
            <field name="net" eval="False"/>
            <field name="condition_select">none</field>
            <field name="amount_select">code</field>
            <field name="amount_python_compute">result = (payslip.salary_type == 'holiday') and 0.0 or employee.get_rule_value('PHATRAVELSHORT', payslip.date_from, payslip.date_to)</field>
            <field name="account_debit" ref=""/>
            <field name="account_credit" ref=""/>
            <field name="account_tax_id" ref=""/>
        </record>

        <record id="its_hr_payroll_extend.salary_rule021_pharmacy" model="hr.salary.rule">
            <field name="name">Basket bounty</field>
            <field name="code">PHABASKET</field>
            <field name="sequence">21</field>
            <field name="appears_on_payslip" eval="True"/>
            <field name="category_id" ref="its_hr_payroll_extend.salary_rule_category004_pharmacy"/>
            <field name="convention_id" ref="its_hr_convention.convention_pharmacy"/>
            <field name="active" eval="True"/>
            <field name="accessory" eval="True"/>
            <field name="charge" eval="False"/>
            <field name="net" eval="False"/>
            <field name="condition_select">none</field>
            <field name="amount_select">code</field>
            <field name="amount_python_compute">result = (payslip.salary_type == 'holiday') and 0.0 or payslip.prorata * (employee.get_rule_value('PHABASKET', payslip.date_from, payslip.date_to))</field>
            <field name="account_debit" ref=""/>
            <field name="account_credit" ref=""/>
            <field name="account_tax_id" ref=""/>
        </record>

        <record id="its_hr_payroll_extend.salary_rule023_pharmacy" model="hr.salary.rule">
            <field name="name">Good Separation bounty</field>
            <field name="code">PHAGOODSEPAR</field>
            <field name="sequence">23</field>
            <field name="appears_on_payslip" eval="True"/>
            <field name="category_id" ref="its_hr_payroll_extend.salary_rule_category026_pharmacy"/>
            <field name="convention_id" ref="its_hr_convention.convention_pharmacy"/>
            <field name="active" eval="True"/>
            <field name="accessory" eval="True"/>
            <field name="exceptional_salary" eval="True"/>
            <field name="charge" eval="False"/>
            <field name="net" eval="False"/>
            <field name="condition_select">none</field>
            <field name="amount_select">code</field>
            <field name="amount_python_compute">result = employee.get_rule_value('PHAGOODSEPAR', payslip.date_from, payslip.date_to)</field>
            <field name="account_debit" ref=""/>
            <field name="account_credit" ref=""/>
            <field name="account_tax_id" ref=""/>
        </record>

        <record id="its_hr_payroll_extend.salary_rule024_pharmacy" model="hr.salary.rule">
            <field name="name">Transport Indemnity</field>
            <field name="code">PHATRANSPORT</field>
            <field name="sequence">24</field>
            <field name="appears_on_payslip" eval="True"/>
            <field name="category_id" ref="its_hr_payroll_extend.salary_rule_category021_pharmacy"/>
            <field name="convention_id" ref="its_hr_convention.convention_pharmacy"/>
            <field name="active" eval="True"/>
            <field name="accessory" eval="True"/>
            <field name="charge" eval="False"/>
            <field name="net" eval="False"/>
            <field name="condition_select">none</field>
            <field name="amount_select">code</field>
            <field name="amount_python_compute">result = (payslip.salary_type == 'holiday') and 0.0 or payslip.prorata * (employee.get_rule_value('PHATRANSPORT', payslip.date_from, payslip.date_to))</field>
            <field name="account_debit" ref=""/>
            <field name="account_credit" ref=""/>
            <field name="account_tax_id" ref=""/>
        </record>

        <record id="its_hr_payroll_extend.salary_rule025_pharmacy" model="hr.salary.rule">
            <field name="name">Water Indemnity</field>
            <field name="code">PHAWATER</field>
            <field name="sequence">25</field>
            <field name="appears_on_payslip" eval="True"/>
            <field name="category_id" ref="its_hr_payroll_extend.salary_rule_category037_pharmacy"/>
            <field name="convention_id" ref="its_hr_convention.convention_pharmacy"/>
            <field name="active" eval="True"/>
            <field name="accessory" eval="True"/>
            <field name="charge" eval="False"/>
            <field name="net" eval="False"/>
            <field name="condition_select">none</field>
            <field name="amount_select">code</field>
            <field name="amount_python_compute">result = payslip.prorata * (employee.get_rule_value('PHAWATER', payslip.date_from, payslip.date_to))</field>
            <field name="account_debit" ref=""/>
            <field name="account_credit" ref=""/>
            <field name="account_tax_id" ref=""/>
        </record>

        <record id="its_hr_payroll_extend.salary_rule026_pharmacy" model="hr.salary.rule">
            <field name="name">Food Indemnity</field>
            <field name="code">PHAFOOD</field>
            <field name="sequence">26</field>
            <field name="appears_on_payslip" eval="True"/>
            <field name="category_id" ref="its_hr_payroll_extend.salary_rule_category039_pharmacy"/>
            <field name="convention_id" ref="its_hr_convention.convention_pharmacy"/>
            <field name="active" eval="True"/>
            <field name="accessory" eval="True"/>
            <field name="charge" eval="False"/>
            <field name="net" eval="False"/>
            <field name="condition_select">none</field>
            <field name="amount_select">code</field>
            <field name="amount_python_compute">result = payslip.prorata * (employee.get_rule_value('PHAFOOD', payslip.date_from, payslip.date_to))</field>
            <field name="account_debit" ref=""/>
            <field name="account_credit" ref=""/>
            <field name="account_tax_id" ref=""/>
        </record>

        <record id="its_hr_payroll_extend.salary_rule027_pharmacy" model="hr.salary.rule">
            <field name="name">Electricity Indemnity</field>
            <field name="code">PHAELECT</field>
            <field name="sequence">27</field>
            <field name="appears_on_payslip" eval="True"/>
            <field name="category_id" ref="its_hr_payroll_extend.salary_rule_category036_pharmacy"/>
            <field name="convention_id" ref="its_hr_convention.convention_pharmacy"/>
            <field name="active" eval="True"/>
            <field name="accessory" eval="True"/>
            <field name="charge" eval="False"/>
            <field name="net" eval="False"/>
            <field name="condition_select">none</field>
            <field name="amount_select">code</field>
            <field name="amount_python_compute">result = payslip.prorata * (employee.get_rule_value('PHAELECT', payslip.date_from, payslip.date_to))</field>
            <field name="account_debit" ref=""/>
            <field name="account_credit" ref=""/>
            <field name="account_tax_id" ref=""/>
        </record>

        <record id="its_hr_payroll_extend.salary_rule028_pharmacy" model="hr.salary.rule">
            <field name="name">Maid Indemnity</field>
            <field name="code">PHAMAID</field>
            <field name="sequence">28</field>
            <field name="appears_on_payslip" eval="True"/>
            <field name="category_id" ref="its_hr_payroll_extend.salary_rule_category038_pharmacy"/>
            <field name="convention_id" ref="its_hr_convention.convention_pharmacy"/>
            <field name="active" eval="True"/>
            <field name="accessory" eval="True"/>
            <field name="charge" eval="False"/>
            <field name="net" eval="False"/>
            <field name="condition_select">none</field>
            <field name="amount_select">code</field>
            <field name="amount_python_compute">result = payslip.prorata * (employee.get_rule_value('PHAMAID', payslip.date_from, payslip.date_to))</field>
            <field name="account_debit" ref=""/>
            <field name="account_credit" ref=""/>
            <field name="account_tax_id" ref=""/>
        </record>

        <record id="its_hr_payroll_extend.salary_rule022_pharmacy" model="hr.salary.rule">
            <field name="name">Housing Indemnity</field>
            <field name="code">PHAHOUSING</field>
            <field name="sequence">22</field>
            <field name="appears_on_payslip" eval="True"/>
            <field name="category_id" ref="its_hr_payroll_extend.salary_rule_category034_pharmacy"/>
            <field name="convention_id" ref="its_hr_convention.convention_pharmacy"/>
            <field name="active" eval="True"/>
            <field name="accessory" eval="True"/>
            <field name="charge" eval="False"/>
            <field name="net" eval="False"/>
            <field name="condition_select">none</field>
            <field name="amount_select">code</field>
            <field name="amount_python_compute">result = (payslip.salary_type == 'holiday') and 0.0 or payslip.prorata * (employee.get_rule_value('PHAHOUSING', payslip.date_from, payslip.date_to))</field>
            <field name="account_debit" ref=""/>
            <field name="account_credit" ref=""/>
            <field name="account_tax_id" ref=""/>
        </record>

        <record id="its_hr_payroll_extend.salary_rule029_pharmacy" model="hr.salary.rule">
            <field name="name">Vehicle Indemnity</field>
            <field name="code">PHAVEHICLE</field>
            <field name="sequence">29</field>
            <field name="appears_on_payslip" eval="True"/>
            <field name="category_id" ref="its_hr_payroll_extend.salary_rule_category035_pharmacy"/>
            <field name="convention_id" ref="its_hr_convention.convention_pharmacy"/>
            <field name="active" eval="True"/>
            <field name="accessory" eval="True"/>
            <field name="charge" eval="False"/>
            <field name="net" eval="False"/>
            <field name="condition_select">none</field>
            <field name="amount_select">code</field>
            <field name="amount_python_compute">result = (payslip.salary_type == 'holiday') and 0.0 or payslip.prorata * (employee.get_rule_value('PHAMAID', payslip.date_from, payslip.date_to))</field>
            <field name="account_debit" ref=""/>
            <field name="account_credit" ref=""/>
            <field name="account_tax_id" ref=""/>
        </record>

        <record id="its_hr_payroll_extend.salary_rule030_pharmacy" model="hr.salary.rule">
            <field name="name">Water Tax Indemnity</field>
            <field name="code">PHAWATERTAX</field>
            <field name="sequence">30</field>
            <field name="appears_on_payslip" eval="True"/>
            <field name="category_id" ref="its_hr_payroll_extend.salary_rule_category023_pharmacy"/>
            <field name="convention_id" ref="its_hr_convention.convention_pharmacy"/>
            <field name="active" eval="True"/>
            <field name="accessory" eval="False"/>
            <field name="charge" eval="False"/>
            <field name="net" eval="False"/>
            <field name="condition_select">none</field>
            <field name="amount_select">code</field>
            <field name="amount_python_compute">water = categories.PHACATREF * 0.02
real_water = categories.PHACATWATERINDEMN
if real_water > water:
    result = water
else:
    result = real_water
            </field>
            <field name="account_debit" ref=""/>
            <field name="account_credit" ref=""/>
            <field name="account_tax_id" ref=""/>
        </record>

        <record id="its_hr_payroll_extend.salary_rule031_pharmacy" model="hr.salary.rule">
            <field name="name">Food Tax Indemnity</field>
            <field name="code">PHAFOODTAX</field>
            <field name="sequence">31</field>
            <field name="appears_on_payslip" eval="True"/>
            <field name="category_id" ref="its_hr_payroll_extend.salary_rule_category023_pharmacy"/>
            <field name="convention_id" ref="its_hr_convention.convention_pharmacy"/>
            <field name="active" eval="True"/>
            <field name="accessory" eval="False"/>
            <field name="charge" eval="False"/>
            <field name="net" eval="False"/>
            <field name="condition_select">none</field>
            <field name="amount_select">code</field>
            <field name="amount_python_compute">food = categories.PHACATREF * 0.1
real_food = categories.PHACATFOODINDEMN
if real_food > food:
    result = food
else:
    result = real_food</field>
            <field name="account_debit" ref=""/>
            <field name="account_credit" ref=""/>
            <field name="account_tax_id" ref=""/>
        </record>

        <record id="its_hr_payroll_extend.salary_rule032_pharmacy" model="hr.salary.rule">
            <field name="name">Electricity Tax Indemnity</field>
            <field name="code">PHAELECTTAX</field>
            <field name="sequence">32</field>
            <field name="appears_on_payslip" eval="True"/>
            <field name="category_id" ref="its_hr_payroll_extend.salary_rule_category023_pharmacy"/>
            <field name="convention_id" ref="its_hr_convention.convention_pharmacy"/>
            <field name="active" eval="True"/>
            <field name="accessory" eval="False"/>
            <field name="charge" eval="False"/>
            <field name="net" eval="False"/>
            <field name="condition_select">none</field>
            <field name="amount_select">code</field>
            <field name="amount_python_compute">elec = categories.PHACATREF * 0.04
real_elec = categories.PHACATELECTINDEMN
if real_elec > elec:
    result = elec
else:
    result = real_elec</field>
            <field name="account_debit" ref=""/>
            <field name="account_credit" ref=""/>
            <field name="account_tax_id" ref=""/>
        </record>

        <record id="its_hr_payroll_extend.salary_rule033_pharmacy" model="hr.salary.rule">
            <field name="name">Maid Tax Indemnity</field>
            <field name="code">PHAMAIDTAX</field>
            <field name="sequence">33</field>
            <field name="appears_on_payslip" eval="True"/>
            <field name="category_id" ref="its_hr_payroll_extend.salary_rule_category023_pharmacy"/>
            <field name="convention_id" ref="its_hr_convention.convention_pharmacy"/>
            <field name="active" eval="True"/>
            <field name="accessory" eval="False"/>
            <field name="charge" eval="False"/>
            <field name="net" eval="False"/>
            <field name="condition_select">none</field>
            <field name="amount_select">code</field>
            <field name="amount_python_compute">maid = categories.PHACATREF * 0.05
real_maid = categories.PHACATMAIDINDEMN
if real_maid > maid:
    result = maid
else:
    result = real_maid</field>
            <field name="account_debit" ref=""/>
            <field name="account_credit" ref=""/>
            <field name="account_tax_id" ref=""/>
        </record>

        <record id="its_hr_payroll_extend.salary_rule034_pharmacy" model="hr.salary.rule">
            <field name="name">Housing Tax Indemnity</field>
            <field name="code">PHAHOUSINGTAX</field>
            <field name="sequence">34</field>
            <field name="appears_on_payslip" eval="True"/>
            <field name="category_id" ref="its_hr_payroll_extend.salary_rule_category023_pharmacy"/>
            <field name="convention_id" ref="its_hr_convention.convention_pharmacy"/>
            <field name="active" eval="True"/>
            <field name="accessory" eval="False"/>
            <field name="charge" eval="False"/>
            <field name="net" eval="False"/>
            <field name="condition_select">none</field>
            <field name="amount_select">code</field>
            <field name="amount_python_compute">house = categories.PHACATREF * 0.15
real_house = categories.PHACATHOUSINDEMN
if real_house > house:
    result = house
else:
    result = real_house</field>
            <field name="account_debit" ref=""/>
            <field name="account_credit" ref=""/>
            <field name="account_tax_id" ref=""/>
        </record>

        <record id="its_hr_payroll_extend.salary_rule035_pharmacy" model="hr.salary.rule">
            <field name="name">Vehicle Tax Indemnity</field>
            <field name="code">PHAVEHICLETAX</field>
            <field name="sequence">35</field>
            <field name="appears_on_payslip" eval="True"/>
            <field name="category_id" ref="its_hr_payroll_extend.salary_rule_category023_pharmacy"/>
            <field name="convention_id" ref="its_hr_convention.convention_pharmacy"/>
            <field name="active" eval="True"/>
            <field name="accessory" eval="False"/>
            <field name="charge" eval="False"/>
            <field name="net" eval="False"/>
            <field name="condition_select">none</field>
            <field name="amount_select">code</field>
            <field name="amount_python_compute">vehicle = categories.PHACATREF * 0.1
real_vehicle = categories.PHACATVEHINDEMN
if real_vehicle > vehicle:
    result = vehicle
else:
    result = real_vehicle</field>
            <field name="account_debit" ref=""/>
            <field name="account_credit" ref=""/>
            <field name="account_tax_id" ref=""/>
        </record>

        <record id="its_hr_payroll_extend.salary_rule036_pharmacy" model="hr.salary.rule">
            <field name="name">Responsibility bounty</field>
            <field name="code">PHARESPONSIB</field>
            <field name="sequence">36</field>
            <field name="appears_on_payslip" eval="True"/>
            <field name="category_id" ref="its_hr_payroll_extend.salary_rule_category002_pharmacy"/>
            <field name="convention_id" ref="its_hr_convention.convention_pharmacy"/>
            <field name="active" eval="True"/>
            <field name="accessory" eval="True"/>
            <field name="charge" eval="False"/>
            <field name="net" eval="False"/>
            <field name="condition_select">none</field>
            <field name="amount_select">code</field>
            <field name="amount_python_compute">result = payslip.prorata * (employee.get_rule_value('PHARESPONSIB', payslip.date_from, payslip.date_to))</field>
            <field name="account_debit" ref=""/>
            <field name="account_credit" ref=""/>
            <field name="account_tax_id" ref=""/>
        </record>

        <record id="its_hr_payroll_extend.salary_rule037_pharmacy" model="hr.salary.rule">
            <field name="name">Technicality bounty</field>
            <field name="code">PHATECHNI</field>
            <field name="sequence">37</field>
            <field name="appears_on_payslip" eval="True"/>
            <field name="category_id" ref="its_hr_payroll_extend.salary_rule_category005_pharmacy"/>
            <field name="convention_id" ref="its_hr_convention.convention_pharmacy"/>
            <field name="active" eval="True"/>
            <field name="accessory" eval="True"/>
            <field name="charge" eval="False"/>
            <field name="net" eval="False"/>
            <field name="condition_select">none</field>
            <field name="amount_select">code</field>
            <field name="amount_python_compute">result = payslip.prorata * (employee.get_rule_value('PHATECHNI', payslip.date_from, payslip.date_to))</field>
            <field name="account_debit" ref=""/>
            <field name="account_credit" ref=""/>
            <field name="account_tax_id" ref=""/>
        </record>

        <record id="its_hr_payroll_extend.salary_rule038_pharmacy" model="hr.salary.rule">
            <field name="name">Telephone or internet charges</field>
            <field name="code">PHATELINTERNET</field>
            <field name="sequence">38</field>
            <field name="appears_on_payslip" eval="True"/>
            <field name="category_id" ref="its_hr_payroll_extend.salary_rule_category042_pharmacy"/>
            <field name="convention_id" ref="its_hr_convention.convention_pharmacy"/>
            <field name="active" eval="True"/>
            <field name="accessory" eval="True"/>
            <field name="charge" eval="False"/>
            <field name="net" eval="False"/>
            <field name="condition_select">none</field>
            <field name="amount_select">code</field>
            <field name="amount_python_compute">result = employee.get_rule_value('PHATELINTERNET', payslip.date_from, payslip.date_to)</field>
            <field name="account_debit" ref=""/>
            <field name="account_credit" ref=""/>
            <field name="account_tax_id" ref=""/>
        </record>

        <record id="its_hr_payroll_extend.salary_rule039_pharmacy" model="hr.salary.rule">
            <field name="name">Extra salary</field>
            <field name="code">PHAEXTSAL</field>
            <field name="sequence">39</field>
            <field name="appears_on_payslip" eval="True"/>
            <field name="category_id" ref="its_hr_payroll_extend.salary_rule_category024_pharmacy"/>
            <field name="convention_id" ref="its_hr_convention.convention_pharmacy"/>
            <field name="active" eval="True"/>
            <field name="accessory" eval="True"/>
            <field name="charge" eval="False"/>
            <field name="net" eval="False"/>
            <field name="condition_select">none</field>
            <field name="amount_select">code</field>
            <field name="amount_python_compute">result = payslip.prorata * (employee.get_rule_value('PHAEXTSAL', payslip.date_from, payslip.date_to))</field>
            <field name="account_debit" ref=""/>
            <field name="account_credit" ref=""/>
            <field name="account_tax_id" ref=""/>
        </record>

        <record id="its_hr_payroll_extend.salary_rule040_pharmacy" model="hr.salary.rule">
            <field name="name">Prior notice</field>
            <field name="code">PHAPRIONOT</field>
            <field name="sequence">40</field>
            <field name="appears_on_payslip" eval="True"/>
            <field name="category_id" ref="its_hr_payroll_extend.salary_rule_category019_pharmacy"/>
            <field name="convention_id" ref="its_hr_convention.convention_pharmacy"/>
            <field name="active" eval="True"/>
            <field name="accessory" eval="False"/>
            <field name="charge" eval="True"/>
            <field name="net" eval="False"/>
            <field name="condition_select">none</field>
            <field name="amount_select">code</field>
            <field name="amount_python_compute">result = (payslip.salary_type == 'holiday') and 0.0 or employee.get_rule_value('PHAPRIONOT', payslip.date_from, payslip.date_to)</field>
            <field name="account_debit" ref=""/>
            <field name="account_credit" ref=""/>
            <field name="account_tax_id" ref=""/>
        </record>

        <record id="its_hr_payroll_extend.salary_rule041_pharmacy" model="hr.salary.rule">
            <field name="name">Reference Salary</field>
            <field name="code">PHAREFSAL</field>
            <field name="sequence">41</field>
            <field name="appears_on_payslip" eval="True"/>
            <field name="category_id" ref="its_hr_payroll_extend.salary_rule_category040_pharmacy"/>
            <field name="convention_id" ref="its_hr_convention.convention_pharmacy"/>
            <field name="active" eval="True"/>
            <field name="accessory" eval="False"/>
            <field name="charge" eval="False"/>
            <field name="net" eval="False"/>
            <field name="condition_select">none</field>
            <field name="amount_select">code</field>
            <field name="amount_python_compute">result = categories.PHACATREF</field>
            <field name="account_debit" ref=""/>
            <field name="account_credit" ref=""/>
            <field name="account_tax_id" ref=""/>
        </record>

        <record id="its_hr_payroll_extend.salary_rule042_pharmacy" model="hr.salary.rule">
            <field name="name">Work medal</field>
            <field name="code">PHAWORKMEDAL</field>
            <field name="sequence">42</field>
            <field name="appears_on_payslip" eval="True"/>
            <field name="category_id" ref="its_hr_payroll_extend.salary_rule_category041_pharmacy"/>
            <field name="convention_id" ref="its_hr_convention.convention_pharmacy"/>
            <field name="active" eval="True"/>
            <field name="accessory" eval="True"/>
            <field name="charge" eval="False"/>
            <field name="net" eval="False"/>
            <field name="condition_select">none</field>
            <field name="amount_select">code</field>
            <field name="amount_python_compute">result = employee.get_rule_value('PHAWORKMEDAL', payslip.date_from, payslip.date_to)</field>
            <field name="account_debit" ref=""/>
            <field name="account_credit" ref=""/>
            <field name="account_tax_id" ref=""/>
        </record>

        <record id="its_hr_payroll_extend.salary_rule043_pharmacy" model="hr.salary.rule">
            <field name="name">Dismissal Indemnity</field>
            <field name="code">PHADISMIS</field>
            <field name="sequence">43</field>
            <field name="appears_on_payslip" eval="True"/>
            <field name="category_id" ref="its_hr_payroll_extend.salary_rule_category018_pharmacy"/>
            <field name="convention_id" ref="its_hr_convention.convention_pharmacy"/>
            <field name="active" eval="True"/>
            <field name="accessory" eval="True"/>
            <field name="exceptional_salary" eval="True"/>
            <field name="charge" eval="False"/>
            <field name="net" eval="False"/>
            <field name="condition_select">none</field>
            <field name="amount_select">code</field>
            <field name="amount_python_compute">dismissal = employee.get_rule_value('PHADISMIS', payslip.date_from, payslip.date_to)
if dismissal:
    seniority = employee.get_seniority(payslip.date_to)
    seniority = seniority // 12
    if seniority &lt;= 5:
        result = employee.get_average_wage(payslip.date_from) * 0.25 * seniority
    elif seniority &lt;= 10:
        result = employee.get_average_wage(payslip.date_from) * 0.3 * seniority
    elif seniority &lt;= 15:
        result = employee.get_average_wage(payslip.date_from) * 0.4 * seniority
    elif seniority &lt;= 20:
        result = employee.get_average_wage(payslip.date_from) * 0.45 * seniority
    elif seniority &gt; 20:
        result = employee.get_average_wage(payslip.date_from) * 0.5 * seniority
else:
    result = 0.0
            </field>
            <field name="account_debit" ref=""/>
            <field name="account_credit" ref=""/>
            <field name="account_tax_id" ref=""/>
        </record>

        <record id="its_hr_payroll_extend.salary_rule044_pharmacy" model="hr.salary.rule">
            <field name="name">End of career Indemnity </field>
            <field name="code">PHACAREER</field>
            <field name="sequence">44</field>
            <field name="appears_on_payslip" eval="True"/>
            <field name="category_id" ref="its_hr_payroll_extend.salary_rule_category017_pharmacy"/>
            <field name="convention_id" ref="its_hr_convention.convention_pharmacy"/>
            <field name="active" eval="True"/>
            <field name="accessory" eval="True"/>
            <field name="exceptional_salary" eval="True"/>
            <field name="charge" eval="False"/>
            <field name="net" eval="False"/>
            <field name="condition_select">none</field>
            <field name="amount_select">code</field>
            <field name="amount_python_compute">end_career = employee.get_rule_value('PHACAREER', payslip.date_from, payslip.date_to)
if end_career:
    seniority = employee.get_seniority(payslip.date_to)
    seniority = seniority // 12
    if seniority &lt;= 5:
        result = (payslip.salary_type == 'holiday') and 0.0 or employee.get_average_wage(payslip.date_from) * 0.4
    elif seniority &lt;= 10:
        result = (payslip.salary_type == 'holiday') and 0.0 or employee.get_average_wage(payslip.date_from) * 0.45
    elif seniority &lt;= 15:
        result = (payslip.salary_type == 'holiday') and 0.0 or employee.get_average_wage(payslip.date_from) * 0.6
    elif seniority &lt;= 20:
        result = (payslip.salary_type == 'holiday') and 0.0 or employee.get_average_wage(payslip.date_from) * 0.65
    elif seniority &gt; 20:
        result = (payslip.salary_type == 'holiday') and 0.0 or employee.get_average_wage(payslip.date_from) * 0.75
else:
    result = 0.0
            </field>
            <field name="account_debit" ref=""/>
            <field name="account_credit" ref=""/>
            <field name="account_tax_id" ref=""/>
        </record>

        <record id="its_hr_payroll_extend.salary_rule045_pharmacy" model="hr.salary.rule">
            <field name="name">Salary Contribution capped</field>
            <field name="code">PHACONTCAPPED</field>
            <field name="sequence">45</field>
            <field name="appears_on_payslip" eval="True"/>
            <field name="category_id" ref="its_hr_payroll_extend.salary_rule_category030_pharmacy"/>
            <field name="convention_id" ref="its_hr_convention.convention_pharmacy"/>
            <field name="active" eval="True"/>
            <field name="accessory" eval="False"/>
            <field name="charge" eval="False"/>
            <field name="capped" eval="True"/>
            <field name="net" eval="False"/>
            <field name="condition_select">none</field>
            <field name="amount_select">code</field>
            <field name="amount_python_compute">contribution = categories.PHACATCONT
if contribution > 750000:
    result = 750000
else:
    result = contribution</field>
            <field name="register_id" ref="its_hr_payroll_extend.contributor_nsif"/>
            <field name="account_debit" ref=""/>
            <field name="account_credit" ref=""/>
            <field name="account_tax_id" ref=""/>
        </record>

        <record id="its_hr_payroll_extend.salary_rule045_pharmacy_1" model="hr.salary.rule">
            <field name="name">Salary Contribution</field>
            <field name="code">PHACONTSAL</field>
            <field name="sequence">45</field>
            <field name="appears_on_payslip" eval="True"/>
            <field name="category_id" ref="its_hr_payroll_extend.salary_rule_category030_pharmacy"/>
            <field name="convention_id" ref="its_hr_convention.convention_pharmacy"/>
            <field name="active" eval="True"/>
            <field name="accessory" eval="False"/>
            <field name="charge" eval="True"/>
            <field name="contribution" eval="True"/>
            <field name="net" eval="False"/>
            <field name="condition_select">none</field>
            <field name="amount_select">code</field>
            <field name="amount_python_compute">result = categories.PHACATCONT</field>
            <field name="register_id" eval=""/>
            <field name="account_debit" ref=""/>
            <field name="account_credit" ref=""/>
            <field name="account_tax_id" ref=""/>
        </record>

        <record id="its_hr_payroll_extend.salary_rule045_pharmacy_2" model="hr.salary.rule">
            <field name="name">Gross Salary Dutiable</field>
            <field name="code">PHAGROSALD</field>
            <field name="sequence">45</field>
            <field name="appears_on_payslip" eval="True"/>
            <field name="category_id" ref="its_hr_payroll_extend.salary_rule_category028_pharmacy_1"/>
            <field name="convention_id" ref="its_hr_convention.convention_pharmacy"/>
            <field name="active" eval="True"/>
            <field name="accessory" eval="False"/>
            <field name="charge" eval="True"/>
            <field name="taxable_salary" eval="True"/>
            <field name="net" eval="False"/>
            <field name="condition_select">none</field>
            <field name="amount_select">code</field>
            <field name="amount_python_compute">result = categories.PHACATGROSALD</field>
            <field name="register_id" eval=""/>
            <field name="account_debit" ref=""/>
            <field name="account_credit" ref=""/>
            <field name="account_tax_id" ref=""/>
        </record>

        <record id="its_hr_payroll_extend.salary_rule046_pharmacy" model="hr.salary.rule">
            <field name="name">Employers' old-age pension</field>
            <field name="code">PHAEMPOLDAGE</field>
            <field name="sequence">46</field>
            <field name="appears_on_payslip" eval="True"/>
            <field name="category_id" ref="its_hr_payroll_extend.salary_rule_category048_pharmacy"/>
            <field name="convention_id" ref="its_hr_convention.convention_pharmacy"/>
            <field name="active" eval="True"/>
            <field name="accessory" eval="False"/>
            <field name="charge" eval="False"/>
            <field name="charge_employer" eval="True"/>
            <field name="social" eval="True"/>
            <field name="net" eval="False"/>
            <field name="condition_select">none</field>
            <field name="amount_select">code</field>
            <field name="amount_python_compute">result = categories.PHACATCONTCAPPED * 0.042</field>
            <field name="register_id" ref="its_hr_payroll_extend.contributor_nsif"/>
            <field name="account_debit" ref=""/>
            <field name="account_credit" ref=""/>
            <field name="account_tax_id" ref=""/>
        </record>

        <record id="its_hr_payroll_extend.salary_rule047_pharmacy" model="hr.salary.rule">
            <field name="name">Salary' old-age pension</field>
            <field name="code">PHASALOLDAGE</field>
            <field name="sequence">47</field>
            <field name="appears_on_payslip" eval="True"/>
            <field name="category_id" ref="its_hr_payroll_extend.salary_rule_category046_pharmacy"/>
            <field name="convention_id" ref="its_hr_convention.convention_pharmacy"/>
            <field name="active" eval="True"/>
            <field name="accessory" eval="False"/>
            <field name="charge" eval="True"/>
            <field name="social" eval="True"/>
            <field name="charge_employer" eval="False"/>
            <field name="net" eval="False"/>
            <field name="condition_select">none</field>
            <field name="amount_select">code</field>
            <field name="amount_python_compute">result = categories.PHACATCONTCAPPED * 0.042</field>
            <field name="register_id" ref="its_hr_payroll_extend.contributor_nsif"/>
            <field name="account_debit" ref=""/>
            <field name="account_credit" ref=""/>
            <field name="account_tax_id" ref=""/>
        </record>

        <record id="its_hr_payroll_extend.salary_rule048_pharmacy" model="hr.salary.rule">
            <field name="name">Family benefits 7%</field>
            <field name="code">PHAFAMBEN7</field>
            <field name="sequence">48</field>
            <field name="appears_on_payslip" eval="True"/>
            <field name="category_id" ref="its_hr_payroll_extend.salary_rule_category048_pharmacy"/>
            <field name="convention_id" ref="its_hr_convention.convention_pharmacy"/>
            <field name="active" eval="True"/>
            <field name="accessory" eval="False"/>
            <field name="charge" eval="False"/>
            <field name="charge_employer" eval="True"/>
            <field name="social" eval="True"/>
            <field name="net" eval="False"/>
            <field name="condition_select">none</field>
            <field name="amount_select">code</field>
            <field name="amount_python_compute">result = categories.PHACATCONTCAPPED * 0.07</field>
            <field name="register_id" ref="its_hr_payroll_extend.contributor_nsif"/>
            <field name="account_debit" ref=""/>
            <field name="account_credit" ref=""/>
            <field name="account_tax_id" ref=""/>
        </record>

        <record id="its_hr_payroll_extend.salary_rule049_pharmacy" model="hr.salary.rule">
            <field name="name">Family benefits 5.65%</field>
            <field name="code">PHAFAMBEN5</field>
            <field name="sequence">49</field>
            <field name="appears_on_payslip" eval="True"/>
            <field name="category_id" ref="its_hr_payroll_extend.salary_rule_category048_pharmacy"/>
            <field name="convention_id" ref="its_hr_convention.convention_pharmacy"/>
            <field name="active" eval="True"/>
            <field name="accessory" eval="False"/>
            <field name="charge" eval="False"/>
            <field name="charge_employer" eval="True"/>
            <field name="social" eval="True"/>
            <field name="net" eval="False"/>
            <field name="condition_select">none</field>
            <field name="amount_select">code</field>
            <field name="amount_python_compute">result = categories.PHACATCONTCAPPED * 0.0565</field>
            <field name="register_id" ref="its_hr_payroll_extend.contributor_nsif"/>
            <field name="account_debit" ref=""/>
            <field name="account_credit" ref=""/>
            <field name="account_tax_id" ref=""/>
        </record>

        <record id="its_hr_payroll_extend.salary_rule050_pharmacy" model="hr.salary.rule">
            <field name="name">Family benefits 3.7%</field>
            <field name="code">PHAFAMBEN3</field>
            <field name="sequence">50</field>
            <field name="appears_on_payslip" eval="True"/>
            <field name="category_id" ref="its_hr_payroll_extend.salary_rule_category048_pharmacy"/>
            <field name="convention_id" ref="its_hr_convention.convention_pharmacy"/>
            <field name="active" eval="True"/>
            <field name="accessory" eval="False"/>
            <field name="charge" eval="False"/>
            <field name="charge_employer" eval="True"/>
            <field name="social" eval="True"/>
            <field name="net" eval="False"/>
            <field name="condition_select">none</field>
            <field name="amount_select">code</field>
            <field name="amount_python_compute">result = categories.PHACATCONTCAPPED * 0.037</field>
            <field name="register_id" ref="its_hr_payroll_extend.contributor_nsif"/>
            <field name="account_debit" ref=""/>
            <field name="account_credit" ref=""/>
            <field name="account_tax_id" ref=""/>
        </record>

        <record id="its_hr_payroll_extend.salary_rule051_pharmacy" model="hr.salary.rule">
            <field name="name">Work accident and occupational disease 5%</field>
            <field name="code">PHAWORKACC5</field>
            <field name="sequence">51</field>
            <field name="appears_on_payslip" eval="True"/>
            <field name="category_id" ref="its_hr_payroll_extend.salary_rule_category048_pharmacy"/>
            <field name="convention_id" ref="its_hr_convention.convention_pharmacy"/>
            <field name="active" eval="True"/>
            <field name="accessory" eval="False"/>
            <field name="charge" eval="False"/>
            <field name="charge_employer" eval="True"/>
            <field name="social" eval="True"/>
            <field name="net" eval="False"/>
            <field name="condition_select">none</field>
            <field name="amount_select">code</field>
            <field name="amount_python_compute">result = categories.PHACATCONT * 0.05</field>
            <field name="register_id" ref="its_hr_payroll_extend.contributor_nsif"/>
            <field name="account_debit" ref=""/>
            <field name="account_credit" ref=""/>
            <field name="account_tax_id" ref=""/>
        </record>

        <record id="its_hr_payroll_extend.salary_rule052_pharmacy" model="hr.salary.rule">
            <field name="name">Work accident and occupational disease 2.5%</field>
            <field name="code">PHAWORKACC2</field>
            <field name="sequence">52</field>
            <field name="appears_on_payslip" eval="True"/>
            <field name="category_id" ref="its_hr_payroll_extend.salary_rule_category048_pharmacy"/>
            <field name="convention_id" ref="its_hr_convention.convention_pharmacy"/>
            <field name="active" eval="True"/>
            <field name="accessory" eval="False"/>
            <field name="charge" eval="False"/>
            <field name="charge_employer" eval="True"/>
            <field name="social" eval="True"/>
            <field name="net" eval="False"/>
            <field name="condition_select">none</field>
            <field name="amount_select">code</field>
            <field name="amount_python_compute">result = categories.PHACATCONT * 0.025</field>
            <field name="register_id" ref="its_hr_payroll_extend.contributor_nsif"/>
            <field name="account_debit" ref=""/>
            <field name="account_credit" ref=""/>
            <field name="account_tax_id" ref=""/>
        </record>

        <record id="its_hr_payroll_extend.salary_rule053_pharmacy" model="hr.salary.rule">
            <field name="name">Work accident and occupational disease 1.75%</field>
            <field name="code">PHAWORKACC1</field>
            <field name="sequence">53</field>
            <field name="appears_on_payslip" eval="True"/>
            <field name="category_id" ref="its_hr_payroll_extend.salary_rule_category048_pharmacy"/>
            <field name="convention_id" ref="its_hr_convention.convention_pharmacy"/>
            <field name="active" eval="True"/>
            <field name="accessory" eval="False"/>
            <field name="charge" eval="False"/>
            <field name="charge_employer" eval="True"/>
            <field name="social" eval="True"/>
            <field name="net" eval="False"/>
            <field name="condition_select">none</field>
            <field name="amount_select">code</field>
            <field name="amount_python_compute">result = categories.PHACATCONT * 0.0175</field>
            <field name="register_id" ref="its_hr_payroll_extend.contributor_nsif"/>
            <field name="account_debit" ref=""/>
            <field name="account_credit" ref=""/>
            <field name="account_tax_id" ref=""/>
        </record>

        <record id="its_hr_payroll_extend.salary_rule054_pharmacy" model="hr.salary.rule">
            <field name="name">Employee' Financing Housing</field>
            <field name="code">PHAFINHOUEMP</field>
            <field name="sequence">54</field>
            <field name="appears_on_payslip" eval="True"/>
            <field name="category_id" ref="its_hr_payroll_extend.salary_rule_category032_pharmacy"/>
            <field name="convention_id" ref="its_hr_convention.convention_pharmacy"/>
            <field name="active" eval="True"/>
            <field name="accessory" eval="False"/>
            <field name="charge" eval="True"/>
            <field name="tax" eval="True"/>
            <field name="charge_employer" eval="False"/>
            <field name="net" eval="False"/>
            <field name="condition_select">none</field>
            <field name="amount_select">code</field>
            <field name="amount_python_compute">result = categories.PHACATGROSALD * 0.01</field>
            <field name="register_id" ref="its_hr_payroll_extend.contributor_financing"/>
            <field name="account_debit" ref=""/>
            <field name="account_credit" ref=""/>
            <field name="account_tax_id" ref=""/>
        </record>

        <record id="its_hr_payroll_extend.salary_rule055_pharmacy" model="hr.salary.rule">
            <field name="name">Employer' Financing Housing</field>
            <field name="code">PHAFINHOUEMR</field>
            <field name="sequence">55</field>
            <field name="appears_on_payslip" eval="True"/>
            <field name="category_id" ref="its_hr_payroll_extend.salary_rule_category048_pharmacy"/>
            <field name="convention_id" ref="its_hr_convention.convention_pharmacy"/>
            <field name="active" eval="True"/>
            <field name="accessory" eval="False"/>
            <field name="charge" eval="False"/>
            <field name="charge_employer" eval="True"/>
            <field name="tax" eval="True"/>
            <field name="net" eval="False"/>
            <field name="condition_select">none</field>
            <field name="amount_select">code</field>
            <field name="amount_python_compute">result = categories.PHACATGROSALD * 0.015</field>
            <field name="register_id" ref="its_hr_payroll_extend.contributor_financing"/>
            <field name="account_debit" ref=""/>
            <field name="account_credit" ref=""/>
            <field name="account_tax_id" ref=""/>
        </record>

        <record id="its_hr_payroll_extend.salary_rule056_pharmacy" model="hr.salary.rule">
            <field name="name">Local Development Taxes</field>
            <field name="code">PHALDTAXE</field>
            <field name="sequence">56</field>
            <field name="appears_on_payslip" eval="True"/>
            <field name="category_id" ref="its_hr_payroll_extend.salary_rule_category046_pharmacy"/>
            <field name="convention_id" ref="its_hr_convention.convention_pharmacy"/>
            <field name="active" eval="True"/>
            <field name="accessory" eval="False"/>
            <field name="charge" eval="True"/>
            <field name="tax" eval="True"/>
            <field name="tdl" eval="True"/>
            <field name="charge_employer" eval="False"/>
            <field name="net" eval="False"/>
            <field name="condition_select">none</field>
            <field name="amount_select">code</field>
            <field name="amount_python_compute">base = categories.PHACATGROSALD
if base &lt;= 62000:
    result = 0.0
elif base &lt;= 75000:
    result = 250
elif base &lt;= 100000:
    result = 500
elif base &lt;= 125000:
    result = 750
elif base &lt;= 150000:
    result = 1000
elif base &lt;= 200000:
    result = 1250
elif base &lt;= 250000:
    result = 1500
elif base &lt;= 300000:
    result = 2000
elif base &lt;= 500000:
    result = 2250
elif base &gt; 500000:
    result = 2520
            </field>
            <field name="register_id" ref="its_hr_payroll_extend.contributor_ldt"/>
            <field name="account_debit" ref=""/>
            <field name="account_credit" ref=""/>
            <field name="account_tax_id" ref=""/>
        </record>

        <record id="its_hr_payroll_extend.salary_rule057_pharmacy" model="hr.salary.rule">
            <field name="name">Audiovisual license</field>
            <field name="code">PHAAUDLIC</field>
            <field name="sequence">57</field>
            <field name="appears_on_payslip" eval="True"/>
            <field name="category_id" ref="its_hr_payroll_extend.salary_rule_category046_pharmacy"/>
            <field name="convention_id" ref="its_hr_convention.convention_pharmacy"/>
            <field name="active" eval="True"/>
            <field name="accessory" eval="False"/>
            <field name="charge" eval="True"/>
            <field name="tax" eval="True"/>
            <field name="charge_employer" eval="False"/>
            <field name="net" eval="False"/>
            <field name="condition_select">none</field>
            <field name="amount_select">code</field>
            <field name="amount_python_compute">base = categories.PHACATBASIC
if base &lt;= 50000:
    result = 0
elif base &lt;= 100000:
    result = 750
elif base &lt;= 200000:
    result = 1950
elif base &lt;= 300000:
    result = 3250
elif base &lt;= 400000:
    result = 4550
elif base &lt;= 500000:
    result = 5850
elif base &lt;= 600000:
    result = 7150
elif base &lt;= 700000:
    result = 8450
elif base &lt;= 800000:
    result = 9750
elif base &lt;= 900000:
    result = 11050
elif base &lt;= 1000000:
    result = 12350
elif base &gt; 1000000:
    result = 13000
            </field>
            <field name="register_id" ref="its_hr_payroll_extend.contributor_gov_taxes"/>
            <field name="account_debit" ref=""/>
            <field name="account_credit" ref=""/>
            <field name="account_tax_id" ref=""/>
        </record>

        <record id="its_hr_payroll_extend.salary_rule058_pharmacy" model="hr.salary.rule">
            <field name="name">Union retainer</field>
            <field name="code">PHAUNRET</field>
            <field name="sequence">58</field>
            <field name="appears_on_payslip" eval="True"/>
            <field name="category_id" ref="its_hr_payroll_extend.salary_rule_category046_pharmacy"/>
            <field name="convention_id" ref="its_hr_convention.convention_pharmacy"/>
            <field name="active" eval="True"/>
            <field name="accessory" eval="False"/>
            <field name="charge" eval="True"/>
            <field name="charge_employer" eval="False"/>
            <field name="net" eval="False"/>
            <field name="condition_select">none</field>
            <field name="amount_select">code</field>
            <field name="amount_python_compute">result = categories.PHACATBASIC * 0.01</field>
            <field name="register_id" ref="its_hr_payroll_extend.contributor_labor_union"/>
            <field name="account_debit" ref=""/>
            <field name="account_credit" ref=""/>
            <field name="account_tax_id" ref=""/>
        </record>

        <record id="its_hr_payroll_extend.salary_rule059_pharmacy" model="hr.salary.rule">
            <field name="name">IRPP</field>
            <field name="code">PHAIRPP</field>
            <field name="sequence">59</field>
            <field name="appears_on_payslip" eval="True"/>
            <field name="category_id" ref="its_hr_payroll_extend.salary_rule_category033_pharmacy"/>
            <field name="convention_id" ref="its_hr_convention.convention_pharmacy"/>
            <field name="active" eval="True"/>
            <field name="accessory" eval="False"/>
            <field name="charge" eval="True"/>
            <field name="tax" eval="True"/>
            <field name="irpp" eval="True"/>
            <field name="charge_employer" eval="False"/>
            <field name="net" eval="False"/>
            <field name="condition_select">none</field>
            <field name="amount_select">code</field>
            <field name="amount_python_compute">dutiable = categories.PHACATGROSALD
if dutiable &lt;= 62000:
    result = 0
elif dutiable &lt;= 300000:
    result = ((dutiable * 0.7) - (dutiable * 0.042) - 41667) * 0.1
elif dutiable &lt;= 429000:
    result = 16693 + ((dutiable - 310000) * 0.7 * 0.15)
elif dutiable &lt;= 667000:
    result = 29188 + ((dutiable - 429000) * 0.7 * 0.25)
else:
    result = 70830 + ((dutiable - 667000) * 0.7 * 0.35)
            </field>
            <field name="register_id" ref="its_hr_payroll_extend.contributor_gov_taxes"/>
            <field name="account_debit" ref=""/>
            <field name="account_credit" ref=""/>
            <field name="account_tax_id" ref=""/>
        </record>

        <record id="its_hr_payroll_extend.salary_rule060_pharmacy" model="hr.salary.rule">
            <field name="name">CAC 10% IRPP</field>
            <field name="code">PHAIRPPCAC</field>
            <field name="sequence">60</field>
            <field name="appears_on_payslip" eval="True"/>
            <field name="category_id" ref="its_hr_payroll_extend.salary_rule_category046_pharmacy"/>
            <field name="convention_id" ref="its_hr_convention.convention_pharmacy"/>
            <field name="active" eval="True"/>
            <field name="accessory" eval="False"/>
            <field name="charge" eval="True"/>
            <field name="tax" eval="True"/>
            <field name="charge_employer" eval="False"/>
            <field name="net" eval="False"/>
            <field name="condition_select">none</field>
            <field name="amount_select">code</field>
            <field name="amount_python_compute">result = categories.PHACATIRPP * 0.1</field>
            <field name="register_id" ref="its_hr_payroll_extend.contributor_gov_taxes"/>
            <field name="account_debit" ref=""/>
            <field name="account_credit" ref=""/>
            <field name="account_tax_id" ref=""/>
        </record>

        <record id="its_hr_payroll_extend.salary_rule061_pharmacy" model="hr.salary.rule">
            <field name="name">FNE</field>
            <field name="code">PHAFNE</field>
            <field name="sequence">61</field>
            <field name="appears_on_payslip" eval="True"/>
            <field name="category_id" ref="its_hr_payroll_extend.salary_rule_category048_pharmacy"/>
            <field name="convention_id" ref="its_hr_convention.convention_pharmacy"/>
            <field name="active" eval="True"/>
            <field name="accessory" eval="False"/>
            <field name="charge" eval="False"/>
            <field name="tax" eval="True"/>
            <field name="charge_employer" eval="True"/>
            <field name="net" eval="False"/>
            <field name="condition_select">none</field>
            <field name="amount_select">code</field>
            <field name="amount_python_compute">result = categories.PHACATGROSALD * 0.01</field>
            <field name="register_id" ref="its_hr_payroll_extend.contributor_gov_taxes"/>
            <field name="account_debit" ref=""/>
            <field name="account_credit" ref=""/>
            <field name="account_tax_id" ref=""/>
        </record>

        <record id="its_hr_payroll_extend.salary_rule062_pharmacy" model="hr.salary.rule">
            <field name="name">Installment Loan</field>
            <field name="sequence">62</field>
            <field name="code">PHAINSTALL</field>
            <field name="appears_on_payslip" eval="True"/>
            <field name="category_id" ref="its_hr_payroll_extend.salary_rule_category049_pharmacy"/>
            <field name="convention_id" ref="its_hr_convention.convention_pharmacy"/>
            <field name="active" eval="True"/>
            <field name="accessory" eval="False"/>
            <field name="charge" eval="False"/>
            <field name="retain" eval="True"/>
            <field name="net" eval="False"/>
            <field name="condition_select">none</field>
            <field name="amount_select">code</field>
            <field name="amount_python_compute">result = employee.get_installment_loan(employee.id, payslip.date_from, payslip.date_to)</field>
            <field name="is_loan_payment">True</field>
        </record>

         <record id="its_hr_payroll_extend.salary_rule063_pharmacy" model="hr.salary.rule">
            <field name="name">Interest Loan</field>
            <field name="sequence">63</field>
            <field name="code">PHAINTEREST_LOAN</field>
            <field name="appears_on_payslip" eval="True"/>
            <field name="category_id" ref="its_hr_payroll_extend.salary_rule_category049_pharmacy"/>
            <field name="convention_id" ref="its_hr_convention.convention_pharmacy"/>
            <field name="active" eval="True"/>
            <field name="accessory" eval="False"/>
            <field name="charge" eval="False"/>
            <field name="retain" eval="True"/>
            <field name="net" eval="False"/>
            <field name="condition_select">none</field>
            <field name="amount_select">code</field>
            <field name="amount_python_compute">result = employee.get_interest_loan(employee.id, payslip.date_from, payslip.date_to)</field>
        </record>

        <record id="its_hr_payroll_extend.salary_rule064_pharmacy" model="hr.salary.rule">
            <field name="name">Gross Salary</field>
            <field name="sequence">64</field>
            <field name="code">PHAGROSS</field>
            <field name="appears_on_payslip" eval="True"/>
            <field name="category_id" ref="its_hr_payroll_extend.salary_rule_category045_pharmacy"/>
            <field name="convention_id" ref="its_hr_convention.convention_pharmacy"/>
            <field name="active" eval="True"/>
            <field name="accessory" eval="True"/>
            <field name="charge" eval="False"/>
            <field name="gross" eval="True"/>
            <field name="retain" eval="False"/>
            <field name="net" eval="False"/>
            <field name="condition_select">none</field>
            <field name="amount_select">code</field>
            <field name="amount_python_compute">result = categories.PHACATCONT + categories.PHACATALW</field>
        </record>

        <record id="its_hr_payroll_extend.salary_rule065_pharmacy" model="hr.salary.rule">
            <field name="name">Deduction</field>
            <field name="sequence" eval="65"/>
            <field name="code">PHADED</field>
            <field name="appears_on_payslip" eval="True"/>
            <field name="category_id" ref="its_hr_payroll_extend.salary_rule_category043_pharmacy"/>
            <field name="convention_id" ref="its_hr_convention.convention_pharmacy"/>
            <field name="active" eval="True"/>
            <field name="accessory" eval="False"/>
            <field name="charge" eval="True"/>
            <field name="retain" eval="False"/>
            <field name="net" eval="False"/>
            <field name="condition_select">none</field>
            <field name="amount_select">code</field>
            <field name="amount_python_compute">result = categories.PHACATDED</field>
            <!--<field name="register_id" ref="hr_payroll.contrib_register_employees"/>-->
        </record>

        <record id="its_hr_payroll_extend.salary_rule066_pharmacy" model="hr.salary.rule">
            <field name="name">Net Salary</field>
            <field name="sequence" eval="66"/>
            <field name="code">PHANET</field>
            <field name="appears_on_payslip" eval="True"/>
            <field name="category_id" ref="its_hr_payroll_extend.salary_rule_category047_pharmacy"/>
            <field name="convention_id" ref="its_hr_convention.convention_pharmacy"/>
            <field name="active" eval="True"/>
            <field name="accessory" eval="False"/>
            <field name="charge" eval="False"/>
            <field name="retain" eval="False "/>
            <field name="net" eval="True"/>
            <field name="condition_select">none</field>
            <field name="amount_select">code</field>
            <field name="amount_python_compute">result = categories.PHACATGROSAL - categories.PHACATDED</field>
            <field name="register_id" ref="hr_payroll.contrib_register_employees"/>
        </record>

    </data>
</odoo>