<?xml version="1.0" encoding="utf-8"?>
<odoo>
    <data>

        <!-- Security Company Convention -->
        <record id="its_hr_payroll_extend.salary_rule_category000_security_company" model="hr.salary.rule.category">
            <field name="name">Basic Salary</field>
            <field name="code">SECCATBASIC</field>
            <field name="parent_id" eval="False"/>
            <field name="convention_id" ref="its_hr_convention.convention_security_company"/>
        </record>

        <record id="its_hr_payroll_extend.salary_rule_category044_security_company" model="hr.salary.rule.category">
            <field name="name">Allowance</field>
            <field name="code">SECCATALW</field>
            <field name="convention_id" ref="its_hr_convention.convention_security_company"/>
        </record>

        <record id="its_hr_payroll_extend.salary_rule_category045_security_company" model="hr.salary.rule.category">
            <field name="name">Gross Salary</field>
            <field name="code">SECCATGROSAL</field>
            <field name="parent_id" eval="False"/>
            <field name="convention_id" ref="its_hr_convention.convention_security_company"/>
        </record>

        <record id="its_hr_payroll_extend.salary_rule_category028_security_company" model="hr.salary.rule.category">
            <field name="name">Gross Salary Dutiable</field>
            <field name="code">SECCATGROSALD</field>
            <field name="parent_id" eval="False"/>
            <field name="convention_id" ref="its_hr_convention.convention_security_company"/>
        </record>

        <record id="its_hr_payroll_extend.salary_rule_category028_security_company_1" model="hr.salary.rule.category">
            <field name="name">Gross Salary Dutiable</field>
            <field name="code">SECCATGROSALD1</field>
            <field name="parent_id" eval="False"/>
            <field name="convention_id" ref="its_hr_convention.convention_security_company"/>
        </record>

        <record id="its_hr_payroll_extend.salary_rule_category029_security_company" model="hr.salary.rule.category">
            <field name="name">Contribution Salary</field>
            <field name="code">SECCATCONT</field>
            <field name="parent_id" eval="False"/>
            <field name="convention_id" ref="its_hr_convention.convention_security_company"/>
        </record>

        <record id="its_hr_payroll_extend.salary_rule_category030_security_company" model="hr.salary.rule.category">
            <field name="name">Contribution Salary Capped</field>
            <field name="code">SECCATCONTCAPPED</field>
            <field name="parent_id" eval="False"/>
            <field name="convention_id" ref="its_hr_convention.convention_security_company"/>
        </record>

        <record id="its_hr_payroll_extend.salary_rule_category046_security_company" model="hr.salary.rule.category">
            <field name="name">Deduction</field>
            <field name="code">SECCATDED</field>
            <field name="convention_id" ref="its_hr_convention.convention_security_company"/>
        </record>

        <record id="its_hr_payroll_extend.salary_rule_category049_security_company" model="hr.salary.rule.category">
            <field name="name">Retain</field>
            <field name="code">SECCATRETAIN</field>
            <field name="parent_id" ref="its_hr_payroll_extend.salary_rule_category046_security_company"/>
            <field name="convention_id" ref="its_hr_convention.convention_security_company"/>
        </record>

        <record id="its_hr_payroll_extend.salary_rule_category047_security_company" model="hr.salary.rule.category">
            <field name="name">Net</field>
            <field name="code">SECCATNET</field>
            <field name="convention_id" ref="its_hr_convention.convention_security_company"/>
        </record>

        <record id="its_hr_payroll_extend.salary_rule_category048_security_company" model="hr.salary.rule.category">
            <field name="name">Company Contribution</field>
            <field name="code">SECCATCAFP</field>
            <field name="convention_id" ref="its_hr_convention.convention_security_company"/>
        </record>

        <record id="its_hr_payroll_extend.salary_rule_category043_security_company" model="hr.salary.rule.category">
            <field name="name">Deduction</field>
            <field name="code">SECCATDED1</field>
            <field name="convention_id" ref="its_hr_convention.convention_security_company"/>
        </record>

        <record id="its_hr_payroll_extend.salary_rule_category027_security_company" model="hr.salary.rule.category">
            <field name="name">Reference Salary</field>
            <field name="code">SECCATREF</field>
            <field name="parent_id" ref="its_hr_payroll_extend.salary_rule_category029_security_company"/>
            <field name="convention_id" ref="its_hr_convention.convention_security_company"/>
        </record>

        <record id="its_hr_payroll_extend.salary_rule_category025_security_company" model="hr.salary.rule.category">
            <field name="name">Base Salary Group 1</field>
            <field name="code">SECCATBASAL1</field>
            <field name="parent_id" ref="its_hr_payroll_extend.salary_rule_category027_security_company"/>
            <field name="convention_id" ref="its_hr_convention.convention_security_company"/>
        </record>

        <record id="its_hr_payroll_extend.salary_rule_category024_security_company" model="hr.salary.rule.category">
            <field name="name">Base Salary Group 0</field>
            <field name="code">SECCATBASAL0</field>
            <field name="parent_id" ref="its_hr_payroll_extend.salary_rule_category025_security_company"/>
            <field name="convention_id" ref="its_hr_convention.convention_security_company"/>
        </record>

        <record id="its_hr_payroll_extend.salary_rule_category001_security_company" model="hr.salary.rule.category">
            <field name="name">Seniority</field>
            <field name="code">SECCATSENIOR</field>
            <field name="parent_id" ref="its_hr_payroll_extend.salary_rule_category024_security_company"/>
            <field name="convention_id" ref="its_hr_convention.convention_security_company"/>
        </record>

        <record id="its_hr_payroll_extend.salary_rule_category002_security_company" model="hr.salary.rule.category">
            <field name="name">Responsibility</field>
            <field name="code">SECCATRESPON</field>
            <field name="parent_id" ref="its_hr_payroll_extend.salary_rule_category044_security_company"/>
            <field name="convention_id" ref="its_hr_convention.convention_security_company"/>
        </record>

        <record id="its_hr_payroll_extend.salary_rule_category003_security_company" model="hr.salary.rule.category">
            <field name="name">Dirty</field>
            <field name="code">SECCATDIRTY</field>
            <field name="parent_id" ref="its_hr_payroll_extend.salary_rule_category044_security_company"/>
            <field name="convention_id" ref="its_hr_convention.convention_security_company"/>
        </record>

        <record id="its_hr_payroll_extend.salary_rule_category004_security_company" model="hr.salary.rule.category">
            <field name="name">Basket</field>
            <field name="code">SECCATBASK</field>
            <field name="parent_id" ref="its_hr_payroll_extend.salary_rule_category044_security_company"/>
            <field name="convention_id" ref="its_hr_convention.convention_security_company"/>
        </record>

        <record id="its_hr_payroll_extend.salary_rule_category005_security_company" model="hr.salary.rule.category">
            <field name="name">Technicality</field>
            <field name="code">SECCATTECHN</field>
            <field name="parent_id" ref="its_hr_payroll_extend.salary_rule_category044_security_company"/>
            <field name="convention_id" ref="its_hr_convention.convention_security_company"/>
        </record>

        <record id="its_hr_payroll_extend.salary_rule_category006_security_company" model="hr.salary.rule.category">
            <field name="name">Cashier</field>
            <field name="code">SECCATCASH</field>
            <field name="parent_id" ref="its_hr_payroll_extend.salary_rule_category044_security_company"/>
            <field name="convention_id" ref="its_hr_convention.convention_security_company"/>
        </record>

        <record id="its_hr_payroll_extend.salary_rule_category007_security_company" model="hr.salary.rule.category">
            <field name="name">Warehouse</field>
            <field name="code">SECCATWARE</field>
            <field name="parent_id" ref="its_hr_payroll_extend.salary_rule_category044_security_company"/>
            <field name="convention_id" ref="its_hr_convention.convention_security_company"/>
        </record>

        <record id="its_hr_payroll_extend.salary_rule_category008_security_company" model="hr.salary.rule.category">
            <field name="name">Assiduity</field>
            <field name="code">SECCATASSID</field>
            <field name="parent_id" ref="its_hr_payroll_extend.salary_rule_category044_security_company"/>
            <field name="convention_id" ref="its_hr_convention.convention_security_company"/>
        </record>

        <record id="its_hr_payroll_extend.salary_rule_category009_security_company" model="hr.salary.rule.category">
            <field name="name">Subjection/Management</field>
            <field name="code">SECCATSUBJMANAG</field>
            <field name="parent_id" ref="its_hr_payroll_extend.salary_rule_category044_security_company"/>
            <field name="convention_id" ref="its_hr_convention.convention_security_company"/>
        </record>

        <record id="its_hr_payroll_extend.salary_rule_category010_security_company" model="hr.salary.rule.category">
            <field name="name">Leaves</field>
            <field name="code">SECCATLEAVE</field>
            <field name="parent_id" ref="its_hr_payroll_extend.salary_rule_category024_security_company"/>
            <field name="convention_id" ref="its_hr_convention.convention_security_company"/>
        </record>

        <record id="its_hr_payroll_extend.salary_rule_category011_security_company" model="hr.salary.rule.category">
            <field name="name">Representation</field>
            <field name="code">SECCATREPRES</field>
            <field name="parent_id" ref="its_hr_payroll_extend.salary_rule_category044_security_company"/>
            <field name="convention_id" ref="its_hr_convention.convention_security_company"/>
        </record>

        <record id="its_hr_payroll_extend.salary_rule_category012_security_company" model="hr.salary.rule.category">
            <field name="name">Results</field>
            <field name="code">SECCATRESULT</field>
            <field name="parent_id" ref="its_hr_payroll_extend.salary_rule_category044_security_company"/>
            <field name="convention_id" ref="its_hr_convention.convention_security_company"/>
        </record>

        <record id="its_hr_payroll_extend.salary_rule_category013_security_company" model="hr.salary.rule.category">
            <field name="name">Tools and safety</field>
            <field name="code">SECCATTOOLSAF</field>
            <field name="parent_id" ref="its_hr_payroll_extend.salary_rule_category044_security_company"/>
            <field name="convention_id" ref="its_hr_convention.convention_security_company"/>
        </record>

        <record id="its_hr_payroll_extend.salary_rule_category026_security_company" model="hr.salary.rule.category">
            <field name="name">Base Salary Group 2</field>
            <field name="code">SECCATBASAL2</field>
            <field name="parent_id" ref="its_hr_payroll_extend.salary_rule_category027_security_company"/>
            <field name="convention_id" ref="its_hr_convention.convention_security_company"/>
        </record>

        <record id="its_hr_payroll_extend.salary_rule_category042_security_company" model="hr.salary.rule.category">
            <field name="name">Telephone and Internet Fee</field>
            <field name="code">SECCATTELINTERN</field>
            <field name="parent_id" ref="its_hr_payroll_extend.salary_rule_category026_security_company"/>
            <field name="convention_id" ref="its_hr_convention.convention_security_company"/>
        </record>

        <record id="its_hr_payroll_extend.salary_rule_category014_security_company" model="hr.salary.rule.category">
            <field name="name">Death</field>
            <field name="code">SECCATDEATH</field>
            <field name="parent_id" ref="its_hr_payroll_extend.salary_rule_category044_security_company"/>
            <field name="convention_id" ref="its_hr_convention.convention_security_company"/>
        </record>

        <record id="its_hr_payroll_extend.salary_rule_category015_security_company" model="hr.salary.rule.category">
            <field name="name">Reconversion</field>
            <field name="code">SECCATRECONV</field>
            <field name="parent_id" ref="its_hr_payroll_extend.salary_rule_category044_security_company"/>
            <field name="convention_id" ref="its_hr_convention.convention_security_company"/>
        </record>

        <record id="its_hr_payroll_extend.salary_rule_category016_security_company" model="hr.salary.rule.category">
            <field name="name">Travel</field>
            <field name="code">SECCATTRAVEL</field>
            <field name="parent_id" ref="its_hr_payroll_extend.salary_rule_category044_security_company"/>
            <field name="convention_id" ref="its_hr_convention.convention_security_company"/>
        </record>

        <record id="its_hr_payroll_extend.salary_rule_category017_security_company" model="hr.salary.rule.category">
            <field name="name">End of career</field>
            <field name="code">SECCATCAREER</field>
            <field name="parent_id" ref="its_hr_payroll_extend.salary_rule_category044_security_company"/>
            <field name="convention_id" ref="its_hr_convention.convention_security_company"/>
        </record>

        <record id="its_hr_payroll_extend.salary_rule_category018_security_company" model="hr.salary.rule.category">
            <field name="name">Dismissal</field>
            <field name="code">SECCATDISM</field>
            <field name="parent_id" ref="its_hr_payroll_extend.salary_rule_category044_security_company"/>
            <field name="convention_id" ref="its_hr_convention.convention_security_company"/>
        </record>

        <record id="its_hr_payroll_extend.salary_rule_category019_security_company" model="hr.salary.rule.category">
            <field name="name">Gratification</field>
            <field name="code">SECCATGRATIF</field>
            <field name="parent_id" ref="its_hr_payroll_extend.salary_rule_category044_security_company"/>
            <field name="convention_id" ref="its_hr_convention.convention_security_company"/>
        </record>

        <record id="its_hr_payroll_extend.salary_rule_category041_security_company" model="hr.salary.rule.category">
            <field name="name">Gratification Medal</field>
            <field name="code">SECCATGRATIFMEDAL</field>
            <field name="parent_id" ref="its_hr_payroll_extend.salary_rule_category029_security_company"/>
            <field name="convention_id" ref="its_hr_convention.convention_security_company"/>
        </record>

        <record id="its_hr_payroll_extend.salary_rule_category020_security_company" model="hr.salary.rule.category">
            <field name="name">Canteen</field>
            <field name="code">SECCATCANTEEN</field>
            <field name="parent_id" ref="its_hr_payroll_extend.salary_rule_category044_security_company"/>
            <field name="convention_id" ref="its_hr_convention.convention_security_company"/>
        </record>

        <record id="its_hr_payroll_extend.salary_rule_category021_security_company" model="hr.salary.rule.category">
            <field name="name">Transport</field>
            <field name="code">SECCATTRANS</field>
            <field name="parent_id" ref="its_hr_payroll_extend.salary_rule_category026_security_company"/>
            <field name="convention_id" ref="its_hr_convention.convention_security_company"/>
        </record>

        <record id="its_hr_payroll_extend.salary_rule_category022_security_company" model="hr.salary.rule.category">
            <field name="name">Indemnities</field>
            <field name="code">SECCATINDEMN</field>
            <field name="parent_id" ref="its_hr_payroll_extend.salary_rule_category029_security_company"/>
            <field name="convention_id" ref="its_hr_convention.convention_security_company"/>
        </record>

        <record id="its_hr_payroll_extend.salary_rule_category034_security_company" model="hr.salary.rule.category">
            <field name="name">Housing Indemnities</field>
            <field name="code">SECCATHOUSINDEMN</field>
            <field name="parent_id" ref="its_hr_payroll_extend.salary_rule_category022_security_company"/>
            <field name="convention_id" ref="its_hr_convention.convention_security_company"/>
        </record>

        <record id="its_hr_payroll_extend.salary_rule_category035_security_company" model="hr.salary.rule.category">
            <field name="name">Vehicle Indemnities</field>
            <field name="code">SECCATVEHINDEMN</field>
            <field name="parent_id" ref="its_hr_payroll_extend.salary_rule_category022_security_company"/>
            <field name="convention_id" ref="its_hr_convention.convention_security_company"/>
        </record>

        <record id="its_hr_payroll_extend.salary_rule_category036_security_company" model="hr.salary.rule.category">
            <field name="name">Electricity Indemnities</field>
            <field name="code">SECCATELECTINDEMN</field>
            <field name="parent_id" ref="its_hr_payroll_extend.salary_rule_category022_security_company"/>
            <field name="convention_id" ref="its_hr_convention.convention_security_company"/>
        </record>

        <record id="its_hr_payroll_extend.salary_rule_category037_security_company" model="hr.salary.rule.category">
            <field name="name">Water Indemnities</field>
            <field name="code">SECCATWATERINDEMN</field>
            <field name="parent_id" ref="its_hr_payroll_extend.salary_rule_category022_security_company"/>
            <field name="convention_id" ref="its_hr_convention.convention_security_company"/>
        </record>

        <record id="its_hr_payroll_extend.salary_rule_category038_security_company" model="hr.salary.rule.category">
            <field name="name">Maid Indemnities</field>
            <field name="code">SECCATMAIDINDEMN</field>
            <field name="parent_id" ref="its_hr_payroll_extend.salary_rule_category022_security_company"/>
            <field name="convention_id" ref="its_hr_convention.convention_security_company"/>
        </record>

        <record id="its_hr_payroll_extend.salary_rule_category039_security_company" model="hr.salary.rule.category">
            <field name="name">Food Indemnities</field>
            <field name="code">SECCATFOODINDEMN</field>
            <field name="parent_id" ref="its_hr_payroll_extend.salary_rule_category022_security_company"/>
            <field name="convention_id" ref="its_hr_convention.convention_security_company"/>
        </record>

        <record id="its_hr_payroll_extend.salary_rule_category023_security_company" model="hr.salary.rule.category">
            <field name="name">Tax Indemnities</field>
            <field name="code">SECCATTAXINDEMN</field>
            <field name="parent_id" ref="its_hr_payroll_extend.salary_rule_category028_security_company"/>
            <field name="convention_id" ref="its_hr_convention.convention_security_company"/>
        </record>

        <record id="its_hr_payroll_extend.salary_rule_category040_security_company" model="hr.salary.rule.category">
            <field name="name">Reference Salary</field>
            <field name="code">SECCATREF1</field>
            <field name="parent_id" ref="its_hr_payroll_extend.salary_rule_category028_security_company"/>
            <field name="convention_id" ref="its_hr_convention.convention_security_company"/>
        </record>

        <record id="its_hr_payroll_extend.salary_rule_category031_security_company" model="hr.salary.rule.category">
            <field name="name">Overtime</field>
            <field name="code">SECCATOVER</field>
            <field name="parent_id" ref="its_hr_payroll_extend.salary_rule_category026_security_company"/>
            <field name="convention_id" ref="its_hr_convention.convention_security_company"/>
        </record>

        <record id="its_hr_payroll_extend.salary_rule_category032_security_company" model="hr.salary.rule.category">
            <field name="name">Financing Housing Base</field>
            <field name="code">SECCATFINHOU</field>
            <field name="parent_id" ref="its_hr_payroll_extend.salary_rule_category046_security_company"/>
            <field name="convention_id" ref="its_hr_convention.convention_security_company"/>
        </record>

        <record id="its_hr_payroll_extend.salary_rule_category033_security_company" model="hr.salary.rule.category">
            <field name="name">IRPP</field>
            <field name="code">SECCATIRPP</field>
            <field name="parent_id" ref="its_hr_payroll_extend.salary_rule_category046_security_company"/>
            <field name="convention_id" ref="its_hr_convention.convention_security_company"/>
        </record>

    </data>
</odoo>