<?xml version="1.0" encoding="utf-8"?>
<odoo>
    <data noupdate="">

        <!-- Processing Industry Convention -->
        <record id="its_hr_payroll_extend.salary_rule001_polygraphique" model="hr.salary.rule">
            <field name="name">Basic Salary</field>
            <field name="code">POLYBASIC</field>
            <field name="sequence">1</field>
            <field name="appears_on_payslip" eval="True"/>
            <field name="category_id" ref="its_hr_payroll_extend.sal_rule_categ_categ000_poly"/>
            <field name="convention_id" ref="its_hr_convention.convention_polygraphique"/>
            <field name="active" eval="True"/>
            <field name="accessory" eval="True"/>
            <field name="charge" eval="False"/>
            <field name="net" eval="False"/>
            <field name="condition_select">none</field>
            <field name="amount_select">code</field>
            <field name="amount_python_compute">wage = employee.get_rule_value('POLYBASIC', payslip.date_from, payslip.date_to)
if not wage:
   wage = contract.wage
result = payslip.prorata * wage
            </field>
            <field name="account_debit" ref=""/>
            <field name="account_credit" ref=""/>
            <field name="account_tax_id" ref=""/>
        </record>

        <record id="its_hr_payroll_extend.salary_rule002_polygraphique" model="hr.salary.rule">
            <field name="name">Seniority bounty</field>
            <field name="code">POLYSENIOR</field>
            <field name="sequence">2</field>
            <field name="appears_on_payslip" eval="True"/>
            <field name="category_id" ref="its_hr_payroll_extend.sal_rule_categ_tax_bonus_poly"/>
            <field name="convention_id" ref="its_hr_convention.convention_polygraphique"/>
            <field name="active" eval="True"/>
            <field name="accessory" eval="True"/>
            <field name="charge" eval="False"/>
            <field name="net" eval="False"/>
            <field name="condition_select">none</field>
            <field name="amount_select">code</field>
            <field name="amount_python_compute">result = employee.get_seniority(payslip.date_to)>24 and ((contract.wage * 0.04) + (contract.wage * 0.02 * (employee.get_seniority(payslip.date_to) - 24) / 12)) or (employee.get_seniority(payslip.date_to)==24 and (contract.wage * 0.04) or 0.0)</field>
            <field name="account_debit" ref=""/>
            <field name="account_credit" ref=""/>
            <field name="account_tax_id" ref=""/>
        </record>

        <record id="its_hr_payroll_extend.salary_rule003_polygraphique" model="hr.salary.rule">
            <field name="name">Overtime 10%</field>
            <field name="code">POLYOVERTIME10</field>
            <field name="sequence">3</field>
            <field name="appears_on_payslip" eval="True"/>
            <field name="category_id" ref="its_hr_payroll_extend.sal_rule_categ_tax_bonus_poly"/>
            <field name="convention_id" ref="its_hr_convention.convention_polygraphique"/>
            <field name="active" eval="True"/>
            <field name="accessory" eval="True"/>
            <field name="charge" eval="False"/>
            <field name="net" eval="False"/>
            <field name="condition_select">none</field>
            <field name="amount_select">code</field>
            <field name="amount_python_compute">result = employee.get_overtime(10, payslip.date_from, payslip.date_to) * 0.1 * (contract.wage / 173.33)</field>
            <field name="account_debit" ref=""/>
            <field name="account_credit" ref=""/>
            <field name="account_tax_id" ref=""/>
        </record>

        <record id="its_hr_payroll_extend.salary_rule003_polygraphique_02" model="hr.salary.rule">
            <field name="name">Overtime 20%</field>
            <field name="code">POLYOVERTIME20</field>
            <field name="sequence" eval="3"/>
            <field name="appears_on_payslip" eval="True"/>
            <field name="category_id" ref="its_hr_payroll_extend.sal_rule_categ_tax_bonus_poly"/>
            <field name="convention_id" ref="its_hr_convention.convention_polygraphique"/>
            <field name="active" eval="True"/>
            <field name="accessory" eval="True"/>
            <field name="charge" eval="False"/>
            <field name="net" eval="False"/>
            <field name="condition_select">none</field>
            <field name="amount_select">code</field>
            <field name="amount_python_compute">result = employee.get_overtime(20, payslip.date_from, payslip.date_to) * 0.2 * (contract.wage / 173.33)</field>
            <field name="account_debit" ref=""/>
            <field name="account_credit" ref=""/>
            <field name="account_tax_id" ref=""/>
        </record>

        <record id="its_hr_payroll_extend.salary_rule003_polygraphique_03" model="hr.salary.rule">
            <field name="name">Overtime 30%</field>
            <field name="code">POLYOVERTIME30</field>
            <field name="sequence" eval="3"/>
            <field name="appears_on_payslip" eval="True"/>
            <field name="category_id" ref="its_hr_payroll_extend.sal_rule_categ_tax_bonus_poly"/>
            <field name="convention_id" ref="its_hr_convention.convention_polygraphique"/>
            <field name="active" eval="True"/>
            <field name="accessory" eval="True"/>
            <field name="charge" eval="False"/>
            <field name="net" eval="False"/>
            <field name="condition_select">none</field>
            <field name="amount_select">code</field>
            <field name="amount_python_compute">result = employee.get_overtime(30, payslip.date_from, payslip.date_to) * 0.3 * (contract.wage / 173.33)</field>
            <field name="account_debit" ref=""/>
            <field name="account_credit" ref=""/>
            <field name="account_tax_id" ref=""/>
        </record>

        <record id="its_hr_payroll_extend.salary_rule003_polygraphique_04" model="hr.salary.rule">
            <field name="name">Overtime 40%</field>
            <field name="code">POLYOVERTIME40</field>
            <field name="sequence" eval="3"/>
            <field name="appears_on_payslip" eval="True"/>
            <field name="category_id" ref="its_hr_payroll_extend.sal_rule_categ_tax_bonus_poly"/>
            <field name="convention_id" ref="its_hr_convention.convention_polygraphique"/>
            <field name="active" eval="True"/>
            <field name="accessory" eval="True"/>
            <field name="charge" eval="False"/>
            <field name="net" eval="False"/>
            <field name="condition_select">none</field>
            <field name="amount_select">code</field>
            <field name="amount_python_compute">result = employee.get_overtime(40, payslip.date_from, payslip.date_to) * 0.4 * (contract.wage / 173.33)</field>
            <field name="account_debit" ref=""/>
            <field name="account_credit" ref=""/>
            <field name="account_tax_id" ref=""/>
        </record>

        <record id="its_hr_payroll_extend.salary_rule003_polygraphique_045" model="hr.salary.rule">
            <field name="name">Overtime 45%</field>
            <field name="code">POLYOVERTIME45</field>
            <field name="sequence" eval="3"/>
            <field name="appears_on_payslip" eval="True"/>
            <field name="category_id" ref="its_hr_payroll_extend.sal_rule_categ_tax_bonus_poly"/>
            <field name="convention_id" ref="its_hr_convention.convention_polygraphique"/>
            <field name="active" eval="True"/>
            <field name="accessory" eval="True"/>
            <field name="charge" eval="False"/>
            <field name="net" eval="False"/>
            <field name="condition_select">none</field>
            <field name="amount_select">code</field>
            <field name="amount_python_compute">result = employee.get_overtime(45, payslip.date_from, payslip.date_to) * 0.45 * (contract.wage / 173.33)</field>
            <field name="account_debit" ref=""/>
            <field name="account_credit" ref=""/>
            <field name="account_tax_id" ref=""/>
        </record>

        <record id="its_hr_payroll_extend.salary_rule003_polygraphique_05" model="hr.salary.rule">
            <field name="name">Overtime 50%</field>
            <field name="code">POLYOVERTIME50</field>
            <field name="sequence">3</field>
            <field name="appears_on_payslip" eval="True"/>
            <field name="category_id" ref="its_hr_payroll_extend.sal_rule_categ_tax_bonus_poly"/>
            <field name="convention_id" ref="its_hr_convention.convention_polygraphique"/>
            <field name="active" eval="True"/>
            <field name="accessory" eval="True"/>
            <field name="charge" eval="False"/>
            <field name="net" eval="False"/>
            <field name="condition_select">none</field>
            <field name="amount_select">code</field>
            <field name="amount_python_compute">result = employee.get_overtime(50, payslip.date_from, payslip.date_to) * 0.5 * (contract.wage / 173.33)</field>
            <field name="account_debit" ref=""/>
            <field name="account_credit" ref=""/>
            <field name="account_tax_id" ref=""/>
        </record>

        <record id="its_hr_payroll_extend.salary_rule003_polygraphique_06" model="hr.salary.rule">
            <field name="name">Overtime 60%</field>
            <field name="code">POLYOVERTIME60</field>
            <field name="sequence">3</field>
            <field name="appears_on_payslip" eval="True"/>
            <field name="category_id" ref="its_hr_payroll_extend.sal_rule_categ_tax_bonus_poly"/>
            <field name="convention_id" ref="its_hr_convention.convention_polygraphique"/>
            <field name="active" eval="True"/>
            <field name="accessory" eval="True"/>
            <field name="charge" eval="False"/>
            <field name="net" eval="False"/>
            <field name="condition_select">none</field>
            <field name="amount_select">code</field>
            <field name="amount_python_compute">result = employee.get_overtime(60, payslip.date_from, payslip.date_to) * 0.6 * (contract.wage / 173.33)</field>
            <field name="account_debit" ref=""/>
            <field name="account_credit" ref=""/>
            <field name="account_tax_id" ref=""/>
        </record>

        <record id="its_hr_payroll_extend.salary_rule003_polygraphique_07" model="hr.salary.rule">
            <field name="name">Overtime 70%</field>
            <field name="code">POLYOVERTIME70</field>
            <field name="sequence">3</field>
            <field name="appears_on_payslip" eval="True"/>
            <field name="category_id" ref="its_hr_payroll_extend.sal_rule_categ_tax_bonus_poly"/>
            <field name="convention_id" ref="its_hr_convention.convention_polygraphique"/>
            <field name="active" eval="True"/>
            <field name="accessory" eval="True"/>
            <field name="charge" eval="False"/>
            <field name="net" eval="False"/>
            <field name="condition_select">none</field>
            <field name="amount_select">code</field>
            <field name="amount_python_compute">result = employee.get_overtime(70, payslip.date_from, payslip.date_to) * 0.7 * (contract.wage / 173.33)</field>
            <field name="account_debit" ref=""/>
            <field name="account_credit" ref=""/>
            <field name="account_tax_id" ref=""/>
        </record>

        <record id="its_hr_payroll_extend.salary_rule003_polygraphique_08" model="hr.salary.rule">
            <field name="name">Overtime 80%</field>
            <field name="code">POLYOVERTIME80</field>
            <field name="sequence">3</field>
            <field name="appears_on_payslip" eval="True"/>
            <field name="category_id" ref="its_hr_payroll_extend.sal_rule_categ_tax_bonus_poly"/>
            <field name="convention_id" ref="its_hr_convention.convention_polygraphique"/>
            <field name="active" eval="True"/>
            <field name="accessory" eval="True"/>
            <field name="charge" eval="False"/>
            <field name="net" eval="False"/>
            <field name="condition_select">none</field>
            <field name="amount_select">code</field>
            <field name="amount_python_compute">result = employee.get_overtime(80, payslip.date_from, payslip.date_to) * 0.8 * (contract.wage / 173.33)</field>
            <field name="account_debit" ref=""/>
            <field name="account_credit" ref=""/>
            <field name="account_tax_id" ref=""/>
        </record>

        <record id="its_hr_payroll_extend.salary_rule003_polygraphique_09" model="hr.salary.rule">
            <field name="name">Overtime 90%</field>
            <field name="code">POLYOVERTIME90</field>
            <field name="sequence">3</field>
            <field name="appears_on_payslip" eval="True"/>
            <field name="category_id" ref="its_hr_payroll_extend.sal_rule_categ_tax_bonus_poly"/>
            <field name="convention_id" ref="its_hr_convention.convention_polygraphique"/>
            <field name="active" eval="True"/>
            <field name="accessory" eval="True"/>
            <field name="charge" eval="False"/>
            <field name="net" eval="False"/>
            <field name="condition_select">none</field>
            <field name="amount_select">code</field>
            <field name="amount_python_compute">result = employee.get_overtime(90, payslip.date_from, payslip.date_to) * 0.9 * (contract.wage / 173.33)</field>
            <field name="account_debit" ref=""/>
            <field name="account_credit" ref=""/>
            <field name="account_tax_id" ref=""/>
        </record>

        <record id="its_hr_payroll_extend.salary_rule004_polygraphique" model="hr.salary.rule">
            <field name="name">Overtime 100%</field>
            <field name="code">POLYOVERTIME100</field>
            <field name="sequence">4</field>
            <field name="appears_on_payslip" eval="True"/>
            <field name="category_id" ref="its_hr_payroll_extend.sal_rule_categ_tax_bonus_poly"/>
            <field name="convention_id" ref="its_hr_convention.convention_polygraphique"/>
            <field name="active" eval="True"/>
            <field name="accessory" eval="True"/>
            <field name="charge" eval="False"/>
            <field name="net" eval="False"/>
            <field name="condition_select">none</field>
            <field name="amount_select">code</field>
            <field name="amount_python_compute">result = employee.get_overtime(100, payslip.date_from, payslip.date_to) * (contract.wage / 173.33)</field>
            <field name="account_debit" ref=""/>
            <field name="account_credit" ref=""/>
            <field name="account_tax_id" ref=""/>
        </record>

        <record id="its_hr_payroll_extend.salary_rule005_polygraphique" model="hr.salary.rule">
            <field name="name">Cashier bounty</field>
            <field name="code">POLYCASHBOUNT</field>
            <field name="sequence">5</field>
            <field name="appears_on_payslip" eval="True"/>
            <field name="category_id" ref="its_hr_payroll_extend.sal_rule_categ_tax_bonus_poly"/>
            <field name="convention_id" ref="its_hr_convention.convention_polygraphique"/>
            <field name="active" eval="True"/>
            <field name="accessory" eval="True"/>
            <field name="charge" eval="False"/>
            <field name="net" eval="False"/>
            <field name="condition_select">none</field>
            <field name="amount_select">code</field>
            <field name="amount_python_compute">result = payslip.prorata * (employee.get_rule_value('POLYCASHBOUNT', payslip.date_from, payslip.date_to))</field>
            <field name="account_debit" ref=""/>
            <field name="account_credit" ref=""/>
            <field name="account_tax_id" ref=""/>
        </record>

<!--        <record id="its_hr_payroll_extend.salary_rule006_polygraphique" model="hr.salary.rule">-->
<!--            <field name="name">Store bounty</field>-->
<!--            <field name="code">POLYSTOREBOUNT</field>-->
<!--            <field name="sequence">6</field>-->
<!--            <field name="appears_on_payslip" eval="True"/>-->
<!--            <field name="category_id" ref="its_hr_payroll_extend.salary_rule_category007_polygraphique"/>-->
<!--            <field name="convention_id" ref="its_hr_convention.convention_polygraphique"/>-->
<!--            <field name="active" eval="True"/>-->
<!--            <field name="accessory" eval="True"/>-->
<!--            <field name="charge" eval="False"/>-->
<!--            <field name="net" eval="False"/>-->
<!--            <field name="condition_select">none</field>-->
<!--            <field name="amount_select">code</field>-->
<!--            <field name="amount_python_compute">result = payslip.prorata * (employee.get_rule_value('POLYSTOREBOUNT', payslip.date_from, payslip.date_to))</field>-->
<!--            <field name="account_debit" ref=""/>-->
<!--            <field name="account_credit" ref=""/>-->
<!--            <field name="account_tax_id" ref=""/>-->
<!--        </record>-->

        <record id="its_hr_payroll_extend.salary_rule007_polygraphique" model="hr.salary.rule">
            <field name="name">Performance bounty</field>
            <field name="code">POLYPERFBOUNT</field>
            <field name="sequence">7</field>
            <field name="appears_on_payslip" eval="True"/>
            <field name="category_id" ref="its_hr_payroll_extend.sal_rule_categ_tax_bonus_poly"/>
            <field name="convention_id" ref="its_hr_convention.convention_polygraphique"/>
            <field name="active" eval="True"/>
            <field name="accessory" eval="True"/>
            <field name="charge" eval="False"/>
            <field name="net" eval="False"/>
            <field name="condition_select">none</field>
            <field name="amount_select">code</field>
            <field name="amount_python_compute">result = payslip.prorata * (employee.get_rule_value('POLYPERFBOUNT', payslip.date_from, payslip.date_to))</field>
            <field name="account_debit" ref=""/>
            <field name="account_credit" ref=""/>
            <field name="account_tax_id" ref=""/>
        </record>

        <record id="its_hr_payroll_extend.salary_rule008_polygraphique" model="hr.salary.rule">
            <field name="name">Subjection or management bounty</field>
            <field name="code">POLYSUBJBOUNT</field>
            <field name="sequence">8</field>
            <field name="appears_on_payslip" eval="True"/>
            <field name="category_id" ref="its_hr_payroll_extend.sal_rule_categ_tax_bonus_poly"/>
            <field name="convention_id" ref="its_hr_convention.convention_polygraphique"/>
            <field name="active" eval="True"/>
            <field name="accessory" eval="True"/>
            <field name="charge" eval="False"/>
            <field name="net" eval="False"/>
            <field name="condition_select">none</field>
            <field name="amount_select">code</field>
            <field name="amount_python_compute">result = payslip.prorata * (employee.get_rule_value('POLYSUBJBOUNT', payslip.date_from, payslip.date_to))</field>
            <field name="account_debit" ref=""/>
            <field name="account_credit" ref=""/>
            <field name="account_tax_id" ref=""/>
        </record>

        <record id="its_hr_payroll_extend.salary_rule009_polygraphique" model="hr.salary.rule">
            <field name="name">Gratification</field>
            <field name="code">POLYGRATIF</field>
            <field name="sequence">9</field>
            <field name="appears_on_payslip" eval="True"/>
            <field name="category_id" ref="its_hr_payroll_extend.sal_rule_categ_tax_bonus_poly"/>
            <field name="convention_id" ref="its_hr_convention.convention_polygraphique"/>
            <field name="active" eval="True"/>
            <field name="accessory" eval="True"/>
            <field name="exceptional_salary" eval="True"/>
            <field name="charge" eval="False"/>
            <field name="net" eval="False"/>
            <field name="condition_select">none</field>
            <field name="amount_select">code</field>
            <field name="amount_python_compute">result = (payslip.salary_type == 'holiday') and 0.0 or employee.get_rule_value('POLYGRATIF', payslip.date_from, payslip.date_to)</field>
            <field name="account_debit" ref=""/>
            <field name="account_credit" ref=""/>
            <field name="account_tax_id" ref=""/>
        </record>

        <record id="its_hr_payroll_extend.salary_rule010_polygraphique" model="hr.salary.rule">
            <field name="name">13th Month</field>
            <field name="code">POLY13TH</field>
            <field name="sequence">10</field>
            <field name="appears_on_payslip" eval="True"/>
            <field name="category_id" ref="its_hr_payroll_extend.sal_rule_categ_tax_bonus_poly"/>
            <field name="convention_id" ref="its_hr_convention.convention_polygraphique"/>
            <field name="active" eval="True"/>
            <field name="accessory" eval="True"/>
            <field name="exceptional_salary" eval="True"/>
            <field name="charge" eval="False"/>
            <field name="net" eval="False"/>
            <field name="condition_select">none</field>
            <field name="amount_select">code</field>
            <field name="amount_python_compute">result = employee.get_rule_value('POLY13TH', payslip.date_from, payslip.date_to)</field>
            <field name="account_debit" ref=""/>
            <field name="account_credit" ref=""/>
            <field name="account_tax_id" ref=""/>
        </record>

        <record id="its_hr_payroll_extend.salary_rule011_polygraphique" model="hr.salary.rule">
            <field name="name">Leaves</field>
            <field name="code">POLYLEAVE</field>
            <field name="sequence">11</field>
            <field name="appears_on_payslip" eval="True"/>
            <field name="category_id" ref="its_hr_payroll_extend.sal_rule_categ_tax_bonus_poly"/>
            <field name="convention_id" ref="its_hr_convention.convention_polygraphique"/>
            <field name="active" eval="True"/>
            <field name="accessory" eval="True"/>
            <field name="exceptional_salary" eval="True"/>
            <field name="charge" eval="False"/>
            <field name="net" eval="False"/>
            <field name="condition_select">none</field>
            <field name="amount_select">code</field>
            <!--<field name="amount_python_compute">
                result = employee.thirty_bounty
            </field>-->
            <field name="account_debit" ref=""/>
            <field name="account_credit" ref=""/>
            <field name="account_tax_id" ref=""/>
        </record>

        <record id="its_hr_payroll_extend.salary_rule012_polygraphique" model="hr.salary.rule">
            <field name="name">Risk Bounty</field>
            <field name="code">POLYRISK</field>
            <field name="sequence">12</field>
            <field name="appears_on_payslip" eval="True"/>
            <field name="category_id" ref="its_hr_payroll_extend.sal_rule_categ_tax_bonus_poly"/>
            <field name="convention_id" ref="its_hr_convention.convention_polygraphique"/>
            <field name="active" eval="True"/>
            <field name="accessory" eval="True"/>
            <field name="charge" eval="False"/>
            <field name="net" eval="False"/>
            <field name="condition_select">none</field>
            <field name="amount_select">code</field>
            <field name="amount_python_compute">result = payslip.prorata * (employee.get_rule_value('POLYRISK', payslip.date_from, payslip.date_to))</field>
            <field name="account_debit" ref=""/>
            <field name="account_credit" ref=""/>
            <field name="account_tax_id" ref=""/>
        </record>

<!--        <record id="its_hr_payroll_extend.salary_rule013_polygraphique" model="hr.salary.rule">-->
<!--            <field name="name">Balance Sheet Bounty</field>-->
<!--            <field name="code">POLYBALANCE</field>-->
<!--            <field name="sequence">13</field>-->
<!--            <field name="appears_on_payslip" eval="True"/>-->
<!--            <field name="category_id" ref="its_hr_payroll_extend.salary_rule_category012_polygraphique"/>-->
<!--            <field name="convention_id" ref="its_hr_convention.convention_polygraphique"/>-->
<!--            <field name="active" eval="True"/>-->
<!--            <field name="accessory" eval="True"/>-->
<!--            <field name="exceptional_salary" eval="True"/>-->
<!--            <field name="charge" eval="False"/>-->
<!--            <field name="net" eval="False"/>-->
<!--            <field name="condition_select">none</field>-->
<!--            <field name="amount_select">code</field>-->
<!--            <field name="amount_python_compute">result = employee.get_rule_value('POLYBALANCE', payslip.date_from, payslip.date_to)</field>-->
<!--            <field name="account_debit" ref=""/>-->
<!--            <field name="account_credit" ref=""/>-->
<!--            <field name="account_tax_id" ref=""/>-->
<!--        </record>-->

        <record id="its_hr_payroll_extend.salary_rule014_polygraphique" model="hr.salary.rule">
            <field name="name">Representation Indemnity</field>
            <field name="code">POLYREPRES</field>
            <field name="sequence">14</field>
            <field name="appears_on_payslip" eval="True"/>
            <field name="category_id" ref="its_hr_payroll_extend.sal_rule_categ_tax_exempt_indemnitie_poly"/>
            <field name="convention_id" ref="its_hr_convention.convention_polygraphique"/>
            <field name="active" eval="True"/>
            <field name="accessory" eval="True"/>
            <field name="charge" eval="False"/>
            <field name="net" eval="False"/>
            <field name="condition_select">none</field>
            <field name="amount_select">code</field>
            <field name="amount_python_compute">result = (payslip.salary_type == 'holiday') and 0.0 or payslip.prorata * (employee.get_rule_value('POLYREPRES', payslip.date_from, payslip.date_to))</field>
            <field name="account_debit" ref=""/>
            <field name="account_credit" ref=""/>
            <field name="account_tax_id" ref=""/>
        </record>

        <record id="its_hr_payroll_extend.salary_rule015_polygraphique" model="hr.salary.rule">
            <field name="name">Dirty Indemnity</field>
            <field name="code">POLYDIRTY</field>
            <field name="sequence">15</field>
            <field name="appears_on_payslip" eval="True"/>
            <field name="category_id" ref="its_hr_payroll_extend.sal_rule_categ_tax_exempt_indemnitie_poly"/>
            <field name="convention_id" ref="its_hr_convention.convention_polygraphique"/>
            <field name="active" eval="True"/>
            <field name="accessory" eval="True"/>
            <field name="charge" eval="False"/>
            <field name="net" eval="False"/>
            <field name="condition_select">none</field>
            <field name="amount_select">code</field>
            <field name="amount_python_compute">result = (payslip.salary_type == 'holiday') and 0.0 or payslip.prorata * (employee.get_rule_value('POLYDIRTY', payslip.date_from, payslip.date_to))</field>
            <field name="account_debit" ref=""/>
            <field name="account_credit" ref=""/>
            <field name="account_tax_id" ref=""/>
        </record>

        <record id="its_hr_payroll_extend.salary_rule016_polygraphique" model="hr.salary.rule">
            <field name="name">Vehicle or others machines Indemnity</field>
            <field name="code">POLYVEHMACH</field>
            <field name="sequence">16</field>
            <field name="appears_on_payslip" eval="True"/>
            <field name="category_id" ref="its_hr_payroll_extend.sal_rule_categ_tax_exempt_indemnitie_poly"/>
            <field name="convention_id" ref="its_hr_convention.convention_polygraphique"/>
            <field name="active" eval="True"/>
            <field name="accessory" eval="True"/>
            <field name="charge" eval="False"/>
            <field name="net" eval="False"/>
            <field name="condition_select">none</field>
            <field name="amount_select">code</field>
            <field name="amount_python_compute">result = payslip.prorata * (employee.get_rule_value('POLYVEHMACH', payslip.date_from, payslip.date_to))</field>
            <field name="account_debit" ref=""/>
            <field name="account_credit" ref=""/>
            <field name="account_tax_id" ref=""/>
        </record>

        <record id="its_hr_payroll_extend.salary_rule017_polygraphique" model="hr.salary.rule">
            <field name="name">Individual tool box bounty</field>
            <field name="code">POLYTOOLBOX</field>
            <field name="sequence">17</field>
            <field name="appears_on_payslip" eval="True"/>
            <field name="category_id" ref="its_hr_payroll_extend.sal_rule_categ_tax_exempt_indemnitie_poly"/>
            <field name="convention_id" ref="its_hr_convention.convention_polygraphique"/>
            <field name="active" eval="True"/>
            <field name="accessory" eval="True"/>
            <field name="charge" eval="False"/>
            <field name="net" eval="False"/>
            <field name="condition_select">none</field>
            <field name="amount_select">code</field>
            <field name="amount_python_compute">result = payslip.prorata * (employee.get_rule_value('POLYTOOLBOX', payslip.date_from, payslip.date_to))</field>
            <field name="account_debit" ref=""/>
            <field name="account_credit" ref=""/>
            <field name="account_tax_id" ref=""/>
        </record>

        <record id="its_hr_payroll_extend.salary_rule018_polygraphique" model="hr.salary.rule">
            <field name="name">Travel Indemnity</field>
            <field name="code">POLYTRAVEL</field>
            <field name="sequence">18</field>
            <field name="appears_on_payslip" eval="True"/>
            <field name="category_id" ref="its_hr_payroll_extend.sal_rule_categ_tax_exempt_indemnitie_poly"/>
            <field name="convention_id" ref="its_hr_convention.convention_polygraphique"/>
            <field name="active" eval="True"/>
            <field name="accessory" eval="True"/>
            <field name="charge" eval="False"/>
            <field name="net" eval="False"/>
            <field name="condition_select">none</field>
            <field name="amount_select">code</field>
            <field name="amount_python_compute">result = (payslip.salary_type == 'holiday') and 0.0 or employee.get_rule_value('POLYTRAVEL', payslip.date_from, payslip.date_to)</field>
            <field name="account_debit" ref=""/>
            <field name="account_credit" ref=""/>
            <field name="account_tax_id" ref=""/>
        </record>

        <record id="its_hr_payroll_extend.salary_rule019_polygraphique" model="hr.salary.rule">
            <field name="name">Travel related to the function Indemnity</field>
            <field name="code">POLYTRAVELFUNCT</field>
            <field name="sequence">19</field>
            <field name="appears_on_payslip" eval="True"/>
            <field name="category_id" ref="its_hr_payroll_extend.sal_rule_categ_tax_exempt_indemnitie_poly"/>
            <field name="convention_id" ref="its_hr_convention.convention_polygraphique"/>
            <field name="active" eval="True"/>
            <field name="accessory" eval="True"/>
            <field name="charge" eval="False"/>
            <field name="net" eval="False"/>
            <field name="condition_select">none</field>
            <field name="amount_select">code</field>
            <field name="amount_python_compute">result = (payslip.salary_type == 'holiday') and 0.0 or employee.get_rule_value('POLYTRAVELFUNCT', payslip.date_from, payslip.date_to)</field>
            <field name="account_debit" ref=""/>
            <field name="account_credit" ref=""/>
            <field name="account_tax_id" ref=""/>
        </record>

<!--&lt;!&ndash;        <record id="its_hr_payroll_extend.salary_rule020_polygraphique" model="hr.salary.rule">&ndash;&gt;-->
<!--&lt;!&ndash;            <field name="name">Short-term Travel Indemnity</field>&ndash;&gt;-->
<!--&lt;!&ndash;            <field name="code">POLYTRAVELSHORT</field>&ndash;&gt;-->
<!--&lt;!&ndash;            <field name="sequence">20</field>&ndash;&gt;-->
<!--&lt;!&ndash;            <field name="appears_on_payslip" eval="True"/>&ndash;&gt;-->
<!--&lt;!&ndash;            <field name="category_id" ref="its_hr_payroll_extend.salary_rule_category016_polygraphique"/>&ndash;&gt;-->
<!--&lt;!&ndash;            <field name="convention_id" ref="its_hr_convention.convention_polygraphique"/>&ndash;&gt;-->
<!--&lt;!&ndash;            <field name="active" eval="True"/>&ndash;&gt;-->
<!--&lt;!&ndash;            <field name="accessory" eval="True"/>&ndash;&gt;-->
<!--&lt;!&ndash;            <field name="charge" eval="False"/>&ndash;&gt;-->
<!--&lt;!&ndash;            <field name="net" eval="False"/>&ndash;&gt;-->
<!--&lt;!&ndash;            <field name="condition_select">none</field>&ndash;&gt;-->
<!--&lt;!&ndash;            <field name="amount_select">code</field>&ndash;&gt;-->
<!--&lt;!&ndash;            <field name="amount_python_compute">result = (payslip.salary_type == 'holiday') and 0.0 or employee.get_rule_value('POLYTRAVELSHORT', payslip.date_from, payslip.date_to)</field>&ndash;&gt;-->
<!--&lt;!&ndash;            <field name="account_debit" ref=""/>&ndash;&gt;-->
<!--&lt;!&ndash;            <field name="account_credit" ref=""/>&ndash;&gt;-->
<!--&lt;!&ndash;            <field name="account_tax_id" ref=""/>&ndash;&gt;-->
<!--&lt;!&ndash;        </record>&ndash;&gt;-->

<!--&lt;!&ndash;        <record id="its_hr_payroll_extend.salary_rule021_polygraphique" model="hr.salary.rule">&ndash;&gt;-->
<!--&lt;!&ndash;            <field name="name">Basket bounty</field>&ndash;&gt;-->
<!--&lt;!&ndash;            <field name="code">POLYBASKET</field>&ndash;&gt;-->
<!--&lt;!&ndash;            <field name="sequence">21</field>&ndash;&gt;-->
<!--&lt;!&ndash;            <field name="appears_on_payslip" eval="True"/>&ndash;&gt;-->
<!--&lt;!&ndash;            <field name="category_id" ref="its_hr_payroll_extend.salary_rule_category004_polygraphique"/>&ndash;&gt;-->
<!--&lt;!&ndash;            <field name="convention_id" ref="its_hr_convention.convention_polygraphique"/>&ndash;&gt;-->
<!--&lt;!&ndash;            <field name="active" eval="True"/>&ndash;&gt;-->
<!--&lt;!&ndash;            <field name="accessory" eval="True"/>&ndash;&gt;-->
<!--&lt;!&ndash;            <field name="charge" eval="False"/>&ndash;&gt;-->
<!--&lt;!&ndash;            <field name="net" eval="False"/>&ndash;&gt;-->
<!--&lt;!&ndash;            <field name="condition_select">none</field>&ndash;&gt;-->
<!--&lt;!&ndash;            <field name="amount_select">code</field>&ndash;&gt;-->
<!--&lt;!&ndash;            <field name="amount_python_compute">result = (payslip.salary_type == 'holiday') and 0.0 or payslip.prorata * (employee.get_rule_value('POLYBASKET', payslip.date_from, payslip.date_to))</field>&ndash;&gt;-->
<!--&lt;!&ndash;            <field name="account_debit" ref=""/>&ndash;&gt;-->
<!--&lt;!&ndash;            <field name="account_credit" ref=""/>&ndash;&gt;-->
<!--&lt;!&ndash;            <field name="account_tax_id" ref=""/>&ndash;&gt;-->
<!--&lt;!&ndash;        </record>&ndash;&gt;-->

        <record id="its_hr_payroll_extend.salary_rule023_polygraphique" model="hr.salary.rule">
            <field name="name">Good Separation bounty</field>
            <field name="code">POLYGOODSEPAR</field>
            <field name="sequence">23</field>
            <field name="appears_on_payslip" eval="True"/>
            <field name="category_id" ref="its_hr_payroll_extend.sal_rule_categ_tax_bonus_poly"/>
            <field name="convention_id" ref="its_hr_convention.convention_polygraphique"/>
            <field name="active" eval="True"/>
            <field name="accessory" eval="True"/>
            <field name="exceptional_salary" eval="True"/>
            <field name="charge" eval="False"/>
            <field name="net" eval="False"/>
            <field name="condition_select">none</field>
            <field name="amount_select">code</field>
            <field name="amount_python_compute">result = employee.get_rule_value('POLYGOODSEPAR', payslip.date_from, payslip.date_to)</field>
            <field name="account_debit" ref=""/>
            <field name="account_credit" ref=""/>
            <field name="account_tax_id" ref=""/>
        </record>

        <record id="its_hr_payroll_extend.salary_rule024_polygraphique" model="hr.salary.rule">
            <field name="name">Transport Indemnity</field>
            <field name="code">POLYTRANSPORT</field>
            <field name="sequence">24</field>
            <field name="appears_on_payslip" eval="True"/>
            <field name="category_id" ref="its_hr_payroll_extend.sal_rule_categ_partial_tax_indemnity_poly"/>
            <field name="convention_id" ref="its_hr_convention.convention_polygraphique"/>
            <field name="active" eval="True"/>
            <field name="accessory" eval="True"/>
            <field name="charge" eval="False"/>
            <field name="net" eval="False"/>
            <field name="condition_select">none</field>
            <field name="amount_select">code</field>
            <field name="amount_python_compute">result = (payslip.salary_type == 'holiday') and 0.0 or payslip.prorata * (employee.get_rule_value('POLYTRANSPORT', payslip.date_from, payslip.date_to))</field>
            <field name="account_debit" ref=""/>
            <field name="account_credit" ref=""/>
            <field name="account_tax_id" ref=""/>
        </record>

        <record id="its_hr_payroll_extend.salary_rule025_polygraphique" model="hr.salary.rule">
            <field name="name">Water Indemnity</field>
            <field name="code">POLYWATER</field>
            <field name="sequence">25</field>
            <field name="appears_on_payslip" eval="True"/>
            <field name="category_id" ref="its_hr_payroll_extend.sal_rule_categ_partial_tax_indemnity_poly"/>
            <field name="convention_id" ref="its_hr_convention.convention_polygraphique"/>
            <field name="active" eval="True"/>
            <field name="accessory" eval="True"/>
            <field name="charge" eval="False"/>
            <field name="net" eval="False"/>
            <field name="condition_select">none</field>
            <field name="amount_select">code</field>
            <field name="amount_python_compute">result = payslip.prorata * (employee.get_rule_value('POLYWATER', payslip.date_from, payslip.date_to))</field>
            <field name="account_debit" ref=""/>
            <field name="account_credit" ref=""/>
            <field name="account_tax_id" ref=""/>
        </record>


        <record id="its_hr_payroll_extend.salary_rule027_polygraphique" model="hr.salary.rule">
            <field name="name">Electricity Indemnity</field>
            <field name="code">POLYELECT</field>
            <field name="sequence">27</field>
            <field name="appears_on_payslip" eval="True"/>
            <field name="category_id" ref="its_hr_payroll_extend.sal_rule_categ_partial_tax_indemnity_poly"/>
            <field name="convention_id" ref="its_hr_convention.convention_polygraphique"/>
            <field name="active" eval="True"/>
            <field name="accessory" eval="True"/>
            <field name="charge" eval="False"/>
            <field name="net" eval="False"/>
            <field name="condition_select">none</field>
            <field name="amount_select">code</field>
            <field name="amount_python_compute">result = payslip.prorata * (employee.get_rule_value('POLYELECT', payslip.date_from, payslip.date_to))</field>
            <field name="account_debit" ref=""/>
            <field name="account_credit" ref=""/>
            <field name="account_tax_id" ref=""/>
        </record>

        <record id="its_hr_payroll_extend.salary_rule028_polygraphique" model="hr.salary.rule">
            <field name="name">Maid Indemnity</field>
            <field name="code">POLYMAID</field>
            <field name="sequence">28</field>
            <field name="appears_on_payslip" eval="True"/>
            <field name="category_id" ref="its_hr_payroll_extend.sal_rule_categ_partial_tax_indemnity_poly"/>
            <field name="convention_id" ref="its_hr_convention.convention_polygraphique"/>
            <field name="active" eval="True"/>
            <field name="accessory" eval="True"/>
            <field name="charge" eval="False"/>
            <field name="net" eval="False"/>
            <field name="condition_select">none</field>
            <field name="amount_select">code</field>
            <field name="amount_python_compute">result = payslip.prorata * (employee.get_rule_value('POLYMAID', payslip.date_from, payslip.date_to))</field>
            <field name="account_debit" ref=""/>
            <field name="account_credit" ref=""/>
            <field name="account_tax_id" ref=""/>
        </record>

        <record id="its_hr_payroll_extend.salary_rule022_polygraphique" model="hr.salary.rule">
            <field name="name">Housing Indemnity</field>
            <field name="code">POLYHOUSING</field>
            <field name="sequence">22</field>
            <field name="appears_on_payslip" eval="True"/>
            <field name="category_id" ref="its_hr_payroll_extend.sal_rule_categ_partial_tax_indemnity_poly"/>
            <field name="convention_id" ref="its_hr_convention.convention_polygraphique"/>
            <field name="active" eval="True"/>
            <field name="accessory" eval="True"/>
            <field name="charge" eval="False"/>
            <field name="net" eval="False"/>
            <field name="condition_select">none</field>
            <field name="amount_select">code</field>
            <field name="amount_python_compute">result = (payslip.salary_type == 'holiday') and 0.0 or payslip.prorata * (employee.get_rule_value('POLYHOUSING', payslip.date_from, payslip.date_to))</field>
            <field name="account_debit" ref=""/>
            <field name="account_credit" ref=""/>
            <field name="account_tax_id" ref=""/>
        </record>

        <record id="its_hr_payroll_extend.salary_rule029_polygraphique" model="hr.salary.rule">
            <field name="name">Vehicle Indemnity</field>
            <field name="code">POLYVEHICLE</field>
            <field name="sequence">29</field>
            <field name="appears_on_payslip" eval="True"/>
            <field name="category_id" ref="its_hr_payroll_extend.sal_rule_categ_partial_tax_indemnity_poly"/>
            <field name="convention_id" ref="its_hr_convention.convention_polygraphique"/>
            <field name="active" eval="True"/>
            <field name="accessory" eval="True"/>
            <field name="charge" eval="False"/>
            <field name="net" eval="False"/>
            <field name="condition_select">none</field>
            <field name="amount_select">code</field>
            <field name="amount_python_compute">result = (payslip.salary_type == 'holiday') and 0.0 or payslip.prorata * (employee.get_rule_value('POLYMAID', payslip.date_from, payslip.date_to))</field>
            <field name="account_debit" ref=""/>
            <field name="account_credit" ref=""/>
            <field name="account_tax_id" ref=""/>
        </record>

        <record id="its_hr_payroll_extend.salary_rule030_polygraphique" model="hr.salary.rule">
            <field name="name">Water Tax Indemnity</field>
            <field name="code">POLYWATERTAX</field>
            <field name="sequence">30</field>
            <field name="appears_on_payslip" eval="True"/>
            <field name="category_id" ref="its_hr_payroll_extend.sal_rule_categ_partial_tax_indemnity_poly"/>
            <field name="convention_id" ref="its_hr_convention.convention_polygraphique"/>
            <field name="active" eval="True"/>
            <field name="accessory" eval="False"/>
            <field name="charge" eval="False"/>
            <field name="net" eval="False"/>
            <field name="condition_select">none</field>
            <field name="amount_select">code</field>
            <field name="amount_python_compute">water = categories.POLYCATREF * 0.02
real_water = categories.POLYCATWATERINDEMN
if real_water > water: result = water
else: result = real_water
            </field>
            <field name="account_debit" ref=""/>
            <field name="account_credit" ref=""/>
            <field name="account_tax_id" ref=""/>
        </record>

        <record id="its_hr_payroll_extend.salary_rule031_polygraphique" model="hr.salary.rule">
            <field name="name">Food Tax Indemnity</field>
            <field name="code">POLYFOODTAX</field>
            <field name="sequence">31</field>
            <field name="appears_on_payslip" eval="True"/>
            <field name="category_id" ref="its_hr_payroll_extend.sal_rule_categ_partial_tax_indemnity_poly"/>
            <field name="convention_id" ref="its_hr_convention.convention_polygraphique"/>
            <field name="active" eval="True"/>
            <field name="accessory" eval="False"/>
            <field name="charge" eval="False"/>
            <field name="net" eval="False"/>
            <field name="condition_select">none</field>
            <field name="amount_select">code</field>
            <field name="amount_python_compute">food = categories.POLYCATREF * 0.1
real_food = categories.POLYCATFOODINDEMN
if real_food > food: result = food
else: result = real_food</field>
            <field name="account_debit" ref=""/>
            <field name="account_credit" ref=""/>
            <field name="account_tax_id" ref=""/>
        </record>

        <record id="its_hr_payroll_extend.salary_rule032_polygraphique" model="hr.salary.rule">
            <field name="name">Electricity Tax Indemnity</field>
            <field name="code">POLYELECTTAX</field>
            <field name="sequence">32</field>
            <field name="appears_on_payslip" eval="True"/>
            <field name="category_id" ref="its_hr_payroll_extend.sal_rule_categ_partial_tax_indemnity_poly"/>
            <field name="convention_id" ref="its_hr_convention.convention_polygraphique"/>
            <field name="active" eval="True"/>
            <field name="accessory" eval="False"/>
            <field name="charge" eval="False"/>
            <field name="net" eval="False"/>
            <field name="condition_select">none</field>
            <field name="amount_select">code</field>
            <field name="amount_python_compute">elec = categories.POLYCATREF * 0.04
real_elec = categories.POLYCATELECTINDEMN
if real_elec > elec: result = elec
else: result = real_elec</field>
            <field name="account_debit" ref=""/>
            <field name="account_credit" ref=""/>
            <field name="account_tax_id" ref=""/>
        </record>

<!--&lt;!&ndash;        <record id="its_hr_payroll_extend.salary_rule033_polygraphique" model="hr.salary.rule">&ndash;&gt;-->
<!--&lt;!&ndash;            <field name="name">Maid Tax Indemnity</field>&ndash;&gt;-->
<!--&lt;!&ndash;            <field name="code">POLYMAIDTAX</field>&ndash;&gt;-->
<!--&lt;!&ndash;            <field name="sequence">33</field>&ndash;&gt;-->
<!--&lt;!&ndash;            <field name="appears_on_payslip" eval="True"/>&ndash;&gt;-->
<!--&lt;!&ndash;            <field name="category_id" ref="its_hr_payroll_extend.salary_rule_category023_polygraphique"/>&ndash;&gt;-->
<!--&lt;!&ndash;            <field name="convention_id" ref="its_hr_convention.convention_polygraphique"/>&ndash;&gt;-->
<!--&lt;!&ndash;            <field name="active" eval="True"/>&ndash;&gt;-->
<!--&lt;!&ndash;            <field name="accessory" eval="False"/>&ndash;&gt;-->
<!--&lt;!&ndash;            <field name="charge" eval="False"/>&ndash;&gt;-->
<!--&lt;!&ndash;            <field name="net" eval="False"/>&ndash;&gt;-->
<!--&lt;!&ndash;            <field name="condition_select">none</field>&ndash;&gt;-->
<!--&lt;!&ndash;            <field name="amount_select">code</field>&ndash;&gt;-->
<!--&lt;!&ndash;            <field name="amount_python_compute">maid = categories.POLYCATREF * 0.05&ndash;&gt;-->
<!--&lt;!&ndash;                real_maid = categories.POLYCATMAIDINDEMN&ndash;&gt;-->
<!--&lt;!&ndash;                if real_maid > maid:&ndash;&gt;-->
<!--&lt;!&ndash;                result = maid&ndash;&gt;-->
<!--&lt;!&ndash;                else:&ndash;&gt;-->
<!--&lt;!&ndash;                result = real_maid</field>&ndash;&gt;-->
<!--&lt;!&ndash;            <field name="account_debit" ref=""/>&ndash;&gt;-->
<!--&lt;!&ndash;            <field name="account_credit" ref=""/>&ndash;&gt;-->
<!--&lt;!&ndash;            <field name="account_tax_id" ref=""/>&ndash;&gt;-->
<!--&lt;!&ndash;        </record>&ndash;&gt;-->

        <record id="its_hr_payroll_extend.salary_rule034_polygraphique" model="hr.salary.rule">
            <field name="name">Housing Tax Indemnity</field>
            <field name="code">POLYHOUSINGTAX</field>
            <field name="sequence">34</field>
            <field name="appears_on_payslip" eval="True"/>
            <field name="category_id" ref="its_hr_payroll_extend.sal_rule_categ_partial_tax_indemnity_poly"/>
            <field name="convention_id" ref="its_hr_convention.convention_polygraphique"/>
            <field name="active" eval="True"/>
            <field name="accessory" eval="False"/>
            <field name="charge" eval="False"/>
            <field name="net" eval="False"/>
            <field name="condition_select">none</field>
            <field name="amount_select">code</field>
            <field name="amount_python_compute">house = categories.POLYCATREF * 0.15
real_house = categories.POLYCATHOUSINDEMN
if real_house > house: result = house
else: result = real_house</field>
            <field name="account_debit" ref=""/>
            <field name="account_credit" ref=""/>
            <field name="account_tax_id" ref=""/>
        </record>

        <record id="its_hr_payroll_extend.salary_rule035_polygraphique" model="hr.salary.rule">
            <field name="name">Vehicle Tax Indemnity</field>
            <field name="code">POLYVEHICLETAX</field>
            <field name="sequence">35</field>
            <field name="appears_on_payslip" eval="True"/>
            <field name="category_id" ref="its_hr_payroll_extend.sal_rule_categ_partial_tax_indemnity_poly"/>
            <field name="convention_id" ref="its_hr_convention.convention_polygraphique"/>
            <field name="active" eval="True"/>
            <field name="accessory" eval="False"/>
            <field name="charge" eval="False"/>
            <field name="net" eval="False"/>
            <field name="condition_select">none</field>
            <field name="amount_select">code</field>
            <field name="amount_python_compute">vehicle = categories.POLYCATREF * 0.1
real_vehicle = categories.POLYCATVEHINDEMN
if real_vehicle > vehicle: result = vehicle
else: result = real_vehicle</field>
            <field name="account_debit" ref=""/>
            <field name="account_credit" ref=""/>
            <field name="account_tax_id" ref=""/>
        </record>

<!--        <record id="its_hr_payroll_extend.salary_rule036_polygraphique" model="hr.salary.rule">-->
<!--            <field name="name">Responsibility bounty</field>-->
<!--            <field name="code">POLYRESPONSIB</field>-->
<!--            <field name="sequence">36</field>-->
<!--            <field name="appears_on_payslip" eval="True"/>-->
<!--            <field name="category_id" ref="its_hr_payroll_extend.salary_rule_category002_polygraphique"/>-->
<!--            <field name="convention_id" ref="its_hr_convention.convention_polygraphique"/>-->
<!--            <field name="active" eval="True"/>-->
<!--            <field name="accessory" eval="True"/>-->
<!--            <field name="charge" eval="False"/>-->
<!--            <field name="net" eval="False"/>-->
<!--            <field name="condition_select">none</field>-->
<!--            <field name="amount_select">code</field>-->
<!--            <field name="amount_python_compute">result = employee.get_rule_value('POLYRESPONSIB', payslip.date_from, payslip.date_to)</field>-->
<!--            <field name="account_debit" ref=""/>-->
<!--            <field name="account_credit" ref=""/>-->
<!--            <field name="account_tax_id" ref=""/>-->
<!--        </record>-->

        <record id="its_hr_payroll_extend.salary_rule037_polygraphique" model="hr.salary.rule">
            <field name="name">Technicality bounty</field>
            <field name="code">POLYTECHNI</field>
            <field name="sequence">37</field>
            <field name="appears_on_payslip" eval="True"/>
            <field name="category_id" ref="its_hr_payroll_extend.sal_rule_categ_tax_bonus_poly"/>
            <field name="convention_id" ref="its_hr_convention.convention_polygraphique"/>
            <field name="active" eval="True"/>
            <field name="accessory" eval="True"/>
            <field name="charge" eval="False"/>
            <field name="net" eval="False"/>
            <field name="condition_select">none</field>
            <field name="amount_select">code</field>
            <field name="amount_python_compute">result = payslip.prorata * (employee.get_rule_value('POLYTECHNI', payslip.date_from, payslip.date_to))</field>
            <field name="account_debit" ref=""/>
            <field name="account_credit" ref=""/>
            <field name="account_tax_id" ref=""/>
        </record>

<!--&lt;!&ndash;        <record id="its_hr_payroll_extend.salary_rule038_polygraphique" model="hr.salary.rule">&ndash;&gt;-->
<!--&lt;!&ndash;            <field name="name">Telephone or internet charges</field>&ndash;&gt;-->
<!--&lt;!&ndash;            <field name="code">POLYTELINTERNET</field>&ndash;&gt;-->
<!--&lt;!&ndash;            <field name="sequence">38</field>&ndash;&gt;-->
<!--&lt;!&ndash;            <field name="appears_on_payslip" eval="True"/>&ndash;&gt;-->
<!--&lt;!&ndash;            <field name="category_id" ref="its_hr_payroll_extend.salary_rule_category042_polygraphique"/>&ndash;&gt;-->
<!--&lt;!&ndash;            <field name="convention_id" ref="its_hr_convention.convention_polygraphique"/>&ndash;&gt;-->
<!--&lt;!&ndash;            <field name="active" eval="True"/>&ndash;&gt;-->
<!--&lt;!&ndash;            <field name="accessory" eval="True"/>&ndash;&gt;-->
<!--&lt;!&ndash;            <field name="charge" eval="False"/>&ndash;&gt;-->
<!--&lt;!&ndash;            <field name="net" eval="False"/>&ndash;&gt;-->
<!--&lt;!&ndash;            <field name="condition_select">none</field>&ndash;&gt;-->
<!--&lt;!&ndash;            <field name="amount_select">code</field>&ndash;&gt;-->
<!--&lt;!&ndash;            <field name="amount_python_compute">result = employee.get_rule_value('POLYTELINTERNET', payslip.date_from, payslip.date_to)</field>&ndash;&gt;-->
<!--&lt;!&ndash;            <field name="account_debit" ref=""/>&ndash;&gt;-->
<!--&lt;!&ndash;            <field name="account_credit" ref=""/>&ndash;&gt;-->
<!--&lt;!&ndash;            <field name="account_tax_id" ref=""/>&ndash;&gt;-->
<!--&lt;!&ndash;        </record>&ndash;&gt;-->

<!--&lt;!&ndash;        <record id="its_hr_payroll_extend.salary_rule039_polygraphique" model="hr.salary.rule">&ndash;&gt;-->
<!--&lt;!&ndash;            <field name="name">Extra salary</field>&ndash;&gt;-->
<!--&lt;!&ndash;            <field name="code">POLYEXTSAL</field>&ndash;&gt;-->
<!--&lt;!&ndash;            <field name="sequence">39</field>&ndash;&gt;-->
<!--&lt;!&ndash;            <field name="appears_on_payslip" eval="True"/>&ndash;&gt;-->
<!--&lt;!&ndash;            <field name="category_id" ref="its_hr_payroll_extend.salary_rule_category024_polygraphique"/>&ndash;&gt;-->
<!--&lt;!&ndash;            <field name="convention_id" ref="its_hr_convention.convention_polygraphique"/>&ndash;&gt;-->
<!--&lt;!&ndash;            <field name="active" eval="True"/>&ndash;&gt;-->
<!--&lt;!&ndash;            <field name="accessory" eval="True"/>&ndash;&gt;-->
<!--&lt;!&ndash;            <field name="charge" eval="False"/>&ndash;&gt;-->
<!--&lt;!&ndash;            <field name="net" eval="False"/>&ndash;&gt;-->
<!--&lt;!&ndash;            <field name="condition_select">none</field>&ndash;&gt;-->
<!--&lt;!&ndash;            <field name="amount_select">code</field>&ndash;&gt;-->
<!--&lt;!&ndash;            <field name="amount_python_compute">result = payslip.prorata * (employee.get_rule_value('POLYEXTSAL', payslip.date_from, payslip.date_to))</field>&ndash;&gt;-->
<!--&lt;!&ndash;            <field name="account_debit" ref=""/>&ndash;&gt;-->
<!--&lt;!&ndash;            <field name="account_credit" ref=""/>&ndash;&gt;-->
<!--&lt;!&ndash;            <field name="account_tax_id" ref=""/>&ndash;&gt;-->
<!--&lt;!&ndash;        </record>&ndash;&gt;-->

<!--&lt;!&ndash;        <record id="its_hr_payroll_extend.salary_rule040_polygraphique" model="hr.salary.rule">&ndash;&gt;-->
<!--&lt;!&ndash;            <field name="name">Prior notice</field>&ndash;&gt;-->
<!--&lt;!&ndash;            <field name="code">POLYPOLYONOT</field>&ndash;&gt;-->
<!--&lt;!&ndash;            <field name="sequence">40</field>&ndash;&gt;-->
<!--&lt;!&ndash;            <field name="appears_on_payslip" eval="True"/>&ndash;&gt;-->
<!--&lt;!&ndash;            <field name="category_id" ref="its_hr_payroll_extend.salary_rule_category019_polygraphique"/>&ndash;&gt;-->
<!--&lt;!&ndash;            <field name="convention_id" ref="its_hr_convention.convention_polygraphique"/>&ndash;&gt;-->
<!--&lt;!&ndash;            <field name="active" eval="True"/>&ndash;&gt;-->
<!--&lt;!&ndash;            <field name="accessory" eval="False"/>&ndash;&gt;-->
<!--&lt;!&ndash;            <field name="charge" eval="True"/>&ndash;&gt;-->
<!--&lt;!&ndash;            <field name="net" eval="False"/>&ndash;&gt;-->
<!--&lt;!&ndash;            <field name="condition_select">none</field>&ndash;&gt;-->
<!--&lt;!&ndash;            <field name="amount_select">code</field>&ndash;&gt;-->
<!--&lt;!&ndash;            <field name="amount_python_compute">result = (payslip.salary_type == 'holiday') and 0.0 or employee.get_rule_value('POLYPOLYONOT', payslip.date_from, payslip.date_to)</field>&ndash;&gt;-->
<!--&lt;!&ndash;            <field name="account_debit" ref=""/>&ndash;&gt;-->
<!--&lt;!&ndash;            <field name="account_credit" ref=""/>&ndash;&gt;-->
<!--&lt;!&ndash;            <field name="account_tax_id" ref=""/>&ndash;&gt;-->
<!--&lt;!&ndash;        </record>&ndash;&gt;-->

<!--&lt;!&ndash;        <record id="its_hr_payroll_extend.salary_rule041_polygraphique" model="hr.salary.rule">&ndash;&gt;-->
<!--&lt;!&ndash;            <field name="name">Reference Salary</field>&ndash;&gt;-->
<!--&lt;!&ndash;            <field name="code">POLYREFSAL</field>&ndash;&gt;-->
<!--&lt;!&ndash;            <field name="sequence">41</field>&ndash;&gt;-->
<!--&lt;!&ndash;            <field name="appears_on_payslip" eval="True"/>&ndash;&gt;-->
<!--&lt;!&ndash;            <field name="category_id" ref="its_hr_payroll_extend.salary_rule_category040_polygraphique"/>&ndash;&gt;-->
<!--&lt;!&ndash;            <field name="convention_id" ref="its_hr_convention.convention_polygraphique"/>&ndash;&gt;-->
<!--&lt;!&ndash;            <field name="active" eval="True"/>&ndash;&gt;-->
<!--&lt;!&ndash;            <field name="accessory" eval="False"/>&ndash;&gt;-->
<!--&lt;!&ndash;            <field name="charge" eval="False"/>&ndash;&gt;-->
<!--&lt;!&ndash;            <field name="net" eval="False"/>&ndash;&gt;-->
<!--&lt;!&ndash;            <field name="condition_select">none</field>&ndash;&gt;-->
<!--&lt;!&ndash;            <field name="amount_select">code</field>&ndash;&gt;-->
<!--&lt;!&ndash;            <field name="amount_python_compute">result = categories.POLYCATREF</field>&ndash;&gt;-->
<!--&lt;!&ndash;            <field name="account_debit" ref=""/>&ndash;&gt;-->
<!--&lt;!&ndash;            <field name="account_credit" ref=""/>&ndash;&gt;-->
<!--&lt;!&ndash;            <field name="account_tax_id" ref=""/>&ndash;&gt;-->
<!--&lt;!&ndash;        </record>&ndash;&gt;-->

        <record id="its_hr_payroll_extend.salary_rule042_polygraphique" model="hr.salary.rule">
            <field name="name">Work medal</field>
            <field name="code">POLYWORKMEDAL</field>
            <field name="sequence">42</field>
            <field name="appears_on_payslip" eval="True"/>
            <field name="category_id" ref="its_hr_payroll_extend.sal_rule_categ_tax_exempt_bonus_poly"/>
            <field name="convention_id" ref="its_hr_convention.convention_polygraphique"/>
            <field name="active" eval="True"/>
            <field name="accessory" eval="True"/>
            <field name="charge" eval="False"/>
            <field name="net" eval="False"/>
            <field name="condition_select">none</field>
            <field name="amount_select">code</field>
            <field name="amount_python_compute">result = employee.get_rule_value('POLYWORKMEDAL', payslip.date_from, payslip.date_to)</field>
            <field name="account_debit" ref=""/>
            <field name="account_credit" ref=""/>
            <field name="account_tax_id" ref=""/>
        </record>

        <record id="its_hr_payroll_extend.salary_rule043_polygraphique" model="hr.salary.rule">
            <field name="name">Dismissal Indemnity</field>
            <field name="code">POLYDISMIS</field>
            <field name="sequence">43</field>
            <field name="appears_on_payslip" eval="True"/>
            <field name="category_id" ref="its_hr_payroll_extend.sal_rule_categ_tax_indemnity_poly"/>
            <field name="convention_id" ref="its_hr_convention.convention_polygraphique"/>
            <field name="active" eval="True"/>
            <field name="accessory" eval="True"/>
            <field name="exceptional_salary" eval="True"/>
            <field name="charge" eval="False"/>
            <field name="net" eval="False"/>
            <field name="condition_select">none</field>
            <field name="amount_select">code</field>
            <field name="amount_python_compute">dismissal = employee.get_rule_value('POLYDISMIS', payslip.date_from, payslip.date_to)
if dismissal:
   seniority = employee.get_seniority(payslip.date_to)
   seniority = seniority // 12
if seniority &lt;= 5: result = employee.get_average_wage(payslip.date_from) * 0.25 * seniority
elif seniority &lt;= 10: result = employee.get_average_wage(payslip.date_from) * 0.3 * seniority
elif seniority &lt;= 15: result = employee.get_average_wage(payslip.date_from) * 0.4 * seniority
elif seniority &lt;= 20: result = employee.get_average_wage(payslip.date_from) * 0.45 * seniority
elif seniority &gt; 20: result = employee.get_average_wage(payslip.date_from) * 0.5 * seniority
else: result = 0.0
            </field>
            <field name="account_debit" ref=""/>
            <field name="account_credit" ref=""/>
            <field name="account_tax_id" ref=""/>
        </record>

        <record id="its_hr_payroll_extend.salary_rule044_polygraphique" model="hr.salary.rule">
            <field name="name">End of career Indemnity </field>
            <field name="code">POLYCAREER</field>
            <field name="sequence">44</field>
            <field name="appears_on_payslip" eval="True"/>
            <field name="category_id" ref="its_hr_payroll_extend.sal_rule_categ_tax_indemnity_poly"/>
            <field name="convention_id" ref="its_hr_convention.convention_polygraphique"/>
            <field name="active" eval="True"/>
            <field name="accessory" eval="True"/>
            <field name="exceptional_salary" eval="True"/>
            <field name="charge" eval="False"/>
            <field name="net" eval="False"/>
            <field name="condition_select">none</field>
            <field name="amount_select">code</field>
            <field name="amount_python_compute">end_career = employee.get_rule_value('POLYCAREER', payslip.date_from, payslip.date_to)
if end_career:
   seniority = employee.get_seniority(payslip.date_to)
   seniority = seniority // 12
if seniority &lt;= 5: result = (payslip.salary_type == 'holiday') and 0.0 or employee.get_average_wage(payslip.date_from) * 0.4
elif seniority &lt;= 10: result = (payslip.salary_type == 'holiday') and 0.0 or employee.get_average_wage(payslip.date_from) * 0.45
elif seniority &lt;= 15: result = (payslip.salary_type == 'holiday') and 0.0 or employee.get_average_wage(payslip.date_from) * 0.6
elif seniority &lt;= 20: result = (payslip.salary_type == 'holiday') and 0.0 or employee.get_average_wage(payslip.date_from) * 0.65
elif seniority &gt; 20: result = (payslip.salary_type == 'holiday') and 0.0 or employee.get_average_wage(payslip.date_from) * 0.75
else: result = 0.0
            </field>
            <field name="account_debit" ref=""/>
            <field name="account_credit" ref=""/>
            <field name="account_tax_id" ref=""/>
        </record>

        <record id="its_hr_payroll_extend.salary_rule045_polygraphique" model="hr.salary.rule">
            <field name="name">Salary Contribution capped</field>
            <field name="code">POLYCONTCAPPED</field>
            <field name="sequence">45</field>
            <field name="appears_on_payslip" eval="True"/>
            <field name="category_id" ref="its_hr_payroll_extend.sal_rule_categ030_poly"/>
            <field name="convention_id" ref="its_hr_convention.convention_polygraphique"/>
            <field name="active" eval="True"/>
            <field name="accessory" eval="False"/>
            <field name="charge" eval="False"/>
            <field name="net" eval="False"/>
            <field name="condition_select">none</field>
            <field name="amount_select">code</field>
            <field name="amount_python_compute">contribution = categories.POLYCATCONT
if contribution > 750000: result = 750000
else: result = contribution</field>
            <field name="register_id" ref="its_hr_payroll_extend.contributor_nsif"/>
            <field name="account_debit" ref=""/>
            <field name="account_credit" ref=""/>
            <field name="account_tax_id" ref=""/>
        </record>
        <record id="its_hr_payroll_extend.salary_rule064_polygraphique" model="hr.salary.rule">
            <field name="name">Gross Salary</field>
            <field name="sequence">46</field>
            <field name="code">POLYGROSS</field>
            <field name="appears_on_payslip" eval="True"/>
            <field name="category_id" ref="its_hr_payroll_extend.sal_rule_categ028_poly_1"/>
            <field name="convention_id" ref="its_hr_convention.convention_polygraphique"/>
            <field name="active" eval="True"/>
            <field name="accessory" eval="True"/>
            <field name="charge" eval="False"/>
            <field name="gross" eval="True"/>
            <field name="retain" eval="False"/>
            <field name="net" eval="False"/>
            <field name="condition_select">none</field>
            <field name="amount_select">code</field>
            <field name="amount_python_compute">result = categories.POLYCATBASIC + categories.POLYCATBONUS + categories.POLYCATINDEMN + categories.POLYCATBENEFITS</field>
        </record>
<!--        TODO, salaire cotisable = salaire brute - fraits pro -->
        <record id="its_hr_payroll_extend.salary_rule045_polygraphique_1" model="hr.salary.rule">
            <field name="name">Salary Contribution</field>
            <field name="code">POLYCONTSAL</field>
            <field name="sequence">47</field>
            <field name="appears_on_payslip" eval="True"/>
            <field name="category_id" ref="its_hr_payroll_extend.sal_rule_categ_soc_sec_charge_poly"/>
            <field name="convention_id" ref="its_hr_convention.convention_polygraphique"/>
            <field name="active" eval="True"/>
            <field name="accessory" eval="False"/>
            <field name="charge" eval="True"/>
            <field name="net" eval="False"/>
            <field name="condition_select">none</field>
            <field name="amount_select">code</field>
            <field name="amount_python_compute">result = categories.POLYCATGROSALD1</field>
            <field name="register_id" eval=""/>
            <field name="account_debit" ref=""/>
            <field name="account_credit" ref=""/>
            <field name="account_tax_id" ref=""/>
        </record>
<!--TODO salaire brute taxable= salaire brute arrondie au milier-->
        <record id="its_hr_payroll_extend.salary_rule045_polygraphique_2" model="hr.salary.rule">
            <field name="name">Gross taxable salary</field>
            <field name="code">POLYGROSALD</field>
            <field name="sequence">48</field>
            <field name="appears_on_payslip" eval="True"/>
            <field name="category_id" ref="its_hr_payroll_extend.sal_rule_categ028_poly"/>
            <field name="convention_id" ref="its_hr_convention.convention_polygraphique"/>
            <field name="active" eval="True"/>
            <field name="accessory" eval="False"/>
            <field name="charge" eval="True"/>
            <field name="taxable_salary" eval="True"/>
            <field name="net" eval="False"/>
            <field name="condition_select">none</field>
            <field name="amount_select">code</field>
            <field name="amount_python_compute">result = categories.POLYCATGROSALD1</field>
            <field name="register_id" eval=""/>
            <field name="account_debit" ref=""/>
            <field name="account_credit" ref=""/>
            <field name="account_tax_id" ref=""/>
        </record>

        <record id="its_hr_payroll_extend.salary_rule046_polygraphique" model="hr.salary.rule">
            <field name="name">Employers' old-age pension</field>
            <field name="code">POLYEMPOLDAGE</field>
            <field name="sequence">49</field>
            <field name="appears_on_payslip" eval="True"/>
            <field name="category_id" ref="its_hr_payroll_extend.sal_rule_categ_boss_contr_poly"/>
            <field name="convention_id" ref="its_hr_convention.convention_polygraphique"/>
            <field name="active" eval="True"/>
            <field name="accessory" eval="False"/>
            <field name="charge" eval="False"/>
            <field name="charge_employer" eval="True"/>
            <field name="social" eval="True"/>
            <field name="net" eval="False"/>
            <field name="condition_select">none</field>
            <field name="amount_select">code</field>
            <field name="amount_python_compute">result = categories.POLYCATSOCSECCHARGE * 0.042</field>
            <field name="register_id" ref="its_hr_payroll_extend.contributor_nsif"/>
            <field name="account_debit" ref=""/>
            <field name="account_credit" ref=""/>
            <field name="account_tax_id" ref=""/>
        </record>

        <record id="its_hr_payroll_extend.salary_rule047_polygraphique" model="hr.salary.rule">
            <field name="name">Salary' old-age pension</field>
            <field name="code">POLYSALOLDAGE</field>
            <field name="sequence">50</field>
            <field name="appears_on_payslip" eval="True"/>
            <field name="category_id" ref="its_hr_payroll_extend.sal_rule_categ_soc_sec_charge_poly"/>
            <field name="convention_id" ref="its_hr_convention.convention_polygraphique"/>
            <field name="active" eval="True"/>
            <field name="accessory" eval="False"/>
            <field name="charge" eval="True"/>
            <field name="social" eval="True"/>
            <field name="charge_employer" eval="False"/>
            <field name="net" eval="False"/>
            <field name="condition_select">none</field>
            <field name="amount_select">code</field>
            <field name="amount_python_compute">result = categories.POLYCATSOCSECCHARGE * 0.042</field>
            <field name="register_id" ref="its_hr_payroll_extend.contributor_nsif"/>
            <field name="account_debit" ref=""/>
            <field name="account_credit" ref=""/>
            <field name="account_tax_id" ref=""/>
        </record>

        <record id="its_hr_payroll_extend.salary_rule048_polygraphique" model="hr.salary.rule">
            <field name="name">Family benefits 7%</field>
            <field name="code">POLYFAMBEN7</field>
            <field name="sequence">51</field>
            <field name="appears_on_payslip" eval="True"/>
            <field name="category_id" ref="its_hr_payroll_extend.sal_rule_categ_soc_sec_charge_poly"/>
            <field name="convention_id" ref="its_hr_convention.convention_polygraphique"/>
            <field name="active" eval="True"/>
            <field name="accessory" eval="False"/>
            <field name="charge" eval="False"/>
            <field name="charge_employer" eval="True"/>
            <field name="social" eval="True"/>
            <field name="net" eval="False"/>
            <field name="condition_select">none</field>
            <field name="amount_select">code</field>
            <field name="amount_python_compute">result = categories.POLYCATCONTCAPPED * 0.07</field>
            <field name="register_id" ref="its_hr_payroll_extend.contributor_nsif"/>
            <field name="account_debit" ref=""/>
            <field name="account_credit" ref=""/>
            <field name="account_tax_id" ref=""/>
        </record>

        <record id="its_hr_payroll_extend.salary_rule049_polygraphique" model="hr.salary.rule">
            <field name="name">Family benefits 5.65%</field>
            <field name="code">POLYFAMBEN5</field>
            <field name="sequence">52</field>
            <field name="appears_on_payslip" eval="True"/>
            <field name="category_id" ref="its_hr_payroll_extend.sal_rule_categ_soc_sec_charge_poly"/>
            <field name="convention_id" ref="its_hr_convention.convention_polygraphique"/>
            <field name="active" eval="True"/>
            <field name="accessory" eval="False"/>
            <field name="charge" eval="False"/>
            <field name="charge_employer" eval="True"/>
            <field name="social" eval="True"/>
            <field name="net" eval="False"/>
            <field name="condition_select">none</field>
            <field name="amount_select">code</field>
            <field name="amount_python_compute">result = categories.POLYCATCONTCAPPED * 0.0565</field>
            <field name="register_id" ref="its_hr_payroll_extend.contributor_nsif"/>
            <field name="account_debit" ref=""/>
            <field name="account_credit" ref=""/>
            <field name="account_tax_id" ref=""/>
        </record>

        <record id="its_hr_payroll_extend.salary_rule050_polygraphique" model="hr.salary.rule">
            <field name="name">Family benefits 3.7%</field>
            <field name="code">POLYFAMBEN3</field>
            <field name="sequence">53</field>
            <field name="appears_on_payslip" eval="True"/>
            <field name="category_id" ref="its_hr_payroll_extend.sal_rule_categ_soc_sec_charge_poly"/>
            <field name="convention_id" ref="its_hr_convention.convention_polygraphique"/>
            <field name="active" eval="True"/>
            <field name="accessory" eval="False"/>
            <field name="charge" eval="False"/>
            <field name="charge_employer" eval="True"/>
            <field name="social" eval="True"/>
            <field name="net" eval="False"/>
            <field name="condition_select">none</field>
            <field name="amount_select">code</field>
            <field name="amount_python_compute">result = categories.POLYCATCONTCAPPED * 0.037</field>
            <field name="register_id" ref="its_hr_payroll_extend.contributor_nsif"/>
            <field name="account_debit" ref=""/>
            <field name="account_credit" ref=""/>
            <field name="account_tax_id" ref=""/>
        </record>

        <record id="its_hr_payroll_extend.salary_rule051_polygraphique" model="hr.salary.rule">
            <field name="name">Work accident and occupational disease 5%</field>
            <field name="code">POLYWORKACC5</field>
            <field name="sequence">54</field>
            <field name="appears_on_payslip" eval="True"/>
            <field name="category_id" ref="its_hr_payroll_extend.sal_rule_categ_soc_sec_charge_poly"/>
            <field name="convention_id" ref="its_hr_convention.convention_polygraphique"/>
            <field name="active" eval="True"/>
            <field name="accessory" eval="False"/>
            <field name="charge" eval="False"/>
            <field name="charge_employer" eval="True"/>
            <field name="social" eval="True"/>
            <field name="net" eval="False"/>
            <field name="condition_select">none</field>
            <field name="amount_select">code</field>
            <field name="amount_python_compute">result = categories.POLYCATCONT * 0.05</field>
            <field name="register_id" ref="its_hr_payroll_extend.contributor_nsif"/>
            <field name="account_debit" ref=""/>
            <field name="account_credit" ref=""/>
            <field name="account_tax_id" ref=""/>
        </record>

        <record id="its_hr_payroll_extend.salary_rule052_polygraphique" model="hr.salary.rule">
            <field name="name">Work accident and occupational disease 2.5%</field>
            <field name="code">POLYWORKACC2</field>
            <field name="sequence">55</field>
            <field name="appears_on_payslip" eval="True"/>
            <field name="category_id" ref="its_hr_payroll_extend.sal_rule_categ_soc_sec_charge_poly"/>
            <field name="convention_id" ref="its_hr_convention.convention_polygraphique"/>
            <field name="active" eval="True"/>
            <field name="accessory" eval="False"/>
            <field name="charge" eval="False"/>
            <field name="charge_employer" eval="True"/>
            <field name="social" eval="True"/>
            <field name="net" eval="False"/>
            <field name="condition_select">none</field>
            <field name="amount_select">code</field>
            <field name="amount_python_compute">result = categories.POLYCATCONT * 0.025</field>
            <field name="register_id" ref="its_hr_payroll_extend.contributor_nsif"/>
            <field name="account_debit" ref=""/>
            <field name="account_credit" ref=""/>
            <field name="account_tax_id" ref=""/>
        </record>

        <record id="its_hr_payroll_extend.salary_rule053_polygraphique" model="hr.salary.rule">
            <field name="name">Work accident and occupational disease 1.75%</field>
            <field name="code">POLYWORKACC1</field>
            <field name="sequence">56</field>
            <field name="appears_on_payslip" eval="True"/>
            <field name="category_id" ref="its_hr_payroll_extend.sal_rule_categ_soc_sec_charge_poly"/>
            <field name="convention_id" ref="its_hr_convention.convention_polygraphique"/>
            <field name="active" eval="True"/>
            <field name="accessory" eval="False"/>
            <field name="charge" eval="False"/>
            <field name="charge_employer" eval="True"/>
            <field name="social" eval="True"/>
            <field name="net" eval="False"/>
            <field name="condition_select">none</field>
            <field name="amount_select">code</field>
            <field name="amount_python_compute">result = categories.POLYCATCONT * 0.0175</field>
            <field name="register_id" ref="its_hr_payroll_extend.contributor_nsif"/>
            <field name="account_debit" ref=""/>
            <field name="account_credit" ref=""/>
            <field name="account_tax_id" ref=""/>
        </record>

<!--        <record id="its_hr_payroll_extend.salary_rule054_polygraphique" model="hr.salary.rule">-->
<!--            <field name="name">Employee' Financing Housing</field>-->
<!--            <field name="code">POLYFINHOUEMP</field>-->
<!--            <field name="sequence">54</field>-->
<!--            <field name="appears_on_payslip" eval="True"/>-->
<!--            <field name="category_id" ref="its_hr_payroll_extend.salary_rule_category032_polygraphique"/>-->
<!--            <field name="convention_id" ref="its_hr_convention.convention_polygraphique"/>-->
<!--            <field name="active" eval="True"/>-->
<!--            <field name="accessory" eval="False"/>-->
<!--            <field name="charge" eval="True"/>-->
<!--            <field name="tax" eval="True"/>-->
<!--            <field name="charge_employer" eval="False"/>-->
<!--            <field name="net" eval="False"/>-->
<!--            <field name="condition_select">none</field>-->
<!--            <field name="amount_select">code</field>-->
<!--            <field name="amount_python_compute">result = categories.POLYCATGROSALD * 0.01</field>-->
<!--            <field name="register_id" ref="its_hr_payroll_extend.contributor_financing"/>-->
<!--            <field name="account_debit" ref=""/>-->
<!--            <field name="account_credit" ref=""/>-->
<!--            <field name="account_tax_id" ref=""/>-->
<!--        </record>-->

<!--        <record id="its_hr_payroll_extend.salary_rule055_polygraphique" model="hr.salary.rule">-->
<!--            <field name="name">Employer' Financing Housing</field>-->
<!--            <field name="code">POLYFINHOUEMR</field>-->
<!--            <field name="sequence">55</field>-->
<!--            <field name="appears_on_payslip" eval="True"/>-->
<!--            <field name="category_id" ref="its_hr_payroll_extend.salary_rule_category048_polygraphique"/>-->
<!--            <field name="convention_id" ref="its_hr_convention.convention_polygraphique"/>-->
<!--            <field name="active" eval="True"/>-->
<!--            <field name="accessory" eval="False"/>-->
<!--            <field name="charge" eval="False"/>-->
<!--            <field name="charge_employer" eval="True"/>-->
<!--            <field name="tax" eval="True"/>-->
<!--            <field name="net" eval="False"/>-->
<!--            <field name="condition_select">none</field>-->
<!--            <field name="amount_select">code</field>-->
<!--            <field name="amount_python_compute">result = categories.POLYCATGROSALD * 0.015</field>-->
<!--            <field name="register_id" ref="its_hr_payroll_extend.contributor_financing"/>-->
<!--            <field name="account_debit" ref=""/>-->
<!--            <field name="account_credit" ref=""/>-->
<!--            <field name="account_tax_id" ref=""/>-->
<!--        </record>-->

        <record id="its_hr_payroll_extend.salary_rule056_polygraphique" model="hr.salary.rule">
            <field name="name">Local Development Taxes</field>
            <field name="code">POLYLDTAXE</field>
            <field name="sequence">57</field>
            <field name="appears_on_payslip" eval="True"/>
            <field name="category_id" ref="its_hr_payroll_extend.sal_rule_categ046_poly"/>
            <field name="convention_id" ref="its_hr_convention.convention_polygraphique"/>
            <field name="active" eval="True"/>
            <field name="accessory" eval="False"/>
            <field name="charge" eval="True"/>
            <field name="tax" eval="True"/>
            <field name="tdl" eval="True"/>
            <field name="charge_employer" eval="False"/>
            <field name="net" eval="False"/>
            <field name="condition_select">none</field>
            <field name="amount_select">code</field>
            <field name="amount_python_compute">
base = categories.POLYCATGROSALD1
if base &lt;= 62000: result = 0.0
elif base &lt;= 75000: result = 250
elif base &lt;= 100000: result = 500
elif base &lt;= 125000: result = 750
elif base &lt;= 150000: result = 1000
elif base &lt;= 200000: result = 1250
elif base &lt;= 250000: result = 1500
elif base &lt;= 300000: result = 2000
elif base &lt;= 500000: result = 2250
elif base &gt; 500000: result = 2520
            </field>
            <field name="register_id" ref="its_hr_payroll_extend.contributor_ldt"/>
            <field name="account_debit" ref=""/>
            <field name="account_credit" ref=""/>
            <field name="account_tax_id" ref=""/>
        </record>

        <record id="its_hr_payroll_extend.salary_rule057_polygraphique" model="hr.salary.rule">
            <field name="name">Audiovisual license</field>
            <field name="code">POLYAUDLIC</field>
            <field name="sequence">58</field>
            <field name="appears_on_payslip" eval="True"/>
            <field name="category_id" ref="its_hr_payroll_extend.sal_rule_categ046_poly"/>
            <field name="convention_id" ref="its_hr_convention.convention_polygraphique"/>
            <field name="active" eval="True"/>
            <field name="accessory" eval="False"/>
            <field name="charge" eval="True"/>
            <field name="tax" eval="True"/>
            <field name="charge_employer" eval="False"/>
            <field name="net" eval="False"/>
            <field name="condition_select">none</field>
            <field name="amount_select">code</field>
            <field name="amount_python_compute">base = categories.POLYCATGROSALD1
if base &lt;= 50000: result = 0
elif base &lt;= 100000: result = 750
elif base &lt;= 200000: result = 1950
elif base &lt;= 300000: result = 3250
elif base &lt;= 400000: result = 4550
elif base &lt;= 500000: result = 5850
elif base &lt;= 600000: result = 7150
elif base &lt;= 700000: result = 8450
elif base &lt;= 800000: result = 9750
elif base &lt;= 900000: result = 11050
elif base &lt;= 1000000: result = 12350
elif base &gt; 1000000: result = 13000
            </field>
            <field name="register_id" ref="its_hr_payroll_extend.contributor_gov_taxes"/>
            <field name="account_debit" ref=""/>
            <field name="account_credit" ref=""/>
            <field name="account_tax_id" ref=""/>
        </record>

<!--        <record id="its_hr_payroll_extend.salary_rule058_polygraphique" model="hr.salary.rule">-->
<!--            <field name="name">Union retainer</field>-->
<!--            <field name="code">POLYUNRET</field>-->
<!--            <field name="sequence">58</field>-->
<!--            <field name="appears_on_payslip" eval="True"/>-->
<!--            <field name="category_id" ref="its_hr_payroll_extend.salary_rule_category046_polygraphique"/>-->
<!--            <field name="convention_id" ref="its_hr_convention.convention_polygraphique"/>-->
<!--            <field name="active" eval="True"/>-->
<!--            <field name="accessory" eval="False"/>-->
<!--            <field name="charge" eval="True"/>-->
<!--            <field name="charge_employer" eval="False"/>-->
<!--            <field name="net" eval="False"/>-->
<!--            <field name="condition_select">none</field>-->
<!--            <field name="amount_select">code</field>-->
<!--            <field name="amount_python_compute">result = categories.POLYCATBASIC * 0.01</field>-->
<!--            <field name="register_id" ref="its_hr_payroll_extend.contributor_labor_union"/>-->
<!--            <field name="account_debit" ref=""/>-->
<!--            <field name="account_credit" ref=""/>-->
<!--            <field name="account_tax_id" ref=""/>-->
<!--        </record>-->

        <record id="its_hr_payroll_extend.salary_rule059_polygraphique" model="hr.salary.rule">
            <field name="name">IRPP</field>
            <field name="code">POLYIRPP</field>
            <field name="sequence">59</field>
            <field name="appears_on_payslip" eval="True"/>
            <field name="category_id" ref="its_hr_payroll_extend.sal_rule_categ_irrp_poly"/>
            <field name="convention_id" ref="its_hr_convention.convention_polygraphique"/>
            <field name="active" eval="True"/>
            <field name="accessory" eval="False"/>
            <field name="charge" eval="True"/>
            <field name="tax" eval="True"/>
            <field name="irpp" eval="True"/>
            <field name="charge_employer" eval="False"/>
            <field name="net" eval="False"/>
            <field name="condition_select">none</field>
            <field name="amount_select">code</field>
            <field name="amount_python_compute">dutiable = categories.POLYCATGROSALD1
if dutiable &lt;= 62000: result = 0
elif dutiable &lt;= 300000: result = ((dutiable * 0.7) - (dutiable * 0.042) - 41667) * 0.1
elif dutiable &lt;= 429000: result = 16693 + ((dutiable - 310000) * 0.7 * 0.15)
elif dutiable &lt;= 667000: result = 29188 + ((dutiable - 429000) * 0.7 * 0.25)
else: result = 70830 + ((dutiable - 667000) * 0.7 * 0.35)
            </field>
            <field name="register_id" ref="its_hr_payroll_extend.contributor_gov_taxes"/>
            <field name="account_debit" ref=""/>
            <field name="account_credit" ref=""/>
            <field name="account_tax_id" ref=""/>
        </record>

        <record id="its_hr_payroll_extend.salary_rule060_polygraphique" model="hr.salary.rule">
            <field name="name">CAC 10% IRPP</field>
            <field name="code">POLYIRPPCAC</field>
            <field name="sequence">60</field>
            <field name="appears_on_payslip" eval="True"/>
            <field name="category_id" ref="its_hr_payroll_extend.sal_rule_categ046_poly"/>
            <field name="convention_id" ref="its_hr_convention.convention_polygraphique"/>
            <field name="active" eval="True"/>
            <field name="accessory" eval="False"/>
            <field name="charge" eval="True"/>
            <field name="tax" eval="True"/>
            <field name="charge_employer" eval="False"/>
            <field name="net" eval="False"/>
            <field name="condition_select">none</field>
            <field name="amount_select">code</field>
            <field name="amount_python_compute">result = categories.POLYCATIRPP * 0.1</field>
            <field name="register_id" ref="its_hr_payroll_extend.contributor_gov_taxes"/>
            <field name="account_debit" ref=""/>
            <field name="account_credit" ref=""/>
            <field name="account_tax_id" ref=""/>
        </record>

        <record id="its_hr_payroll_extend.salary_rule061_polygraphique" model="hr.salary.rule">
            <field name="name">FNE</field>
            <field name="code">POLYFNE</field>
            <field name="sequence">61</field>
            <field name="appears_on_payslip" eval="True"/>
            <field name="category_id" ref="its_hr_payroll_extend.sal_rule_categ046_poly"/>
            <field name="convention_id" ref="its_hr_convention.convention_polygraphique"/>
            <field name="active" eval="True"/>
            <field name="accessory" eval="False"/>
            <field name="charge" eval="False"/>
            <field name="tax" eval="True"/>
            <field name="charge_employer" eval="True"/>
            <field name="net" eval="False"/>
            <field name="condition_select">none</field>
            <field name="amount_select">code</field>
            <field name="amount_python_compute">result = categories.POLYCATGROSALD1 * 0.01</field>
            <field name="register_id" ref="its_hr_payroll_extend.contributor_gov_taxes"/>
            <field name="account_debit" ref=""/>
            <field name="account_credit" ref=""/>
            <field name="account_tax_id" ref=""/>
        </record>

<!--        <record id="its_hr_payroll_extend.salary_rule062_polygraphique" model="hr.salary.rule">-->
<!--            <field name="name">Installment Loan</field>-->
<!--            <field name="sequence">62</field>-->
<!--            <field name="code">POLYINSTALL</field>-->
<!--            <field name="appears_on_payslip" eval="True"/>-->
<!--            <field name="category_id" ref="its_hr_payroll_extend.salary_rule_category049_polygraphique"/>-->
<!--            <field name="convention_id" ref="its_hr_convention.convention_polygraphique"/>-->
<!--            <field name="active" eval="True"/>-->
<!--            <field name="accessory" eval="False"/>-->
<!--            <field name="charge" eval="False"/>-->
<!--            <field name="retain" eval="True"/>-->
<!--            <field name="net" eval="False"/>-->
<!--            <field name="condition_select">none</field>-->
<!--            <field name="amount_select">code</field>-->
<!--            <field name="amount_python_compute">result = employee.get_installment_loan(employee.id, payslip.date_from, payslip.date_to)</field>-->
<!--            <field name="is_loan_payment">True</field>-->
<!--        </record>-->

<!--        <record id="its_hr_payroll_extend.salary_rule063_polygraphique" model="hr.salary.rule">-->
<!--            <field name="name">Interest Loan</field>-->
<!--            <field name="sequence">63</field>-->
<!--            <field name="code">POLYINTEREST_LOAN</field>-->
<!--            <field name="appears_on_payslip" eval="True"/>-->
<!--            <field name="category_id" ref="its_hr_payroll_extend.salary_rule_category049_polygraphique"/>-->
<!--            <field name="convention_id" ref="its_hr_convention.convention_polygraphique"/>-->
<!--            <field name="active" eval="True"/>-->
<!--            <field name="accessory" eval="False"/>-->
<!--            <field name="charge" eval="False"/>-->
<!--            <field name="retain" eval="True"/>-->
<!--            <field name="net" eval="False"/>-->
<!--            <field name="condition_select">none</field>-->
<!--            <field name="amount_select">code</field>-->
<!--            <field name="amount_python_compute">result = employee.get_interest_loan(employee.id, payslip.date_from, payslip.date_to)</field>-->
<!--        </record>-->

<!--        <record id="its_hr_payroll_extend.salary_rule065_polygraphique" model="hr.salary.rule">-->
<!--            <field name="name">Deduction</field>-->
<!--            <field name="sequence" eval="65"/>-->
<!--            <field name="code">POLYDED</field>-->
<!--            <field name="appears_on_payslip" eval="True"/>-->
<!--            <field name="category_id" ref="its_hr_payroll_extend.salary_rule_category043_polygraphique"/>-->
<!--            <field name="convention_id" ref="its_hr_convention.convention_polygraphique"/>-->
<!--            <field name="active" eval="True"/>-->
<!--            <field name="accessory" eval="False"/>-->
<!--            <field name="charge" eval="True"/>-->
<!--            <field name="retain" eval="False"/>-->
<!--            <field name="net" eval="False"/>-->
<!--            <field name="condition_select">none</field>-->
<!--            <field name="amount_select">code</field>-->
<!--            <field name="amount_python_compute">result = categories.POLYCATDED</field>-->
<!--            &lt;!&ndash;<field name="register_id" ref="hr_payroll.contrib_register_employees"/>&ndash;&gt;-->
<!--        </record>-->

        <record id="its_hr_payroll_extend.salary_rule066_polygraphique" model="hr.salary.rule">
            <field name="name">Net Salary</field>
            <field name="sequence" eval="66"/>
            <field name="code">POLYNET</field>
            <field name="appears_on_payslip" eval="True"/>
            <field name="category_id" ref="its_hr_payroll_extend.sal_rule_categ047_poly"/>
            <field name="convention_id" ref="its_hr_convention.convention_polygraphique"/>
            <field name="active" eval="True"/>
            <field name="accessory" eval="False"/>
            <field name="charge" eval="False"/>
            <field name="retain" eval="False "/>
            <field name="net" eval="True"/>
            <field name="condition_select">none</field>
            <field name="amount_select">code</field>
            <field name="amount_python_compute">charge = categories.POLYCATDED
result = categories.POLYCATGROSALD1 - charge</field>
            <field name="register_id" ref="hr_payroll.contrib_register_employees"/>
        </record>

    </data>
</odoo>