<?xml version="1.0" encoding="utf-8"?>
<odoo>
    <data>

        <!-- Carriers, Freight and Transport auxiliaries Convention -->
        <record id="its_hr_payroll_extend.salary_rule_category000_construction" model="hr.salary.rule.category">
            <field name="name">Basic Salary</field>
            <field name="code">BTPCATBASIC</field>
            <field name="parent_id" eval="False"/>
            <field name="convention_id" ref="its_hr_convention.convention_construction"/>
        </record>

        <record id="its_hr_payroll_extend.salary_rule_category029_construction" model="hr.salary.rule.category">
            <field name="name">Contribution Salary</field>
            <field name="code">BTPCATCONT</field>
            <field name="parent_id" eval="False"/>
            <field name="convention_id" ref="its_hr_convention.convention_construction"/>
        </record>

        <record id="its_hr_payroll_extend.salary_rule_category044_construction" model="hr.salary.rule.category">
            <field name="name">Allowance</field>
            <field name="code">BTPCATALW</field>
            <field name="convention_id" ref="its_hr_convention.convention_construction"/>
        </record>

        <record id="its_hr_payroll_extend.salary_rule_category028_construction" model="hr.salary.rule.category">
            <field name="name">Gross Salary Dutiable</field>
            <field name="code">BTPCATGROSALD</field>
            <field name="parent_id" eval="False"/>
            <field name="convention_id" ref="its_hr_convention.convention_construction"/>
        </record>

        <record id="its_hr_payroll_extend.salary_rule_category028_construction_1" model="hr.salary.rule.category">
            <field name="name">Gross Salary Dutiable</field>
            <field name="code">BTPCATGROSALD1</field>
            <field name="parent_id" eval="False"/>
            <field name="convention_id" ref="its_hr_convention.convention_construction"/>
        </record>

        <record id="its_hr_payroll_extend.salary_rule_category030_construction" model="hr.salary.rule.category">
            <field name="name">Contribution Salary Capped</field>
            <field name="code">BTPCATCONTCAPPED</field>
            <field name="parent_id" eval="False"/>
            <field name="convention_id" ref="its_hr_convention.convention_construction"/>
        </record>

        <record id="its_hr_payroll_extend.salary_rule_category045_construction" model="hr.salary.rule.category">
            <field name="name">Gross Salary</field>
            <field name="code">BTPCATGROSAL</field>
            <field name="parent_id" eval="False"/>
            <field name="convention_id" ref="its_hr_convention.convention_construction"/>
        </record>

        <record id="its_hr_payroll_extend.salary_rule_category047_construction" model="hr.salary.rule.category">
            <field name="name">Net</field>
            <field name="code">BTPCATNET</field>
            <field name="convention_id" ref="its_hr_convention.convention_construction"/>
        </record>

        <record id="its_hr_payroll_extend.salary_rule_category048_construction" model="hr.salary.rule.category">
            <field name="name">Company Contribution</field>
            <field name="code">BTPCATCAFP</field>
            <field name="convention_id" ref="its_hr_convention.convention_construction"/>
        </record>

        <record id="its_hr_payroll_extend.salary_rule_category043_construction" model="hr.salary.rule.category">
            <field name="name">Deduction</field>
            <field name="code">BTPCATDED1</field>
            <field name="convention_id" ref="its_hr_convention.convention_construction"/>
        </record>

        <record id="its_hr_payroll_extend.salary_rule_category002_construction" model="hr.salary.rule.category">
            <field name="name">Responsibility</field>
            <field name="code">BTPCATRESPON</field>
            <field name="parent_id" ref="its_hr_payroll_extend.salary_rule_category044_construction"/>
            <field name="convention_id" ref="its_hr_convention.convention_construction"/>
        </record>

        <record id="its_hr_payroll_extend.salary_rule_category003_construction" model="hr.salary.rule.category">
            <field name="name">Dirty</field>
            <field name="code">BTPCATDIRTY</field>
            <field name="parent_id" ref="its_hr_payroll_extend.salary_rule_category044_construction"/>
            <field name="convention_id" ref="its_hr_convention.convention_construction"/>
        </record>

        <record id="its_hr_payroll_extend.salary_rule_category004_construction" model="hr.salary.rule.category">
            <field name="name">Basket</field>
            <field name="code">BTPCATBASK</field>
            <field name="parent_id" ref="its_hr_payroll_extend.salary_rule_category044_construction"/>
            <field name="convention_id" ref="its_hr_convention.convention_construction"/>
        </record>

        <record id="its_hr_payroll_extend.salary_rule_category005_construction" model="hr.salary.rule.category">
            <field name="name">Technicality</field>
            <field name="code">BTPCATTECHN</field>
            <field name="parent_id" ref="its_hr_payroll_extend.salary_rule_category044_construction"/>
            <field name="convention_id" ref="its_hr_convention.convention_construction"/>
        </record>

        <record id="its_hr_payroll_extend.salary_rule_category006_construction" model="hr.salary.rule.category">
            <field name="name">Cashier</field>
            <field name="code">BTPCATCASH</field>
            <field name="parent_id" ref="its_hr_payroll_extend.salary_rule_category044_construction"/>
            <field name="convention_id" ref="its_hr_convention.convention_construction"/>
        </record>

        <record id="its_hr_payroll_extend.salary_rule_category007_construction" model="hr.salary.rule.category">
            <field name="name">Warehouse</field>
            <field name="code">BTPCATWARE</field>
            <field name="parent_id" ref="its_hr_payroll_extend.salary_rule_category044_construction"/>
            <field name="convention_id" ref="its_hr_convention.convention_construction"/>
        </record>

        <record id="its_hr_payroll_extend.salary_rule_category008_construction" model="hr.salary.rule.category">
            <field name="name">Assiduity</field>
            <field name="code">BTPCATASSID</field>
            <field name="parent_id" ref="its_hr_payroll_extend.salary_rule_category044_construction"/>
            <field name="convention_id" ref="its_hr_convention.convention_construction"/>
        </record>

        <record id="its_hr_payroll_extend.salary_rule_category009_construction" model="hr.salary.rule.category">
            <field name="name">Subjection/Management</field>
            <field name="code">BTPCATSUBJMANAG</field>
            <field name="parent_id" ref="its_hr_payroll_extend.salary_rule_category044_construction"/>
            <field name="convention_id" ref="its_hr_convention.convention_construction"/>
        </record>

        <record id="its_hr_payroll_extend.salary_rule_category011_construction" model="hr.salary.rule.category">
            <field name="name">Representation</field>
            <field name="code">BTPCATREPRES</field>
            <field name="parent_id" ref="its_hr_payroll_extend.salary_rule_category044_construction"/>
            <field name="convention_id" ref="its_hr_convention.convention_construction"/>
        </record>

        <record id="its_hr_payroll_extend.salary_rule_category012_construction" model="hr.salary.rule.category">
            <field name="name">Results</field>
            <field name="code">BTPCATRESULT</field>
            <field name="parent_id" ref="its_hr_payroll_extend.salary_rule_category044_construction"/>
            <field name="convention_id" ref="its_hr_convention.convention_construction"/>
        </record>

        <record id="its_hr_payroll_extend.salary_rule_category013_construction" model="hr.salary.rule.category">
            <field name="name">Tools and safety</field>
            <field name="code">BTPCATTOOLSAF</field>
            <field name="parent_id" ref="its_hr_payroll_extend.salary_rule_category044_construction"/>
            <field name="convention_id" ref="its_hr_convention.convention_construction"/>
        </record>

        <record id="its_hr_payroll_extend.salary_rule_category014_construction" model="hr.salary.rule.category">
            <field name="name">Death</field>
            <field name="code">BTPCATDEATH</field>
            <field name="parent_id" ref="its_hr_payroll_extend.salary_rule_category044_construction"/>
            <field name="convention_id" ref="its_hr_convention.convention_construction"/>
        </record>

        <record id="its_hr_payroll_extend.salary_rule_category015_construction" model="hr.salary.rule.category">
            <field name="name">Reconversion</field>
            <field name="code">BTPCATRECONV</field>
            <field name="parent_id" ref="its_hr_payroll_extend.salary_rule_category044_construction"/>
            <field name="convention_id" ref="its_hr_convention.convention_construction"/>
        </record>

        <record id="its_hr_payroll_extend.salary_rule_category016_construction" model="hr.salary.rule.category">
            <field name="name">Travel</field>
            <field name="code">BTPCATTRAVEL</field>
            <field name="parent_id" ref="its_hr_payroll_extend.salary_rule_category044_construction"/>
            <field name="convention_id" ref="its_hr_convention.convention_construction"/>
        </record>

        <record id="its_hr_payroll_extend.salary_rule_category017_construction" model="hr.salary.rule.category">
            <field name="name">End of career</field>
            <field name="code">BTPCATCAREER</field>
            <field name="parent_id" ref="its_hr_payroll_extend.salary_rule_category044_construction"/>
            <field name="convention_id" ref="its_hr_convention.convention_construction"/>
        </record>

        <record id="its_hr_payroll_extend.salary_rule_category018_construction" model="hr.salary.rule.category">
            <field name="name">Dismissal</field>
            <field name="code">BTPCATDISM</field>
            <field name="parent_id" ref="its_hr_payroll_extend.salary_rule_category044_construction"/>
            <field name="convention_id" ref="its_hr_convention.convention_construction"/>
        </record>

        <record id="its_hr_payroll_extend.salary_rule_category019_construction" model="hr.salary.rule.category">
            <field name="name">Gratification</field>
            <field name="code">BTPCATGRATIF</field>
            <field name="parent_id" ref="its_hr_payroll_extend.salary_rule_category044_construction"/>
            <field name="convention_id" ref="its_hr_convention.convention_construction"/>
        </record>

        <record id="its_hr_payroll_extend.salary_rule_category041_construction" model="hr.salary.rule.category">
            <field name="name">Gratification Medal</field>
            <field name="code">BTPCATGRATIFMEDAL</field>
            <field name="parent_id" ref="its_hr_payroll_extend.salary_rule_category029_construction"/>
            <field name="convention_id" ref="its_hr_convention.convention_construction"/>
        </record>

        <record id="its_hr_payroll_extend.salary_rule_category020_construction" model="hr.salary.rule.category">
            <field name="name">Canteen</field>
            <field name="code">BTPCATCANTEEN</field>
            <field name="parent_id" ref="its_hr_payroll_extend.salary_rule_category044_construction"/>
            <field name="convention_id" ref="its_hr_convention.convention_construction"/>
        </record>

        <record id="its_hr_payroll_extend.salary_rule_category022_construction" model="hr.salary.rule.category">
            <field name="name">Indemnities</field>
            <field name="code">BTPCATINDEMN</field>
            <field name="parent_id" ref="its_hr_payroll_extend.salary_rule_category029_construction"/>
            <field name="convention_id" ref="its_hr_convention.convention_construction"/>
        </record>

        <record id="its_hr_payroll_extend.salary_rule_category034_construction" model="hr.salary.rule.category">
            <field name="name">Housing Indemnities</field>
            <field name="code">BTPCATHOUSINDEMN</field>
            <field name="parent_id" ref="its_hr_payroll_extend.salary_rule_category022_construction"/>
            <field name="convention_id" ref="its_hr_convention.convention_construction"/>
        </record>

        <record id="its_hr_payroll_extend.salary_rule_category035_construction" model="hr.salary.rule.category">
            <field name="name">Vehicle Indemnities</field>
            <field name="code">BTPCATVEHINDEMN</field>
            <field name="parent_id" ref="its_hr_payroll_extend.salary_rule_category022_construction"/>
            <field name="convention_id" ref="its_hr_convention.convention_construction"/>
        </record>

        <record id="its_hr_payroll_extend.salary_rule_category036_construction" model="hr.salary.rule.category">
            <field name="name">Electricity Indemnities</field>
            <field name="code">BTPCATELECTINDEMN</field>
            <field name="parent_id" ref="its_hr_payroll_extend.salary_rule_category022_construction"/>
            <field name="convention_id" ref="its_hr_convention.convention_construction"/>
        </record>

        <record id="its_hr_payroll_extend.salary_rule_category037_construction" model="hr.salary.rule.category">
            <field name="name">Water Indemnities</field>
            <field name="code">BTPCATWATERINDEMN</field>
            <field name="parent_id" ref="its_hr_payroll_extend.salary_rule_category022_construction"/>
            <field name="convention_id" ref="its_hr_convention.convention_construction"/>
        </record>

        <record id="its_hr_payroll_extend.salary_rule_category038_construction" model="hr.salary.rule.category">
            <field name="name">Maid Indemnities</field>
            <field name="code">BTPCATMAIDINDEMN</field>
            <field name="parent_id" ref="its_hr_payroll_extend.salary_rule_category022_construction"/>
            <field name="convention_id" ref="its_hr_convention.convention_construction"/>
        </record>

        <record id="its_hr_payroll_extend.salary_rule_category039_construction" model="hr.salary.rule.category">
            <field name="name">Food Indemnities</field>
            <field name="code">BTPCATFOODINDEMN</field>
            <field name="parent_id" ref="its_hr_payroll_extend.salary_rule_category022_construction"/>
            <field name="convention_id" ref="its_hr_convention.convention_construction"/>
        </record>

        <record id="its_hr_payroll_extend.salary_rule_category023_construction" model="hr.salary.rule.category">
            <field name="name">Tax Indemnities</field>
            <field name="code">BTPCATTAXINDEMN</field>
            <field name="parent_id" ref="its_hr_payroll_extend.salary_rule_category028_construction"/>
            <field name="convention_id" ref="its_hr_convention.convention_construction"/>
        </record>

        <record id="its_hr_payroll_extend.salary_rule_category027_construction" model="hr.salary.rule.category">
            <field name="name">Reference Salary</field>
            <field name="code">BTPCATREF</field>
            <field name="parent_id" ref="its_hr_payroll_extend.salary_rule_category029_construction"/>
            <field name="convention_id" ref="its_hr_convention.convention_construction"/>
        </record>

        <record id="its_hr_payroll_extend.salary_rule_category025_construction" model="hr.salary.rule.category">
            <field name="name">Base Salary Group 1</field>
            <field name="code">BTPCATBASAL1</field>
            <field name="parent_id" ref="its_hr_payroll_extend.salary_rule_category027_construction"/>
            <field name="convention_id" ref="its_hr_convention.convention_construction"/>
        </record>

        <record id="its_hr_payroll_extend.salary_rule_category024_construction" model="hr.salary.rule.category">
            <field name="name">Base Salary Group 0</field>
            <field name="code">BTPCATBASAL0</field>
            <field name="parent_id" ref="its_hr_payroll_extend.salary_rule_category025_construction"/>
            <field name="convention_id" ref="its_hr_convention.convention_construction"/>
        </record>

        <record id="its_hr_payroll_extend.salary_rule_category001_construction" model="hr.salary.rule.category">
            <field name="name">Seniority</field>
            <field name="code">BTPCATSENIOR</field>
            <field name="parent_id" ref="its_hr_payroll_extend.salary_rule_category024_construction"/>
            <field name="convention_id" ref="its_hr_convention.convention_construction"/>
        </record>

        <record id="its_hr_payroll_extend.salary_rule_category010_construction" model="hr.salary.rule.category">
            <field name="name">Leaves</field>
            <field name="code">BTPCATLEAVE</field>
            <field name="parent_id" ref="its_hr_payroll_extend.salary_rule_category024_construction"/>
            <field name="convention_id" ref="its_hr_convention.convention_construction"/>
        </record>

        <record id="its_hr_payroll_extend.salary_rule_category026_construction" model="hr.salary.rule.category">
            <field name="name">Base Salary Group 2</field>
            <field name="code">BTPCATBASAL2</field>
            <field name="parent_id" ref="its_hr_payroll_extend.salary_rule_category027_construction"/>
            <field name="convention_id" ref="its_hr_convention.convention_construction"/>
        </record>

        <record id="its_hr_payroll_extend.salary_rule_category021_construction" model="hr.salary.rule.category">
            <field name="name">Transport</field>
            <field name="code">BTPCATTRANS</field>
            <field name="parent_id" ref="its_hr_payroll_extend.salary_rule_category026_construction"/>
            <field name="convention_id" ref="its_hr_convention.convention_construction"/>
        </record>

        <record id="its_hr_payroll_extend.salary_rule_category042_construction" model="hr.salary.rule.category">
            <field name="name">Telephone and Internet Fee</field>
            <field name="code">BTPCATTELINTERN</field>
            <field name="parent_id" ref="its_hr_payroll_extend.salary_rule_category026_construction"/>
            <field name="convention_id" ref="its_hr_convention.convention_construction"/>
        </record>

        <record id="its_hr_payroll_extend.salary_rule_category031_construction" model="hr.salary.rule.category">
            <field name="name">Overtime</field>
            <field name="code">BTPCATOVER</field>
            <field name="parent_id" ref="its_hr_payroll_extend.salary_rule_category026_construction"/>
            <field name="convention_id" ref="its_hr_convention.convention_construction"/>
        </record>

        <record id="its_hr_payroll_extend.salary_rule_category040_construction" model="hr.salary.rule.category">
            <field name="name">Reference Salary</field>
            <field name="code">BTPCATREF1</field>
            <field name="parent_id" ref="its_hr_payroll_extend.salary_rule_category028_construction"/>
            <field name="convention_id" ref="its_hr_convention.convention_construction"/>
        </record>

        <record id="its_hr_payroll_extend.salary_rule_category046_construction" model="hr.salary.rule.category">
            <field name="name">Deduction</field>
            <field name="code">BTPCATDED</field>
            <field name="convention_id" ref="its_hr_convention.convention_construction"/>
        </record>

        <record id="its_hr_payroll_extend.salary_rule_category049_construction" model="hr.salary.rule.category">
            <field name="name">Retain</field>
            <field name="code">BTPCATRETAIN</field>
            <field name="parent_id" ref="its_hr_payroll_extend.salary_rule_category046_construction"/>
            <field name="convention_id" ref="its_hr_convention.convention_construction"/>
        </record>

        <record id="its_hr_payroll_extend.salary_rule_category032_construction" model="hr.salary.rule.category">
            <field name="name">Financing Housing Base</field>
            <field name="code">BTPCATFINHOU</field>
            <field name="parent_id" ref="its_hr_payroll_extend.salary_rule_category046_construction"/>
            <field name="convention_id" ref="its_hr_convention.convention_construction"/>
        </record>

        <record id="its_hr_payroll_extend.salary_rule_category033_construction" model="hr.salary.rule.category">
            <field name="name">IRPP</field>
            <field name="code">BTPCATIRPP</field>
            <field name="parent_id" ref="its_hr_payroll_extend.salary_rule_category046_construction"/>
            <field name="convention_id" ref="its_hr_convention.convention_construction"/>
        </record>

    </data>
</odoo>