<?xml version="1.0" encoding="utf-8"?>
<odoo>
    <data>

        <!-- Carriers, Freight and Transport auxiliaries Convention -->
        <record id="its_hr_payroll_extend.salary_rule_category000_carriers_freight" model="hr.salary.rule.category">
            <field name="name">Basic Salary</field>
            <field name="code">CAFCATBASIC</field>
            <field name="parent_id" eval="False"/>
            <field name="convention_id" ref="its_hr_convention.convention_carriers_freight"/>
        </record>

        <record id="its_hr_payroll_extend.salary_rule_category029_carriers_freight" model="hr.salary.rule.category">
            <field name="name">Contribution Salary</field>
            <field name="code">CAFCATCONT</field>
            <field name="parent_id" eval="False"/>
            <field name="convention_id" ref="its_hr_convention.convention_carriers_freight"/>
        </record>

        <record id="its_hr_payroll_extend.salary_rule_category044_carriers_freight" model="hr.salary.rule.category">
            <field name="name">Allowance</field>
            <field name="code">CAFCATALW</field>
            <field name="convention_id" ref="its_hr_convention.convention_carriers_freight"/>
        </record>

        <record id="its_hr_payroll_extend.salary_rule_category028_carriers_freight" model="hr.salary.rule.category">
            <field name="name">Gross Salary Dutiable</field>
            <field name="code">CAFCATGROSALD</field>
            <field name="parent_id" eval="False"/>
            <field name="convention_id" ref="its_hr_convention.convention_carriers_freight"/>
        </record>

        <record id="its_hr_payroll_extend.salary_rule_category028_carriers_freight_1" model="hr.salary.rule.category">
            <field name="name">Gross Salary Dutiable</field>
            <field name="code">CAFCATGROSALD1</field>
            <field name="parent_id" eval="False"/>
            <field name="convention_id" ref="its_hr_convention.convention_carriers_freight"/>
        </record>

        <record id="its_hr_payroll_extend.salary_rule_category030_carriers_freight" model="hr.salary.rule.category">
            <field name="name">Contribution Salary Capped</field>
            <field name="code">CAFCATCONTCAPPED</field>
            <field name="parent_id" eval="False"/>
            <field name="convention_id" ref="its_hr_convention.convention_carriers_freight"/>
        </record>

        <record id="its_hr_payroll_extend.salary_rule_category045_carriers_freight" model="hr.salary.rule.category">
            <field name="name">Gross Salary</field>
            <field name="code">CAFCATGROSAL</field>
            <field name="parent_id" eval="False"/>
            <field name="convention_id" ref="its_hr_convention.convention_carriers_freight"/>
        </record>

        <record id="its_hr_payroll_extend.salary_rule_category047_carriers_freight" model="hr.salary.rule.category">
            <field name="name">Net</field>
            <field name="code">CAFCATNET</field>
            <field name="convention_id" ref="its_hr_convention.convention_carriers_freight"/>
        </record>

        <record id="its_hr_payroll_extend.salary_rule_category048_carriers_freight" model="hr.salary.rule.category">
            <field name="name">Company Contribution</field>
            <field name="code">CAFCATCAFP</field>
            <field name="convention_id" ref="its_hr_convention.convention_carriers_freight"/>
        </record>

        <record id="its_hr_payroll_extend.salary_rule_category043_carriers_freight" model="hr.salary.rule.category">
            <field name="name">Deduction</field>
            <field name="code">CAFCATDED1</field>
            <field name="convention_id" ref="its_hr_convention.convention_carriers_freight"/>
        </record>

        <record id="its_hr_payroll_extend.salary_rule_category002_carriers_freight" model="hr.salary.rule.category">
            <field name="name">Responsibility</field>
            <field name="code">CAFCATRESPON</field>
            <field name="parent_id" ref="its_hr_payroll_extend.salary_rule_category044_carriers_freight"/>
            <field name="convention_id" ref="its_hr_convention.convention_carriers_freight"/>
        </record>

        <record id="its_hr_payroll_extend.salary_rule_category003_carriers_freight" model="hr.salary.rule.category">
            <field name="name">Dirty</field>
            <field name="code">CAFCATDIRTY</field>
            <field name="parent_id" ref="its_hr_payroll_extend.salary_rule_category044_carriers_freight"/>
            <field name="convention_id" ref="its_hr_convention.convention_carriers_freight"/>
        </record>

        <record id="its_hr_payroll_extend.salary_rule_category004_carriers_freight" model="hr.salary.rule.category">
            <field name="name">Basket</field>
            <field name="code">CAFCATBASK</field>
            <field name="parent_id" ref="its_hr_payroll_extend.salary_rule_category044_carriers_freight"/>
            <field name="convention_id" ref="its_hr_convention.convention_carriers_freight"/>
        </record>

        <record id="its_hr_payroll_extend.salary_rule_category005_carriers_freight" model="hr.salary.rule.category">
            <field name="name">Technicality</field>
            <field name="code">CAFCATTECHN</field>
            <field name="parent_id" ref="its_hr_payroll_extend.salary_rule_category044_carriers_freight"/>
            <field name="convention_id" ref="its_hr_convention.convention_carriers_freight"/>
        </record>

        <record id="its_hr_payroll_extend.salary_rule_category006_carriers_freight" model="hr.salary.rule.category">
            <field name="name">Cashier</field>
            <field name="code">CAFCATCASH</field>
            <field name="parent_id" ref="its_hr_payroll_extend.salary_rule_category044_carriers_freight"/>
            <field name="convention_id" ref="its_hr_convention.convention_carriers_freight"/>
        </record>

        <record id="its_hr_payroll_extend.salary_rule_category007_carriers_freight" model="hr.salary.rule.category">
            <field name="name">Warehouse</field>
            <field name="code">CAFCATWARE</field>
            <field name="parent_id" ref="its_hr_payroll_extend.salary_rule_category044_carriers_freight"/>
            <field name="convention_id" ref="its_hr_convention.convention_carriers_freight"/>
        </record>

        <record id="its_hr_payroll_extend.salary_rule_category008_carriers_freight" model="hr.salary.rule.category">
            <field name="name">Assiduity</field>
            <field name="code">CAFCATASSID</field>
            <field name="parent_id" ref="its_hr_payroll_extend.salary_rule_category044_carriers_freight"/>
            <field name="convention_id" ref="its_hr_convention.convention_carriers_freight"/>
        </record>

        <record id="its_hr_payroll_extend.salary_rule_category009_carriers_freight" model="hr.salary.rule.category">
            <field name="name">Subjection/Management</field>
            <field name="code">CAFCATSUBJMANAG</field>
            <field name="parent_id" ref="its_hr_payroll_extend.salary_rule_category044_carriers_freight"/>
            <field name="convention_id" ref="its_hr_convention.convention_carriers_freight"/>
        </record>

        <record id="its_hr_payroll_extend.salary_rule_category011_carriers_freight" model="hr.salary.rule.category">
            <field name="name">Representation</field>
            <field name="code">CAFCATREPRES</field>
            <field name="parent_id" ref="its_hr_payroll_extend.salary_rule_category044_carriers_freight"/>
            <field name="convention_id" ref="its_hr_convention.convention_carriers_freight"/>
        </record>

        <record id="its_hr_payroll_extend.salary_rule_category012_carriers_freight" model="hr.salary.rule.category">
            <field name="name">Results</field>
            <field name="code">CAFCATRESULT</field>
            <field name="parent_id" ref="its_hr_payroll_extend.salary_rule_category044_carriers_freight"/>
            <field name="convention_id" ref="its_hr_convention.convention_carriers_freight"/>
        </record>

        <record id="its_hr_payroll_extend.salary_rule_category013_carriers_freight" model="hr.salary.rule.category">
            <field name="name">Tools and safety</field>
            <field name="code">CAFCATTOOLSAF</field>
            <field name="parent_id" ref="its_hr_payroll_extend.salary_rule_category044_carriers_freight"/>
            <field name="convention_id" ref="its_hr_convention.convention_carriers_freight"/>
        </record>

        <record id="its_hr_payroll_extend.salary_rule_category014_carriers_freight" model="hr.salary.rule.category">
            <field name="name">Death</field>
            <field name="code">CAFCATDEATH</field>
            <field name="parent_id" ref="its_hr_payroll_extend.salary_rule_category044_carriers_freight"/>
            <field name="convention_id" ref="its_hr_convention.convention_carriers_freight"/>
        </record>

        <record id="its_hr_payroll_extend.salary_rule_category015_carriers_freight" model="hr.salary.rule.category">
            <field name="name">Reconversion</field>
            <field name="code">CAFCATRECONV</field>
            <field name="parent_id" ref="its_hr_payroll_extend.salary_rule_category044_carriers_freight"/>
            <field name="convention_id" ref="its_hr_convention.convention_carriers_freight"/>
        </record>

        <record id="its_hr_payroll_extend.salary_rule_category016_carriers_freight" model="hr.salary.rule.category">
            <field name="name">Travel</field>
            <field name="code">CAFCATTRAVEL</field>
            <field name="parent_id" ref="its_hr_payroll_extend.salary_rule_category044_carriers_freight"/>
            <field name="convention_id" ref="its_hr_convention.convention_carriers_freight"/>
        </record>

        <record id="its_hr_payroll_extend.salary_rule_category017_carriers_freight" model="hr.salary.rule.category">
            <field name="name">End of career</field>
            <field name="code">CAFCATCAREER</field>
            <field name="parent_id" ref="its_hr_payroll_extend.salary_rule_category044_carriers_freight"/>
            <field name="convention_id" ref="its_hr_convention.convention_carriers_freight"/>
        </record>

        <record id="its_hr_payroll_extend.salary_rule_category018_carriers_freight" model="hr.salary.rule.category">
            <field name="name">Dismissal</field>
            <field name="code">CAFCATDISM</field>
            <field name="parent_id" ref="its_hr_payroll_extend.salary_rule_category044_carriers_freight"/>
            <field name="convention_id" ref="its_hr_convention.convention_carriers_freight"/>
        </record>

        <record id="its_hr_payroll_extend.salary_rule_category019_carriers_freight" model="hr.salary.rule.category">
            <field name="name">Gratification</field>
            <field name="code">CAFCATGRATIF</field>
            <field name="parent_id" ref="its_hr_payroll_extend.salary_rule_category044_carriers_freight"/>
            <field name="convention_id" ref="its_hr_convention.convention_carriers_freight"/>
        </record>

        <record id="its_hr_payroll_extend.salary_rule_category041_carriers_freight" model="hr.salary.rule.category">
            <field name="name">Gratification Medal</field>
            <field name="code">CAFCATGRATIFMEDAL</field>
            <field name="parent_id" ref="its_hr_payroll_extend.salary_rule_category029_carriers_freight"/>
            <field name="convention_id" ref="its_hr_convention.convention_carriers_freight"/>
        </record>

        <record id="its_hr_payroll_extend.salary_rule_category020_carriers_freight" model="hr.salary.rule.category">
            <field name="name">Canteen</field>
            <field name="code">CAFCATCANTEEN</field>
            <field name="parent_id" ref="its_hr_payroll_extend.salary_rule_category044_carriers_freight"/>
            <field name="convention_id" ref="its_hr_convention.convention_carriers_freight"/>
        </record>

        <record id="its_hr_payroll_extend.salary_rule_category022_carriers_freight" model="hr.salary.rule.category">
            <field name="name">Indemnities</field>
            <field name="code">CAFCATINDEMN</field>
            <field name="parent_id" ref="its_hr_payroll_extend.salary_rule_category029_carriers_freight"/>
            <field name="convention_id" ref="its_hr_convention.convention_carriers_freight"/>
        </record>

        <record id="its_hr_payroll_extend.salary_rule_category034_carriers_freight" model="hr.salary.rule.category">
            <field name="name">Housing Indemnities</field>
            <field name="code">CAFCATHOUSINDEMN</field>
            <field name="parent_id" ref="its_hr_payroll_extend.salary_rule_category022_carriers_freight"/>
            <field name="convention_id" ref="its_hr_convention.convention_carriers_freight"/>
        </record>

        <record id="its_hr_payroll_extend.salary_rule_category035_carriers_freight" model="hr.salary.rule.category">
            <field name="name">Vehicle Indemnities</field>
            <field name="code">CAFCATVEHINDEMN</field>
            <field name="parent_id" ref="its_hr_payroll_extend.salary_rule_category022_carriers_freight"/>
            <field name="convention_id" ref="its_hr_convention.convention_carriers_freight"/>
        </record>

        <record id="its_hr_payroll_extend.salary_rule_category036_carriers_freight" model="hr.salary.rule.category">
            <field name="name">Electricity Indemnities</field>
            <field name="code">CAFCATELECTINDEMN</field>
            <field name="parent_id" ref="its_hr_payroll_extend.salary_rule_category022_carriers_freight"/>
            <field name="convention_id" ref="its_hr_convention.convention_carriers_freight"/>
        </record>

        <record id="its_hr_payroll_extend.salary_rule_category037_carriers_freight" model="hr.salary.rule.category">
            <field name="name">Water Indemnities</field>
            <field name="code">CAFCATWATERINDEMN</field>
            <field name="parent_id" ref="its_hr_payroll_extend.salary_rule_category022_carriers_freight"/>
            <field name="convention_id" ref="its_hr_convention.convention_carriers_freight"/>
        </record>

        <record id="its_hr_payroll_extend.salary_rule_category038_carriers_freight" model="hr.salary.rule.category">
            <field name="name">Maid Indemnities</field>
            <field name="code">CAFCATMAIDINDEMN</field>
            <field name="parent_id" ref="its_hr_payroll_extend.salary_rule_category022_carriers_freight"/>
            <field name="convention_id" ref="its_hr_convention.convention_carriers_freight"/>
        </record>

        <record id="its_hr_payroll_extend.salary_rule_category039_carriers_freight" model="hr.salary.rule.category">
            <field name="name">Food Indemnities</field>
            <field name="code">CAFCATFOODINDEMN</field>
            <field name="parent_id" ref="its_hr_payroll_extend.salary_rule_category022_carriers_freight"/>
            <field name="convention_id" ref="its_hr_convention.convention_carriers_freight"/>
        </record>

        <record id="its_hr_payroll_extend.salary_rule_category023_carriers_freight" model="hr.salary.rule.category">
            <field name="name">Tax Indemnities</field>
            <field name="code">CAFCATTAXINDEMN</field>
            <field name="parent_id" ref="its_hr_payroll_extend.salary_rule_category028_carriers_freight"/>
            <field name="convention_id" ref="its_hr_convention.convention_carriers_freight"/>
        </record>

        <record id="its_hr_payroll_extend.salary_rule_category027_carriers_freight" model="hr.salary.rule.category">
            <field name="name">Reference Salary</field>
            <field name="code">CAFCATREF</field>
            <field name="parent_id" ref="its_hr_payroll_extend.salary_rule_category029_carriers_freight"/>
            <field name="convention_id" ref="its_hr_convention.convention_carriers_freight"/>
        </record>

        <record id="its_hr_payroll_extend.salary_rule_category025_carriers_freight" model="hr.salary.rule.category">
            <field name="name">Base Salary Group 1</field>
            <field name="code">CAFCATBASAL1</field>
            <field name="parent_id" ref="its_hr_payroll_extend.salary_rule_category027_carriers_freight"/>
            <field name="convention_id" ref="its_hr_convention.convention_carriers_freight"/>
        </record>

        <record id="its_hr_payroll_extend.salary_rule_category024_carriers_freight" model="hr.salary.rule.category">
            <field name="name">Base Salary Group 0</field>
            <field name="code">CAFCATBASAL0</field>
            <field name="parent_id" ref="its_hr_payroll_extend.salary_rule_category025_carriers_freight"/>
            <field name="convention_id" ref="its_hr_convention.convention_carriers_freight"/>
        </record>

        <record id="its_hr_payroll_extend.salary_rule_category001_carriers_freight" model="hr.salary.rule.category">
            <field name="name">Seniority</field>
            <field name="code">CAFCATSENIOR</field>
            <field name="parent_id" ref="its_hr_payroll_extend.salary_rule_category024_carriers_freight"/>
            <field name="convention_id" ref="its_hr_convention.convention_carriers_freight"/>
        </record>

        <record id="its_hr_payroll_extend.salary_rule_category010_carriers_freight" model="hr.salary.rule.category">
            <field name="name">Leaves</field>
            <field name="code">CAFCATLEAVE</field>
            <field name="parent_id" ref="its_hr_payroll_extend.salary_rule_category024_carriers_freight"/>
            <field name="convention_id" ref="its_hr_convention.convention_carriers_freight"/>
        </record>

        <record id="its_hr_payroll_extend.salary_rule_category026_carriers_freight" model="hr.salary.rule.category">
            <field name="name">Base Salary Group 2</field>
            <field name="code">CAFCATBASAL2</field>
            <field name="parent_id" ref="its_hr_payroll_extend.salary_rule_category027_carriers_freight"/>
            <field name="convention_id" ref="its_hr_convention.convention_carriers_freight"/>
        </record>

        <record id="its_hr_payroll_extend.salary_rule_category021_carriers_freight" model="hr.salary.rule.category">
            <field name="name">Transport</field>
            <field name="code">CAFCATTRANS</field>
            <field name="parent_id" ref="its_hr_payroll_extend.salary_rule_category026_carriers_freight"/>
            <field name="convention_id" ref="its_hr_convention.convention_carriers_freight"/>
        </record>

        <record id="its_hr_payroll_extend.salary_rule_category042_carriers_freight" model="hr.salary.rule.category">
            <field name="name">Telephone and Internet Fee</field>
            <field name="code">CAFCATTELINTERN</field>
            <field name="parent_id" ref="its_hr_payroll_extend.salary_rule_category026_carriers_freight"/>
            <field name="convention_id" ref="its_hr_convention.convention_carriers_freight"/>
        </record>

        <record id="its_hr_payroll_extend.salary_rule_category031_carriers_freight" model="hr.salary.rule.category">
            <field name="name">Overtime</field>
            <field name="code">CAFCATOVER</field>
            <field name="parent_id" ref="its_hr_payroll_extend.salary_rule_category026_carriers_freight"/>
            <field name="convention_id" ref="its_hr_convention.convention_carriers_freight"/>
        </record>

        <record id="its_hr_payroll_extend.salary_rule_category040_carriers_freight" model="hr.salary.rule.category">
            <field name="name">Reference Salary</field>
            <field name="code">CAFCATREF1</field>
            <field name="parent_id" ref="its_hr_payroll_extend.salary_rule_category028_carriers_freight"/>
            <field name="convention_id" ref="its_hr_convention.convention_carriers_freight"/>
        </record>

        <record id="its_hr_payroll_extend.salary_rule_category046_carriers_freight" model="hr.salary.rule.category">
            <field name="name">Deduction</field>
            <field name="code">CAFCATDED</field>
            <field name="convention_id" ref="its_hr_convention.convention_carriers_freight"/>
        </record>

        <record id="its_hr_payroll_extend.salary_rule_category049_carriers_freight" model="hr.salary.rule.category">
            <field name="name">Reatin</field>
            <field name="code">CAFCATRETAIN</field>
            <field name="parent_id" ref="its_hr_payroll_extend.salary_rule_category046_carriers_freight"/>
            <field name="convention_id" ref="its_hr_convention.convention_carriers_freight"/>
        </record>

        <record id="its_hr_payroll_extend.salary_rule_category032_carriers_freight" model="hr.salary.rule.category">
            <field name="name">Financing Housing Base</field>
            <field name="code">CAFCATFINHOU</field>
            <field name="parent_id" ref="its_hr_payroll_extend.salary_rule_category046_carriers_freight"/>
            <field name="convention_id" ref="its_hr_convention.convention_carriers_freight"/>
        </record>

        <record id="its_hr_payroll_extend.salary_rule_category033_carriers_freight" model="hr.salary.rule.category">
            <field name="name">IRPP</field>
            <field name="code">CAFCATIRPP</field>
            <field name="parent_id" ref="its_hr_payroll_extend.salary_rule_category046_carriers_freight"/>
            <field name="convention_id" ref="its_hr_convention.convention_carriers_freight"/>
        </record>

    </data>
</odoo>