<?xml version="1.0" encoding="utf-8"?>
<odoo>
    <record id="employee_manager_admin_user" model="ir.rule">
        <field name="name">Employee Admin User</field>
        <field name="model_id" ref="model_hr_grievance" />
        <field name="perm_read" eval="1" />
        <field name="perm_write" eval="1" />
        <field name="perm_create" eval="1" />
        <field name="perm_unlink" eval="1" />
        <field name="domain_force">[]</field>
        <field name="groups" eval="[(4, ref('base.group_system'))]" />
    </record>
    <record id="employee_admin_user" model="ir.rule">
        <field name="name">Employee Admin</field>
        <field name="model_id" ref="model_hr_grievance" />
        <field name="perm_read" eval="1" />
        <field name="perm_write" eval="1" />
        <field name="perm_create" eval="1" />
        <field name="perm_unlink" eval="1" />
        <field name="domain_force"> [('employee_id.user_id','=',user.id)]</field>
        <field name="groups" eval="[(4, ref('base.group_user'))]" />
    </record>
    <record id="employee_manager_user" model="ir.rule">
        <field name="name">Employee Manager</field>
        <field name="model_id" ref="model_hr_grievance" />
        <field name="perm_read" eval="1" />
        <field name="perm_write" eval="1" />
        <field name="perm_create" eval="1" />
        <field name="perm_unlink" eval="1" />
        <field name="domain_force">['|',('employee_id.user_id','=',user.id),('employee_id.parent_id.user_id','=',user.id)]</field>
        <field name="groups" eval="[(4, ref('hr.group_hr_manager'))]" />
    </record>
    <record id="employee_record_user" model="ir.rule">
        <field name="name">Employee User</field>
        <field name="model_id" ref="model_hr_grievance" />
        <field name="perm_read" eval="1" />
        <field name="perm_write" eval="1" />
        <field name="perm_create" eval="1" />
        <field name="perm_unlink" eval="1" />
        <field name="domain_force">['|',('employee_id.user_id','=',user.id),('employee_id.coach_id.user_id','=',user.id)]</field>
        <field name="groups" eval="[(4, ref('hr.group_hr_user'))]" />
    </record>
    <!-- Groups -->
    <record model="ir.module.category" id="module_hr_grievance">
        <field name="name">Hr</field>
        <field name="description">Employee Grievance</field>
        <field name="sequence">1</field>
    </record>
    <record id='hr_grievance.internal_user' model="res.groups">
        <field name="name">Internal User</field>
        <field name="category_id" ref="module_hr_grievance" />
    </record>
    <record id='hr_grievance.employee_manager' model="res.groups">
        <field name="name">Manager</field>
        <field name="category_id" ref="module_hr_grievance" />
    </record>
    <record id='hr_grievance.employee_officer' model="res.groups">
        <field name="name">Officer</field>
        <field name="category_id" ref="module_hr_grievance" />
    </record>
</odoo>