id,name,model_id:id,group_id:id,perm_read,perm_write,perm_create,perm_unlink
access_training_training_hremp,Training HR Employee,model_training_training,base.group_user,1,1,1,0
access_course_schedule_hremp,Training HR Employee,model_course_schedule,base.group_user,1,1,1,0
access_partner_trainer_hremp,Training HR Employee,model_partner_trainer,base.group_user,1,1,1,0
access_course_training_hremp,Training HR Employee,model_course_training,base.group_user,1,1,1,0
access_hr_hremp,HR Employee,model_hr_employee,training_employee,1,0,0,0
access_training_training_employee,Training Employee,model_training_training,training_employee,1,1,1,0
access_course_schedule_employee,Training Employee,model_course_schedule,training_employee,1,1,1,0
access_partner_trainer_employee,Training Employee,model_partner_trainer,training_employee,1,1,1,0
access_course_training_employee,Training Employee,model_course_training,training_employee,1,1,1,0
access_training_training_officer,Training Officer,model_training_training,training_officer,1,1,1,0
access_course_schedule_officer,Training Officer,model_course_schedule,training_officer,1,1,1,0
access_partner_trainer_officer,Training Officer,model_partner_trainer,training_officer,1,1,1,0
access_course_training_officer,Training Officer,model_course_training,training_officer,1,1,1,0
access_training_training_manager,Training Manager,model_training_training,training_manager,1,1,1,1
access_course_schedule_manager,Training Manager,model_course_schedule,training_manager,1,1,1,1
access_partner_trainer_manager,Training Manager,model_partner_trainer,training_manager,1,1,1,1
access_course_training_manager,Training Manager,model_course_training,training_manager,1,1,1,1
access_training_request_manager,Training Manager,model_training_request,training_manager,1,1,1,1
access_training_request_officer,Training Officer,model_training_request,training_officer,1,1,1,0
