<?xml version="1.0" ?>
<odoo>
    <data noupdate="1">

        <record id="reminder_contract_cron" model="ir.cron">
            <field name="name">Expired Contract Of An Employee</field>
            <field name="active" eval="True"/>
            <field name="user_id" ref="base.user_root"/>
            <field name="interval_number">1</field>
            <field name="interval_type">days</field>
            <field name="numbercall">-1</field>
            <field name="nextcall" eval="datetime.now(pytz.timezone('UTC')).strftime('%Y-%m-%d 05:00:00')" />
            <field eval="True" name="doall"/>
            <field name="priority">5</field>
            <field name="model_id" ref="hr_contract.model_hr_contract"/>
            <field name="state">code</field>
            <field name="code">model.mail_for_expired_contract()</field>
        </record>

        <record id="reminder_contract_cron_status" model="ir.cron">
            <field name="name">Contracts status</field>
            <field name="active" eval="True"/>
            <field name="user_id" ref="base.user_root"/>
            <field name="interval_number">1</field>
            <field name="interval_type">days</field>
            <field name="numbercall">-1</field>
            <field name="nextcall" eval="datetime.now(pytz.timezone('UTC')).strftime('%Y-%m-%d 05:00:00')" />
            <field eval="True" name="doall"/>
            <field name="priority">5</field>
            <field name="model_id" ref="model_hr_reminder_contract_wizard"/>
            <field name="state">code</field>
            <field name="code">model.sending_mail_for_contract_not_in_progress()</field>
        </record>

    </data>
</odoo>