<?xml version="1.0" encoding="utf-8"?>
<odoo>
    <data noupdate="0">

        <record id="notification_expired_contract" model="mail.template">
            <field name="name">Reminder: Contract Expired</field>
            <field name="model_id" ref="hr_contract.model_hr_contract"/>
            <field name="email_from">${user.email|safe}</field>
            <field name="email_to">${object.employee_id.work_email|safe}</field>
            <field name="subject"><![CDATA[${object.company_id.name} : CONTRACT EXPIRED]]></field>
            <field name="body_html">
                <![CDATA[
                    <div style="padding:0px;width:600px;margin:auto;background: #FFFFFF repeat top /100%;color:#777777">
                        <p>Dear ${object.employee_id.name},</p>

                        <strong>Your contract has expired.</strong>

                        <p>Best regards !</p>
                    </div>
                ]]>
            </field>
        </record>

        <record id="notification_email_contract_not_in_progress" model="mail.template">
            <field name="name">Reminder: Contracts</field>
            <field name="model_id" ref="its_hr_contract_extend.model_hr_reminder_contract_template"/>
            <field name="email_from">${user.email|safe}</field>
            <field name="email_to">${object.company_id.email|safe}</field>
            <field name="subject">CONTRACTS</field>
            <field name="report_template" ref="its_hr_contract_extend.renew_contract_report"/>
            <field name="report_name">Contracts_${(object.name)}_Details</field>
            <field name="body_html">
                <![CDATA[
                    <div style="padding:0px;width:600px;margin:auto;background: #FFFFFF repeat top /100%;color:#777777">

                        % if object.renew_ids:
                            <h1>Contracts to be renewed</h1>
                            <table>
                                <tr>
                                    <td>
                                        Contract
                                    </td>
                                    <td>
                                        Employee
                                    </td>
                                </tr>
                                % for renew in object.renew_ids:
                                    <tr>
                                        <td>
                                            <strong>${renew.name}</strong>
                                        </td>
                                        <td>
                                            <span>${renew.employee_id.name}</span>
                                        </td>
                                    </tr>
                                % endfor
                            </table>
                        % endif

                        % if object.expire_ids:
                            <h1>Contracts expired</h1>
                            <table>
                                <tr>
                                    <td>
                                        Contract
                                    </td>
                                    <td>
                                        Employee
                                    </td>
                                </tr>
                                % for expire in object.expire_ids:
                                    <tr>
                                        <td>
                                            <strong>${expire.name}</strong>
                                        </td>
                                        <td>
                                            <span>${expire.employee_id.name}</span>
                                        </td>
                                    </tr>
                                % endfor
                            </table>
                        % endif

                        <p>Best regards !</p>
                    </div>
                ]]>
            </field>
            <field name="user_signature" eval="False"/>
        </record>

    </data>
</odoo>
